Dato,NO2-pris
1/1/19 0:00,"48,77"
1/1/19 1:00,"49,25"
1/1/19 2:00,"49,17"
1/1/19 3:00,"48,37"
1/1/19 4:00,"47,19"
1/1/19 5:00,"47,37"
1/1/19 6:00,"48,16"
1/1/19 7:00,"49,09"
1/1/19 8:00,"47,63"
1/1/19 9:00,"47,99"
1/1/19 10:00,"49,2"
1/1/19 11:00,"49,39"
1/1/19 12:00,"49,2"
1/1/19 13:00,"49,13"
1/1/19 14:00,"48,33"
1/1/19 15:00,"48,45"
1/1/19 16:00,"48,98"
1/1/19 17:00,"49,45"
1/1/19 18:00,"48,89"
1/1/19 19:00,"48,91"
1/1/19 20:00,"49,31"
1/1/19 21:00,"49,1"
1/1/19 22:00,"49,42"
1/1/19 23:00,"49,12"
1/2/19 0:00,"49,16"
1/2/19 1:00,"48,14"
1/2/19 2:00,"48,14"
1/2/19 3:00,"47,24"
1/2/19 4:00,"47,53"
1/2/19 5:00,"47,98"
1/2/19 6:00,"49,44"
1/2/19 7:00,"50,11"
1/2/19 8:00,"50,74"
1/2/19 9:00,"50,74"
1/2/19 10:00,"50,69"
1/2/19 11:00,"50,27"
1/2/19 12:00,"49,94"
1/2/19 13:00,"50,11"
1/2/19 14:00,"50,93"
1/2/19 15:00,"52,38"
1/2/19 16:00,"54,67"
1/2/19 17:00,"55,58"
1/2/19 18:00,"55,39"
1/2/19 19:00,"54,9"
1/2/19 20:00,"53,86"
1/2/19 21:00,"52,71"
1/2/19 22:00,"52,09"
1/2/19 23:00,"50,76"
1/3/19 0:00,"50,03"
1/3/19 1:00,"48,89"
1/3/19 2:00,"48,31"
1/3/19 3:00,"48,4"
1/3/19 4:00,"48,79"
1/3/19 5:00,"49,61"
1/3/19 6:00,"51,17"
1/3/19 7:00,"53,91"
1/3/19 8:00,"58,86"
1/3/19 9:00,"59,14"
1/3/19 10:00,"58,19"
1/3/19 11:00,"61,47"
1/3/19 12:00,62
1/3/19 13:00,"63,12"
1/3/19 14:00,"63,67"
1/3/19 15:00,"66,13"
1/3/19 16:00,"68,41"
1/3/19 17:00,"69,55"
1/3/19 18:00,"65,67"
1/3/19 19:00,"61,51"
1/3/19 20:00,"56,04"
1/3/19 21:00,"54,44"
1/3/19 22:00,"52,09"
1/3/19 23:00,"49,98"
1/4/19 0:00,"49,98"
1/4/19 1:00,"48,67"
1/4/19 2:00,"47,71"
1/4/19 3:00,"47,64"
1/4/19 4:00,"47,43"
1/4/19 5:00,"48,58"
1/4/19 6:00,"50,87"
1/4/19 7:00,"52,32"
1/4/19 8:00,"54,44"
1/4/19 9:00,"54,18"
1/4/19 10:00,"53,9"
1/4/19 11:00,"53,01"
1/4/19 12:00,"51,74"
1/4/19 13:00,"51,6"
1/4/19 14:00,"51,41"
1/4/19 15:00,"51,69"
1/4/19 16:00,"52,59"
1/4/19 17:00,"53,34"
1/4/19 18:00,"52,81"
1/4/19 19:00,"51,79"
1/4/19 20:00,"51,04"
1/4/19 21:00,"50,45"
1/4/19 22:00,"49,79"
1/4/19 23:00,"49,02"
1/5/19 0:00,"48,42"
1/5/19 1:00,"47,52"
1/5/19 2:00,"47,19"
1/5/19 3:00,47
1/5/19 4:00,"47,01"
1/5/19 5:00,"47,33"
1/5/19 6:00,"47,59"
1/5/19 7:00,"48,22"
1/5/19 8:00,"49,99"
1/5/19 9:00,"50,73"
1/5/19 10:00,"50,93"
1/5/19 11:00,"51,02"
1/5/19 12:00,"51,36"
1/5/19 13:00,"51,74"
1/5/19 14:00,"51,92"
1/5/19 15:00,"53,22"
1/5/19 16:00,"55,26"
1/5/19 17:00,"55,87"
1/5/19 18:00,"55,26"
1/5/19 19:00,"53,8"
1/5/19 20:00,"52,75"
1/5/19 21:00,"51,9"
1/5/19 22:00,"51,13"
1/5/19 23:00,"50,21"
1/6/19 0:00,"50,29"
1/6/19 1:00,"49,03"
1/6/19 2:00,"48,81"
1/6/19 3:00,"48,66"
1/6/19 4:00,"47,82"
1/6/19 5:00,"48,72"
1/6/19 6:00,"49,38"
1/6/19 7:00,"49,65"
1/6/19 8:00,"50,44"
1/6/19 9:00,"51,68"
1/6/19 10:00,"52,35"
1/6/19 11:00,"52,77"
1/6/19 12:00,"52,86"
1/6/19 13:00,"52,44"
1/6/19 14:00,"51,52"
1/6/19 15:00,"51,57"
1/6/19 16:00,"53,28"
1/6/19 17:00,"55,25"
1/6/19 18:00,"54,25"
1/6/19 19:00,"52,9"
1/6/19 20:00,"51,95"
1/6/19 21:00,"51,57"
1/6/19 22:00,"50,71"
1/6/19 23:00,"50,23"
1/7/19 0:00,"48,62"
1/7/19 1:00,"48,14"
1/7/19 2:00,"48,16"
1/7/19 3:00,"47,63"
1/7/19 4:00,"48,09"
1/7/19 5:00,"49,98"
1/7/19 6:00,"52,74"
1/7/19 7:00,"56,79"
1/7/19 8:00,"57,94"
1/7/19 9:00,"56,9"
1/7/19 10:00,"56,28"
1/7/19 11:00,"55,56"
1/7/19 12:00,"55,14"
1/7/19 13:00,"54,16"
1/7/19 14:00,"53,73"
1/7/19 15:00,"53,25"
1/7/19 16:00,"53,26"
1/7/19 17:00,"52,41"
1/7/19 18:00,"51,2"
1/7/19 19:00,"50,72"
1/7/19 20:00,"50,6"
1/7/19 21:00,"50,03"
1/7/19 22:00,"49,11"
1/7/19 23:00,"47,95"
1/8/19 0:00,"47,37"
1/8/19 1:00,"47,07"
1/8/19 2:00,"46,3"
1/8/19 3:00,"46,28"
1/8/19 4:00,"46,7"
1/8/19 5:00,"47,86"
1/8/19 6:00,"50,08"
1/8/19 7:00,"51,31"
1/8/19 8:00,"51,7"
1/8/19 9:00,"51,48"
1/8/19 10:00,"51,48"
1/8/19 11:00,"51,21"
1/8/19 12:00,"50,88"
1/8/19 13:00,"50,63"
1/8/19 14:00,"50,7"
1/8/19 15:00,"50,69"
1/8/19 16:00,"51,15"
1/8/19 17:00,"51,05"
1/8/19 18:00,"50,62"
1/8/19 19:00,"49,98"
1/8/19 20:00,"49,71"
1/8/19 21:00,"49,49"
1/8/19 22:00,"49,03"
1/8/19 23:00,"48,27"
1/9/19 0:00,"46,92"
1/9/19 1:00,"46,74"
1/9/19 2:00,"46,54"
1/9/19 3:00,"46,48"
1/9/19 4:00,"46,37"
1/9/19 5:00,"48,03"
1/9/19 6:00,"49,46"
1/9/19 7:00,"50,74"
1/9/19 8:00,"50,98"
1/9/19 9:00,"50,94"
1/9/19 10:00,"51,02"
1/9/19 11:00,"50,96"
1/9/19 12:00,"50,76"
1/9/19 13:00,"50,69"
1/9/19 14:00,"50,88"
1/9/19 15:00,"51,42"
1/9/19 16:00,"53,69"
1/9/19 17:00,"54,59"
1/9/19 18:00,"54,19"
1/9/19 19:00,"54,19"
1/9/19 20:00,"52,98"
1/9/19 21:00,"51,68"
1/9/19 22:00,"50,96"
1/9/19 23:00,"49,96"
1/10/19 0:00,"50,51"
1/10/19 1:00,"49,98"
1/10/19 2:00,"49,55"
1/10/19 3:00,"49,98"
1/10/19 4:00,"49,94"
1/10/19 5:00,"51,9"
1/10/19 6:00,"56,61"
1/10/19 7:00,"70,86"
1/10/19 8:00,"79,23"
1/10/19 9:00,"79,17"
1/10/19 10:00,"78,55"
1/10/19 11:00,"77,44"
1/10/19 12:00,"69,66"
1/10/19 13:00,"63,61"
1/10/19 14:00,"59,94"
1/10/19 15:00,"59,01"
1/10/19 16:00,"59,57"
1/10/19 17:00,"59,21"
1/10/19 18:00,"56,38"
1/10/19 19:00,"54,28"
1/10/19 20:00,"52,78"
1/10/19 21:00,"52,01"
1/10/19 22:00,"50,48"
1/10/19 23:00,"49,44"
1/11/19 0:00,"47,84"
1/11/19 1:00,"46,58"
1/11/19 2:00,"46,93"
1/11/19 3:00,"47,48"
1/11/19 4:00,"46,49"
1/11/19 5:00,"47,69"
1/11/19 6:00,"50,06"
1/11/19 7:00,"53,03"
1/11/19 8:00,"54,25"
1/11/19 9:00,"53,69"
1/11/19 10:00,"53,63"
1/11/19 11:00,"53,32"
1/11/19 12:00,"51,89"
1/11/19 13:00,"50,8"
1/11/19 14:00,"49,33"
1/11/19 15:00,"49,07"
1/11/19 16:00,"49,54"
1/11/19 17:00,"51,51"
1/11/19 18:00,"50,44"
1/11/19 19:00,"49,64"
1/11/19 20:00,"49,53"
1/11/19 21:00,"48,93"
1/11/19 22:00,"47,99"
1/11/19 23:00,"47,4"
1/12/19 0:00,"48,35"
1/12/19 1:00,"48,02"
1/12/19 2:00,"48,09"
1/12/19 3:00,"47,67"
1/12/19 4:00,"47,8"
1/12/19 5:00,"47,57"
1/12/19 6:00,"47,7"
1/12/19 7:00,"48,52"
1/12/19 8:00,"48,74"
1/12/19 9:00,"49,91"
1/12/19 10:00,"50,3"
1/12/19 11:00,"50,32"
1/12/19 12:00,"50,32"
1/12/19 13:00,"49,95"
1/12/19 14:00,"50,09"
1/12/19 15:00,"50,82"
1/12/19 16:00,"51,7"
1/12/19 17:00,"52,96"
1/12/19 18:00,"52,33"
1/12/19 19:00,"51,23"
1/12/19 20:00,"50,02"
1/12/19 21:00,"50,12"
1/12/19 22:00,"49,16"
1/12/19 23:00,"49,12"
1/13/19 0:00,"50,26"
1/13/19 1:00,"49,51"
1/13/19 2:00,"48,99"
1/13/19 3:00,"48,7"
1/13/19 4:00,"48,59"
1/13/19 5:00,"48,52"
1/13/19 6:00,"48,1"
1/13/19 7:00,"48,61"
1/13/19 8:00,"48,88"
1/13/19 9:00,"48,9"
1/13/19 10:00,"49,47"
1/13/19 11:00,"49,85"
1/13/19 12:00,"49,87"
1/13/19 13:00,"49,36"
1/13/19 14:00,"49,12"
1/13/19 15:00,"49,21"
1/13/19 16:00,"50,17"
1/13/19 17:00,"50,29"
1/13/19 18:00,"49,9"
1/13/19 19:00,"50,07"
1/13/19 20:00,"49,87"
1/13/19 21:00,"49,19"
1/13/19 22:00,"48,94"
1/13/19 23:00,"49,1"
1/14/19 0:00,"48,06"
1/14/19 1:00,"47,83"
1/14/19 2:00,"48,02"
1/14/19 3:00,"47,9"
1/14/19 4:00,"47,25"
1/14/19 5:00,"48,21"
1/14/19 6:00,"48,8"
1/14/19 7:00,"51,22"
1/14/19 8:00,"51,66"
1/14/19 9:00,"50,68"
1/14/19 10:00,"50,6"
1/14/19 11:00,"50,27"
1/14/19 12:00,"49,89"
1/14/19 13:00,"49,92"
1/14/19 14:00,"50,07"
1/14/19 15:00,"50,18"
1/14/19 16:00,"50,93"
1/14/19 17:00,"51,25"
1/14/19 18:00,"50,93"
1/14/19 19:00,"50,52"
1/14/19 20:00,"50,47"
1/14/19 21:00,"50,63"
1/14/19 22:00,"50,03"
1/14/19 23:00,49
1/15/19 0:00,"48,22"
1/15/19 1:00,"47,61"
1/15/19 2:00,"47,47"
1/15/19 3:00,"47,57"
1/15/19 4:00,"47,66"
1/15/19 5:00,"48,46"
1/15/19 6:00,"50,91"
1/15/19 7:00,"53,73"
1/15/19 8:00,"57,02"
1/15/19 9:00,"58,38"
1/15/19 10:00,"56,54"
1/15/19 11:00,55
1/15/19 12:00,"53,92"
1/15/19 13:00,"53,31"
1/15/19 14:00,"52,63"
1/15/19 15:00,"52,12"
1/15/19 16:00,"52,32"
1/15/19 17:00,"53,86"
1/15/19 18:00,"52,54"
1/15/19 19:00,"52,76"
1/15/19 20:00,"52,5"
1/15/19 21:00,"51,65"
1/15/19 22:00,"50,4"
1/15/19 23:00,"48,66"
1/16/19 0:00,"49,48"
1/16/19 1:00,"49,01"
1/16/19 2:00,"48,91"
1/16/19 3:00,"49,06"
1/16/19 4:00,"49,12"
1/16/19 5:00,"51,06"
1/16/19 6:00,"52,64"
1/16/19 7:00,"53,8"
1/16/19 8:00,"55,73"
1/16/19 9:00,"53,83"
1/16/19 10:00,"54,22"
1/16/19 11:00,"54,92"
1/16/19 12:00,"53,65"
1/16/19 13:00,"52,69"
1/16/19 14:00,"53,55"
1/16/19 15:00,"53,72"
1/16/19 16:00,"54,83"
1/16/19 17:00,"54,01"
1/16/19 18:00,"52,67"
1/16/19 19:00,"52,16"
1/16/19 20:00,"51,35"
1/16/19 21:00,"50,39"
1/16/19 22:00,"49,66"
1/16/19 23:00,"49,47"
1/17/19 0:00,"49,83"
1/17/19 1:00,"48,46"
1/17/19 2:00,"48,45"
1/17/19 3:00,"48,31"
1/17/19 4:00,"48,5"
1/17/19 5:00,"50,3"
1/17/19 6:00,"52,74"
1/17/19 7:00,"53,94"
1/17/19 8:00,"54,42"
1/17/19 9:00,"54,74"
1/17/19 10:00,"54,8"
1/17/19 11:00,"54,62"
1/17/19 12:00,"54,43"
1/17/19 13:00,"54,47"
1/17/19 14:00,55
1/17/19 15:00,"55,9"
1/17/19 16:00,"57,43"
1/17/19 17:00,"58,72"
1/17/19 18:00,"55,06"
1/17/19 19:00,"53,85"
1/17/19 20:00,"53,05"
1/17/19 21:00,"52,75"
1/17/19 22:00,"51,19"
1/17/19 23:00,"50,03"
1/18/19 0:00,"51,16"
1/18/19 1:00,"50,47"
1/18/19 2:00,"50,12"
1/18/19 3:00,"50,15"
1/18/19 4:00,"50,65"
1/18/19 5:00,"53,03"
1/18/19 6:00,"55,94"
1/18/19 7:00,"70,75"
1/18/19 8:00,"75,02"
1/18/19 9:00,"74,07"
1/18/19 10:00,"70,51"
1/18/19 11:00,"69,02"
1/18/19 12:00,"67,29"
1/18/19 13:00,"63,18"
1/18/19 14:00,"60,38"
1/18/19 15:00,"59,38"
1/18/19 16:00,"66,79"
1/18/19 17:00,"73,24"
1/18/19 18:00,"73,7"
1/18/19 19:00,"60,48"
1/18/19 20:00,"57,96"
1/18/19 21:00,"56,33"
1/18/19 22:00,"55,34"
1/18/19 23:00,"53,16"
1/19/19 0:00,"53,76"
1/19/19 1:00,"53,18"
1/19/19 2:00,"53,41"
1/19/19 3:00,"52,46"
1/19/19 4:00,"52,25"
1/19/19 5:00,"51,99"
1/19/19 6:00,"51,72"
1/19/19 7:00,"52,75"
1/19/19 8:00,"54,65"
1/19/19 9:00,"56,62"
1/19/19 10:00,"58,94"
1/19/19 11:00,"57,04"
1/19/19 12:00,"55,26"
1/19/19 13:00,"54,38"
1/19/19 14:00,"53,84"
1/19/19 15:00,"55,41"
1/19/19 16:00,"59,49"
1/19/19 17:00,"63,96"
1/19/19 18:00,"60,99"
1/19/19 19:00,"57,04"
1/19/19 20:00,"54,61"
1/19/19 21:00,"53,6"
1/19/19 22:00,"52,8"
1/19/19 23:00,"52,3"
1/20/19 0:00,"52,52"
1/20/19 1:00,"52,31"
1/20/19 2:00,"52,02"
1/20/19 3:00,"50,99"
1/20/19 4:00,"50,95"
1/20/19 5:00,"51,11"
1/20/19 6:00,"50,99"
1/20/19 7:00,"51,83"
1/20/19 8:00,"52,14"
1/20/19 9:00,"53,68"
1/20/19 10:00,"54,48"
1/20/19 11:00,"54,7"
1/20/19 12:00,"54,17"
1/20/19 13:00,"53,71"
1/20/19 14:00,"54,04"
1/20/19 15:00,"55,39"
1/20/19 16:00,"58,02"
1/20/19 17:00,"65,08"
1/20/19 18:00,"67,77"
1/20/19 19:00,"63,62"
1/20/19 20:00,"59,82"
1/20/19 21:00,"57,37"
1/20/19 22:00,"57,01"
1/20/19 23:00,"54,62"
1/21/19 0:00,"54,94"
1/21/19 1:00,"53,1"
1/21/19 2:00,"52,1"
1/21/19 3:00,"51,83"
1/21/19 4:00,"52,71"
1/21/19 5:00,"55,05"
1/21/19 6:00,"61,93"
1/21/19 7:00,"77,08"
1/21/19 8:00,"85,24"
1/21/19 9:00,"83,26"
1/21/19 10:00,"77,48"
1/21/19 11:00,"72,6"
1/21/19 12:00,"68,39"
1/21/19 13:00,"69,27"
1/21/19 14:00,"69,73"
1/21/19 15:00,"74,04"
1/21/19 16:00,"81,08"
1/21/19 17:00,"88,35"
1/21/19 18:00,"88,37"
1/21/19 19:00,"78,01"
1/21/19 20:00,"68,8"
1/21/19 21:00,"61,6"
1/21/19 22:00,"57,94"
1/21/19 23:00,"54,93"
1/22/19 0:00,"54,64"
1/22/19 1:00,"54,05"
1/22/19 2:00,"53,52"
1/22/19 3:00,"52,48"
1/22/19 4:00,"53,44"
1/22/19 5:00,"54,94"
1/22/19 6:00,"59,42"
1/22/19 7:00,"73,54"
1/22/19 8:00,"78,59"
1/22/19 9:00,"76,6"
1/22/19 10:00,"74,19"
1/22/19 11:00,"70,06"
1/22/19 12:00,"62,07"
1/22/19 13:00,"58,45"
1/22/19 14:00,"59,69"
1/22/19 15:00,"65,09"
1/22/19 16:00,"70,21"
1/22/19 17:00,"78,8"
1/22/19 18:00,"71,32"
1/22/19 19:00,"60,1"
1/22/19 20:00,"56,94"
1/22/19 21:00,"55,38"
1/22/19 22:00,"54,81"
1/22/19 23:00,"53,3"
1/23/19 0:00,"53,2"
1/23/19 1:00,"52,62"
1/23/19 2:00,"52,14"
1/23/19 3:00,"51,19"
1/23/19 4:00,"52,07"
1/23/19 5:00,"54,87"
1/23/19 6:00,"59,19"
1/23/19 7:00,"79,48"
1/23/19 8:00,"88,38"
1/23/19 9:00,"84,1"
1/23/19 10:00,"85,35"
1/23/19 11:00,"82,25"
1/23/19 12:00,"76,5"
1/23/19 13:00,"66,25"
1/23/19 14:00,"68,85"
1/23/19 15:00,"74,58"
1/23/19 16:00,"82,24"
1/23/19 17:00,"87,13"
1/23/19 18:00,"85,03"
1/23/19 19:00,"62,25"
1/23/19 20:00,"58,06"
1/23/19 21:00,"57,55"
1/23/19 22:00,"56,83"
1/23/19 23:00,"54,96"
1/24/19 0:00,"55,98"
1/24/19 1:00,"55,8"
1/24/19 2:00,"55,57"
1/24/19 3:00,"55,33"
1/24/19 4:00,"55,8"
1/24/19 5:00,"59,51"
1/24/19 6:00,"61,52"
1/24/19 7:00,"95,9"
1/24/19 8:00,"109,45"
1/24/19 9:00,"107,67"
1/24/19 10:00,"98,06"
1/24/19 11:00,"100,37"
1/24/19 12:00,"95,18"
1/24/19 13:00,"89,67"
1/24/19 14:00,"86,99"
1/24/19 15:00,"87,55"
1/24/19 16:00,"91,97"
1/24/19 17:00,"103,4"
1/24/19 18:00,"100,29"
1/24/19 19:00,"73,38"
1/24/19 20:00,"60,35"
1/24/19 21:00,"59,75"
1/24/19 22:00,"58,45"
1/24/19 23:00,"57,19"
1/25/19 0:00,"57,32"
1/25/19 1:00,"56,47"
1/25/19 2:00,"55,95"
1/25/19 3:00,"55,44"
1/25/19 4:00,"55,28"
1/25/19 5:00,"57,61"
1/25/19 6:00,"61,58"
1/25/19 7:00,"81,78"
1/25/19 8:00,"93,9"
1/25/19 9:00,"90,65"
1/25/19 10:00,"82,28"
1/25/19 11:00,"75,5"
1/25/19 12:00,"69,06"
1/25/19 13:00,"65,12"
1/25/19 14:00,"62,65"
1/25/19 15:00,"62,22"
1/25/19 16:00,63
1/25/19 17:00,"66,67"
1/25/19 18:00,"61,48"
1/25/19 19:00,"56,75"
1/25/19 20:00,"55,43"
1/25/19 21:00,"54,36"
1/25/19 22:00,"53,59"
1/25/19 23:00,"52,35"
1/26/19 0:00,"51,91"
1/26/19 1:00,"51,52"
1/26/19 2:00,"50,98"
1/26/19 3:00,"50,85"
1/26/19 4:00,"51,52"
1/26/19 5:00,"52,01"
1/26/19 6:00,"52,44"
1/26/19 7:00,"53,35"
1/26/19 8:00,"53,99"
1/26/19 9:00,"56,28"
1/26/19 10:00,"58,62"
1/26/19 11:00,"59,18"
1/26/19 12:00,"56,72"
1/26/19 13:00,"56,16"
1/26/19 14:00,"54,61"
1/26/19 15:00,"54,1"
1/26/19 16:00,"54,17"
1/26/19 17:00,"55,95"
1/26/19 18:00,"56,06"
1/26/19 19:00,"55,11"
1/26/19 20:00,"53,06"
1/26/19 21:00,"52,42"
1/26/19 22:00,"51,92"
1/26/19 23:00,"51,14"
1/27/19 0:00,"51,48"
1/27/19 1:00,"51,02"
1/27/19 2:00,"50,71"
1/27/19 3:00,"50,66"
1/27/19 4:00,"50,76"
1/27/19 5:00,"50,84"
1/27/19 6:00,"51,4"
1/27/19 7:00,"51,46"
1/27/19 8:00,"51,45"
1/27/19 9:00,"51,66"
1/27/19 10:00,"52,61"
1/27/19 11:00,"52,64"
1/27/19 12:00,"52,25"
1/27/19 13:00,"52,04"
1/27/19 14:00,"52,05"
1/27/19 15:00,"52,17"
1/27/19 16:00,"53,49"
1/27/19 17:00,"54,31"
1/27/19 18:00,"54,38"
1/27/19 19:00,"54,26"
1/27/19 20:00,"53,61"
1/27/19 21:00,"52,8"
1/27/19 22:00,"52,5"
1/27/19 23:00,"51,53"
1/28/19 0:00,"51,02"
1/28/19 1:00,"50,51"
1/28/19 2:00,"50,32"
1/28/19 3:00,"50,39"
1/28/19 4:00,"50,97"
1/28/19 5:00,"53,57"
1/28/19 6:00,"55,14"
1/28/19 7:00,"61,99"
1/28/19 8:00,"64,88"
1/28/19 9:00,"61,9"
1/28/19 10:00,"57,85"
1/28/19 11:00,"56,75"
1/28/19 12:00,"55,57"
1/28/19 13:00,"55,45"
1/28/19 14:00,"55,25"
1/28/19 15:00,"55,14"
1/28/19 16:00,"55,41"
1/28/19 17:00,"60,59"
1/28/19 18:00,"59,5"
1/28/19 19:00,"55,63"
1/28/19 20:00,"55,17"
1/28/19 21:00,"54,79"
1/28/19 22:00,"53,68"
1/28/19 23:00,"52,36"
1/29/19 0:00,"51,31"
1/29/19 1:00,"50,69"
1/29/19 2:00,"50,59"
1/29/19 3:00,51
1/29/19 4:00,"51,56"
1/29/19 5:00,"54,18"
1/29/19 6:00,"56,58"
1/29/19 7:00,"67,67"
1/29/19 8:00,"72,8"
1/29/19 9:00,"70,63"
1/29/19 10:00,"70,38"
1/29/19 11:00,"67,51"
1/29/19 12:00,"64,03"
1/29/19 13:00,"63,84"
1/29/19 14:00,"66,56"
1/29/19 15:00,66
1/29/19 16:00,"69,33"
1/29/19 17:00,"71,45"
1/29/19 18:00,"72,82"
1/29/19 19:00,"68,14"
1/29/19 20:00,"58,08"
1/29/19 21:00,"55,74"
1/29/19 22:00,"53,83"
1/29/19 23:00,"52,64"
1/30/19 0:00,"51,46"
1/30/19 1:00,"51,12"
1/30/19 2:00,"50,69"
1/30/19 3:00,"50,82"
1/30/19 4:00,"51,47"
1/30/19 5:00,"53,97"
1/30/19 6:00,"56,09"
1/30/19 7:00,"60,76"
1/30/19 8:00,"68,17"
1/30/19 9:00,"65,21"
1/30/19 10:00,"57,76"
1/30/19 11:00,"55,88"
1/30/19 12:00,"54,19"
1/30/19 13:00,"53,94"
1/30/19 14:00,"53,83"
1/30/19 15:00,"53,78"
1/30/19 16:00,"55,1"
1/30/19 17:00,"57,11"
1/30/19 18:00,"56,74"
1/30/19 19:00,"54,44"
1/30/19 20:00,"53,72"
1/30/19 21:00,"53,36"
1/30/19 22:00,"51,99"
1/30/19 23:00,"50,86"
1/31/19 0:00,51
1/31/19 1:00,"50,55"
1/31/19 2:00,"50,47"
1/31/19 3:00,"50,52"
1/31/19 4:00,"50,92"
1/31/19 5:00,"53,75"
1/31/19 6:00,"54,69"
1/31/19 7:00,"56,15"
1/31/19 8:00,"56,39"
1/31/19 9:00,"56,32"
1/31/19 10:00,"56,28"
1/31/19 11:00,"56,09"
1/31/19 12:00,"56,08"
1/31/19 13:00,"56,23"
1/31/19 14:00,"56,09"
1/31/19 15:00,"55,92"
1/31/19 16:00,"56,46"
1/31/19 17:00,"57,31"
1/31/19 18:00,"56,94"
1/31/19 19:00,"56,38"
1/31/19 20:00,"55,41"
1/31/19 21:00,"54,28"
1/31/19 22:00,"52,62"
1/31/19 23:00,"51,46"
2/1/19 0:00,"51,31"
2/1/19 1:00,"50,47"
2/1/19 2:00,"50,03"
2/1/19 3:00,"50,1"
2/1/19 4:00,"50,72"
2/1/19 5:00,"52,56"
2/1/19 6:00,"53,98"
2/1/19 7:00,"55,29"
2/1/19 8:00,"56,66"
2/1/19 9:00,"55,93"
2/1/19 10:00,"55,51"
2/1/19 11:00,"56,53"
2/1/19 12:00,"56,05"
2/1/19 13:00,"55,64"
2/1/19 14:00,"55,66"
2/1/19 15:00,"55,59"
2/1/19 16:00,"56,02"
2/1/19 17:00,"56,89"
2/1/19 18:00,"56,28"
2/1/19 19:00,"55,08"
2/1/19 20:00,"54,18"
2/1/19 21:00,"53,99"
2/1/19 22:00,"52,71"
2/1/19 23:00,"50,92"
2/2/19 0:00,"50,04"
2/2/19 1:00,"48,73"
2/2/19 2:00,"48,64"
2/2/19 3:00,"48,58"
2/2/19 4:00,"48,59"
2/2/19 5:00,"49,07"
2/2/19 6:00,"49,21"
2/2/19 7:00,"49,68"
2/2/19 8:00,"51,47"
2/2/19 9:00,"53,28"
2/2/19 10:00,"54,1"
2/2/19 11:00,"53,87"
2/2/19 12:00,"53,46"
2/2/19 13:00,"52,14"
2/2/19 14:00,"50,97"
2/2/19 15:00,"51,05"
2/2/19 16:00,"52,19"
2/2/19 17:00,"54,06"
2/2/19 18:00,"54,98"
2/2/19 19:00,"53,28"
2/2/19 20:00,"51,66"
2/2/19 21:00,"49,9"
2/2/19 22:00,"49,46"
2/2/19 23:00,"49,24"
2/3/19 0:00,"48,65"
2/3/19 1:00,"48,44"
2/3/19 2:00,"48,35"
2/3/19 3:00,"48,27"
2/3/19 4:00,"48,26"
2/3/19 5:00,"48,38"
2/3/19 6:00,"48,62"
2/3/19 7:00,"48,55"
2/3/19 8:00,"48,89"
2/3/19 9:00,"49,86"
2/3/19 10:00,"50,54"
2/3/19 11:00,"51,11"
2/3/19 12:00,"50,73"
2/3/19 13:00,"50,43"
2/3/19 14:00,"50,28"
2/3/19 15:00,"50,58"
2/3/19 16:00,"51,61"
2/3/19 17:00,"53,43"
2/3/19 18:00,"55,32"
2/3/19 19:00,"55,14"
2/3/19 20:00,"53,38"
2/3/19 21:00,"51,94"
2/3/19 22:00,"51,04"
2/3/19 23:00,"49,46"
2/4/19 0:00,"50,18"
2/4/19 1:00,"50,05"
2/4/19 2:00,"49,82"
2/4/19 3:00,50
2/4/19 4:00,"50,56"
2/4/19 5:00,"52,13"
2/4/19 6:00,"53,65"
2/4/19 7:00,"56,07"
2/4/19 8:00,"56,54"
2/4/19 9:00,"54,35"
2/4/19 10:00,"53,17"
2/4/19 11:00,"52,74"
2/4/19 12:00,"52,66"
2/4/19 13:00,"52,61"
2/4/19 14:00,"52,56"
2/4/19 15:00,"52,57"
2/4/19 16:00,"52,63"
2/4/19 17:00,"52,67"
2/4/19 18:00,"52,65"
2/4/19 19:00,"52,65"
2/4/19 20:00,"52,18"
2/4/19 21:00,"51,66"
2/4/19 22:00,"50,59"
2/4/19 23:00,"49,09"
2/5/19 0:00,"47,96"
2/5/19 1:00,"47,74"
2/5/19 2:00,"47,59"
2/5/19 3:00,"47,5"
2/5/19 4:00,"47,78"
2/5/19 5:00,"49,77"
2/5/19 6:00,"51,38"
2/5/19 7:00,"53,61"
2/5/19 8:00,"54,9"
2/5/19 9:00,"54,83"
2/5/19 10:00,"54,55"
2/5/19 11:00,"54,09"
2/5/19 12:00,"53,49"
2/5/19 13:00,"53,4"
2/5/19 14:00,"53,61"
2/5/19 15:00,"53,63"
2/5/19 16:00,"54,53"
2/5/19 17:00,"57,12"
2/5/19 18:00,"56,65"
2/5/19 19:00,"55,19"
2/5/19 20:00,"53,69"
2/5/19 21:00,"52,6"
2/5/19 22:00,"50,9"
2/5/19 23:00,"49,58"
2/6/19 0:00,"49,33"
2/6/19 1:00,"49,03"
2/6/19 2:00,"48,92"
2/6/19 3:00,"49,03"
2/6/19 4:00,"49,65"
2/6/19 5:00,"51,17"
2/6/19 6:00,"52,34"
2/6/19 7:00,"55,06"
2/6/19 8:00,"57,78"
2/6/19 9:00,"54,51"
2/6/19 10:00,"53,6"
2/6/19 11:00,"53,32"
2/6/19 12:00,"53,19"
2/6/19 13:00,"52,81"
2/6/19 14:00,"52,93"
2/6/19 15:00,"53,8"
2/6/19 16:00,"55,37"
2/6/19 17:00,"60,27"
2/6/19 18:00,"60,9"
2/6/19 19:00,"57,06"
2/6/19 20:00,"52,89"
2/6/19 21:00,"51,63"
2/6/19 22:00,"50,2"
2/6/19 23:00,"48,17"
2/7/19 0:00,"47,78"
2/7/19 1:00,"47,33"
2/7/19 2:00,"47,02"
2/7/19 3:00,"46,84"
2/7/19 4:00,"47,21"
2/7/19 5:00,"48,97"
2/7/19 6:00,"50,34"
2/7/19 7:00,"52,45"
2/7/19 8:00,"53,04"
2/7/19 9:00,"51,98"
2/7/19 10:00,"51,47"
2/7/19 11:00,"51,35"
2/7/19 12:00,"51,09"
2/7/19 13:00,"50,8"
2/7/19 14:00,"50,7"
2/7/19 15:00,"50,69"
2/7/19 16:00,"50,76"
2/7/19 17:00,"51,37"
2/7/19 18:00,"51,4"
2/7/19 19:00,"50,41"
2/7/19 20:00,"49,72"
2/7/19 21:00,"48,82"
2/7/19 22:00,"48,38"
2/7/19 23:00,"47,58"
2/8/19 0:00,"48,4"
2/8/19 1:00,"48,08"
2/8/19 2:00,"47,93"
2/8/19 3:00,"47,85"
2/8/19 4:00,"47,76"
2/8/19 5:00,"48,02"
2/8/19 6:00,"49,96"
2/8/19 7:00,"52,23"
2/8/19 8:00,"52,8"
2/8/19 9:00,"52,74"
2/8/19 10:00,"51,35"
2/8/19 11:00,"50,66"
2/8/19 12:00,"50,27"
2/8/19 13:00,"49,83"
2/8/19 14:00,"49,91"
2/8/19 15:00,"49,42"
2/8/19 16:00,"49,71"
2/8/19 17:00,"50,42"
2/8/19 18:00,"50,66"
2/8/19 19:00,"49,17"
2/8/19 20:00,"48,97"
2/8/19 21:00,"48,21"
2/8/19 22:00,"47,97"
2/8/19 23:00,"48,02"
2/9/19 0:00,"47,73"
2/9/19 1:00,"47,24"
2/9/19 2:00,"47,11"
2/9/19 3:00,"47,05"
2/9/19 4:00,"47,04"
2/9/19 5:00,"46,99"
2/9/19 6:00,"47,31"
2/9/19 7:00,"47,23"
2/9/19 8:00,"47,24"
2/9/19 9:00,"48,17"
2/9/19 10:00,"48,7"
2/9/19 11:00,"48,64"
2/9/19 12:00,"48,36"
2/9/19 13:00,"47,82"
2/9/19 14:00,"47,59"
2/9/19 15:00,"47,59"
2/9/19 16:00,"48,12"
2/9/19 17:00,"49,4"
2/9/19 18:00,"49,35"
2/9/19 19:00,"48,41"
2/9/19 20:00,48
2/9/19 21:00,"47,46"
2/9/19 22:00,"47,83"
2/9/19 23:00,"47,7"
2/10/19 0:00,"47,06"
2/10/19 1:00,"46,39"
2/10/19 2:00,"46,34"
2/10/19 3:00,"46,31"
2/10/19 4:00,"46,29"
2/10/19 5:00,"46,29"
2/10/19 6:00,"46,84"
2/10/19 7:00,"46,7"
2/10/19 8:00,"46,63"
2/10/19 9:00,"47,15"
2/10/19 10:00,"47,71"
2/10/19 11:00,"47,77"
2/10/19 12:00,"47,73"
2/10/19 13:00,"47,09"
2/10/19 14:00,"46,9"
2/10/19 15:00,"47,04"
2/10/19 16:00,"48,21"
2/10/19 17:00,"49,41"
2/10/19 18:00,"49,73"
2/10/19 19:00,"49,48"
2/10/19 20:00,"48,14"
2/10/19 21:00,"47,25"
2/10/19 22:00,"46,62"
2/10/19 23:00,"46,55"
2/11/19 0:00,"46,54"
2/11/19 1:00,"46,4"
2/11/19 2:00,"46,4"
2/11/19 3:00,"46,37"
2/11/19 4:00,"46,2"
2/11/19 5:00,"46,51"
2/11/19 6:00,"47,47"
2/11/19 7:00,"49,04"
2/11/19 8:00,"49,41"
2/11/19 9:00,"48,44"
2/11/19 10:00,"48,25"
2/11/19 11:00,"47,98"
2/11/19 12:00,"47,91"
2/11/19 13:00,"47,71"
2/11/19 14:00,"47,54"
2/11/19 15:00,"47,5"
2/11/19 16:00,"47,67"
2/11/19 17:00,"48,19"
2/11/19 18:00,"48,51"
2/11/19 19:00,"48,73"
2/11/19 20:00,"47,96"
2/11/19 21:00,"47,28"
2/11/19 22:00,"47,5"
2/11/19 23:00,"47,31"
2/12/19 0:00,"46,41"
2/12/19 1:00,"46,25"
2/12/19 2:00,"46,23"
2/12/19 3:00,"46,21"
2/12/19 4:00,"45,93"
2/12/19 5:00,"46,31"
2/12/19 6:00,"47,9"
2/12/19 7:00,"50,33"
2/12/19 8:00,"52,02"
2/12/19 9:00,"52,53"
2/12/19 10:00,"51,89"
2/12/19 11:00,"50,71"
2/12/19 12:00,"50,02"
2/12/19 13:00,"49,59"
2/12/19 14:00,"49,98"
2/12/19 15:00,"49,98"
2/12/19 16:00,"50,31"
2/12/19 17:00,"50,72"
2/12/19 18:00,"50,5"
2/12/19 19:00,"49,35"
2/12/19 20:00,"47,93"
2/12/19 21:00,"47,37"
2/12/19 22:00,"46,86"
2/12/19 23:00,"46,1"
2/13/19 0:00,"44,93"
2/13/19 1:00,"44,65"
2/13/19 2:00,"44,62"
2/13/19 3:00,"44,62"
2/13/19 4:00,"44,58"
2/13/19 5:00,"44,58"
2/13/19 6:00,"45,84"
2/13/19 7:00,"47,79"
2/13/19 8:00,"48,42"
2/13/19 9:00,"47,33"
2/13/19 10:00,"46,96"
2/13/19 11:00,"46,66"
2/13/19 12:00,"46,14"
2/13/19 13:00,"46,15"
2/13/19 14:00,"46,3"
2/13/19 15:00,"46,82"
2/13/19 16:00,"47,88"
2/13/19 17:00,"48,58"
2/13/19 18:00,"48,89"
2/13/19 19:00,"48,56"
2/13/19 20:00,"47,55"
2/13/19 21:00,"46,42"
2/13/19 22:00,"45,97"
2/13/19 23:00,"44,26"
2/14/19 0:00,"43,16"
2/14/19 1:00,"43,05"
2/14/19 2:00,43
2/14/19 3:00,"42,99"
2/14/19 4:00,43
2/14/19 5:00,"44,49"
2/14/19 6:00,"45,87"
2/14/19 7:00,"47,26"
2/14/19 8:00,"47,58"
2/14/19 9:00,"47,46"
2/14/19 10:00,"47,23"
2/14/19 11:00,"46,12"
2/14/19 12:00,"44,7"
2/14/19 13:00,"44,65"
2/14/19 14:00,"45,19"
2/14/19 15:00,"45,99"
2/14/19 16:00,"46,53"
2/14/19 17:00,47
2/14/19 18:00,"46,88"
2/14/19 19:00,"46,11"
2/14/19 20:00,"44,98"
2/14/19 21:00,"44,3"
2/14/19 22:00,"43,84"
2/14/19 23:00,"42,76"
2/15/19 0:00,"43,18"
2/15/19 1:00,"42,19"
2/15/19 2:00,"41,79"
2/15/19 3:00,"41,73"
2/15/19 4:00,"41,72"
2/15/19 5:00,"43,67"
2/15/19 6:00,"44,56"
2/15/19 7:00,"45,62"
2/15/19 8:00,"45,94"
2/15/19 9:00,"45,94"
2/15/19 10:00,"45,99"
2/15/19 11:00,"44,63"
2/15/19 12:00,"43,73"
2/15/19 13:00,"43,36"
2/15/19 14:00,"43,56"
2/15/19 15:00,"44,41"
2/15/19 16:00,45
2/15/19 17:00,"45,36"
2/15/19 18:00,"45,38"
2/15/19 19:00,"45,01"
2/15/19 20:00,"44,35"
2/15/19 21:00,"43,37"
2/15/19 22:00,"43,37"
2/15/19 23:00,"42,26"
2/16/19 0:00,"42,23"
2/16/19 1:00,"41,81"
2/16/19 2:00,"41,72"
2/16/19 3:00,"41,64"
2/16/19 4:00,"41,54"
2/16/19 5:00,"41,44"
2/16/19 6:00,"41,39"
2/16/19 7:00,"41,02"
2/16/19 8:00,"41,48"
2/16/19 9:00,"42,02"
2/16/19 10:00,"42,45"
2/16/19 11:00,"42,18"
2/16/19 12:00,43
2/16/19 13:00,"42,8"
2/16/19 14:00,"42,68"
2/16/19 15:00,"42,65"
2/16/19 16:00,"42,69"
2/16/19 17:00,"43,75"
2/16/19 18:00,"43,81"
2/16/19 19:00,"43,39"
2/16/19 20:00,"43,11"
2/16/19 21:00,"43,01"
2/16/19 22:00,"43,05"
2/16/19 23:00,"43,01"
2/17/19 0:00,42
2/17/19 1:00,"41,71"
2/17/19 2:00,"41,71"
2/17/19 3:00,"41,57"
2/17/19 4:00,"41,53"
2/17/19 5:00,"41,4"
2/17/19 6:00,"41,48"
2/17/19 7:00,"41,66"
2/17/19 8:00,"41,58"
2/17/19 9:00,"42,47"
2/17/19 10:00,"43,05"
2/17/19 11:00,"43,3"
2/17/19 12:00,"43,21"
2/17/19 13:00,"43,27"
2/17/19 14:00,"43,13"
2/17/19 15:00,"43,01"
2/17/19 16:00,"43,74"
2/17/19 17:00,"45,4"
2/17/19 18:00,"46,3"
2/17/19 19:00,"46,13"
2/17/19 20:00,"45,04"
2/17/19 21:00,"43,32"
2/17/19 22:00,"42,91"
2/17/19 23:00,"42,27"
2/18/19 0:00,"41,51"
2/18/19 1:00,"41,26"
2/18/19 2:00,"41,14"
2/18/19 3:00,"41,07"
2/18/19 4:00,"40,7"
2/18/19 5:00,"43,66"
2/18/19 6:00,"45,52"
2/18/19 7:00,"46,27"
2/18/19 8:00,"46,6"
2/18/19 9:00,"46,54"
2/18/19 10:00,"46,41"
2/18/19 11:00,"45,09"
2/18/19 12:00,"44,15"
2/18/19 13:00,"43,97"
2/18/19 14:00,"44,78"
2/18/19 15:00,"45,55"
2/18/19 16:00,"46,03"
2/18/19 17:00,"46,27"
2/18/19 18:00,"46,23"
2/18/19 19:00,"45,35"
2/18/19 20:00,"44,8"
2/18/19 21:00,"43,98"
2/18/19 22:00,"42,69"
2/18/19 23:00,"42,38"
2/19/19 0:00,"41,6"
2/19/19 1:00,"41,03"
2/19/19 2:00,"40,95"
2/19/19 3:00,"40,93"
2/19/19 4:00,"40,61"
2/19/19 5:00,"41,69"
2/19/19 6:00,"43,87"
2/19/19 7:00,"45,68"
2/19/19 8:00,"45,64"
2/19/19 9:00,"44,22"
2/19/19 10:00,"43,55"
2/19/19 11:00,"43,17"
2/19/19 12:00,"42,97"
2/19/19 13:00,"42,92"
2/19/19 14:00,"43,01"
2/19/19 15:00,"43,03"
2/19/19 16:00,"43,38"
2/19/19 17:00,"44,9"
2/19/19 18:00,"45,06"
2/19/19 19:00,"44,12"
2/19/19 20:00,"43,67"
2/19/19 21:00,"42,91"
2/19/19 22:00,"42,96"
2/19/19 23:00,"42,5"
2/20/19 0:00,"42,51"
2/20/19 1:00,"42,16"
2/20/19 2:00,"42,08"
2/20/19 3:00,"42,12"
2/20/19 4:00,"41,43"
2/20/19 5:00,"41,68"
2/20/19 6:00,"43,42"
2/20/19 7:00,45
2/20/19 8:00,"45,85"
2/20/19 9:00,"45,62"
2/20/19 10:00,"45,43"
2/20/19 11:00,"44,3"
2/20/19 12:00,"43,74"
2/20/19 13:00,"43,97"
2/20/19 14:00,"44,6"
2/20/19 15:00,"44,91"
2/20/19 16:00,"45,54"
2/20/19 17:00,"46,42"
2/20/19 18:00,"46,56"
2/20/19 19:00,"45,63"
2/20/19 20:00,"45,06"
2/20/19 21:00,"44,06"
2/20/19 22:00,"43,27"
2/20/19 23:00,"42,14"
2/21/19 0:00,"41,54"
2/21/19 1:00,"40,79"
2/21/19 2:00,"40,72"
2/21/19 3:00,"40,93"
2/21/19 4:00,"41,24"
2/21/19 5:00,"42,98"
2/21/19 6:00,"44,26"
2/21/19 7:00,"45,72"
2/21/19 8:00,"46,14"
2/21/19 9:00,"45,58"
2/21/19 10:00,"44,74"
2/21/19 11:00,"44,14"
2/21/19 12:00,"43,88"
2/21/19 13:00,"43,83"
2/21/19 14:00,"43,96"
2/21/19 15:00,"44,2"
2/21/19 16:00,"45,19"
2/21/19 17:00,"46,35"
2/21/19 18:00,"46,45"
2/21/19 19:00,"46,33"
2/21/19 20:00,"45,63"
2/21/19 21:00,"45,02"
2/21/19 22:00,44
2/21/19 23:00,"42,69"
2/22/19 0:00,"42,25"
2/22/19 1:00,"41,2"
2/22/19 2:00,"40,82"
2/22/19 3:00,"40,56"
2/22/19 4:00,"41,28"
2/22/19 5:00,"43,03"
2/22/19 6:00,"45,43"
2/22/19 7:00,"45,89"
2/22/19 8:00,"45,97"
2/22/19 9:00,"45,99"
2/22/19 10:00,"45,78"
2/22/19 11:00,"45,25"
2/22/19 12:00,"43,67"
2/22/19 13:00,"43,19"
2/22/19 14:00,"43,95"
2/22/19 15:00,"44,2"
2/22/19 16:00,"45,22"
2/22/19 17:00,"45,56"
2/22/19 18:00,"45,56"
2/22/19 19:00,"45,01"
2/22/19 20:00,43
2/22/19 21:00,"42,09"
2/22/19 22:00,"42,17"
2/22/19 23:00,"41,44"
2/23/19 0:00,"41,09"
2/23/19 1:00,"40,79"
2/23/19 2:00,"40,35"
2/23/19 3:00,"40,23"
2/23/19 4:00,"40,3"
2/23/19 5:00,"40,32"
2/23/19 6:00,"40,51"
2/23/19 7:00,"40,62"
2/23/19 8:00,"41,57"
2/23/19 9:00,"41,61"
2/23/19 10:00,"41,04"
2/23/19 11:00,"40,85"
2/23/19 12:00,"40,48"
2/23/19 13:00,40
2/23/19 14:00,"40,12"
2/23/19 15:00,"40,33"
2/23/19 16:00,"41,44"
2/23/19 17:00,"43,01"
2/23/19 18:00,"43,17"
2/23/19 19:00,"42,48"
2/23/19 20:00,"41,61"
2/23/19 21:00,"40,55"
2/23/19 22:00,"41,29"
2/23/19 23:00,"40,95"
2/24/19 0:00,"41,43"
2/24/19 1:00,"41,31"
2/24/19 2:00,"41,37"
2/24/19 3:00,"41,36"
2/24/19 4:00,"41,22"
2/24/19 5:00,"41,06"
2/24/19 6:00,"41,14"
2/24/19 7:00,"40,9"
2/24/19 8:00,"41,11"
2/24/19 9:00,"41,57"
2/24/19 10:00,"42,09"
2/24/19 11:00,"42,06"
2/24/19 12:00,"41,9"
2/24/19 13:00,"41,79"
2/24/19 14:00,"41,55"
2/24/19 15:00,"41,41"
2/24/19 16:00,"41,43"
2/24/19 17:00,"42,17"
2/24/19 18:00,43
2/24/19 19:00,"42,73"
2/24/19 20:00,"42,63"
2/24/19 21:00,"42,23"
2/24/19 22:00,"41,9"
2/24/19 23:00,"41,25"
2/25/19 0:00,"41,03"
2/25/19 1:00,"40,86"
2/25/19 2:00,"40,73"
2/25/19 3:00,"40,67"
2/25/19 4:00,"40,54"
2/25/19 5:00,"41,11"
2/25/19 6:00,"42,8"
2/25/19 7:00,"43,76"
2/25/19 8:00,"44,38"
2/25/19 9:00,"44,35"
2/25/19 10:00,"44,1"
2/25/19 11:00,"41,85"
2/25/19 12:00,"41,17"
2/25/19 13:00,"41,04"
2/25/19 14:00,"41,04"
2/25/19 15:00,"41,97"
2/25/19 16:00,"43,19"
2/25/19 17:00,"43,98"
2/25/19 18:00,"44,05"
2/25/19 19:00,"43,18"
2/25/19 20:00,"41,95"
2/25/19 21:00,"42,18"
2/25/19 22:00,"41,69"
2/25/19 23:00,"40,86"
2/26/19 0:00,"40,73"
2/26/19 1:00,"40,48"
2/26/19 2:00,"40,23"
2/26/19 3:00,"40,15"
2/26/19 4:00,"40,12"
2/26/19 5:00,"40,84"
2/26/19 6:00,"42,54"
2/26/19 7:00,"43,59"
2/26/19 8:00,"44,31"
2/26/19 9:00,"44,19"
2/26/19 10:00,"43,95"
2/26/19 11:00,"42,56"
2/26/19 12:00,"42,21"
2/26/19 13:00,"42,15"
2/26/19 14:00,"42,14"
2/26/19 15:00,"42,47"
2/26/19 16:00,"43,23"
2/26/19 17:00,"43,78"
2/26/19 18:00,"43,98"
2/26/19 19:00,"43,59"
2/26/19 20:00,"42,69"
2/26/19 21:00,"42,01"
2/26/19 22:00,"41,48"
2/26/19 23:00,"41,29"
2/27/19 0:00,"41,53"
2/27/19 1:00,"41,1"
2/27/19 2:00,"41,03"
2/27/19 3:00,"40,93"
2/27/19 4:00,"40,67"
2/27/19 5:00,"41,09"
2/27/19 6:00,"42,74"
2/27/19 7:00,"44,02"
2/27/19 8:00,"44,55"
2/27/19 9:00,"44,39"
2/27/19 10:00,"43,5"
2/27/19 11:00,"41,35"
2/27/19 12:00,"41,25"
2/27/19 13:00,"41,09"
2/27/19 14:00,"40,36"
2/27/19 15:00,"40,92"
2/27/19 16:00,"42,59"
2/27/19 17:00,"43,34"
2/27/19 18:00,"43,42"
2/27/19 19:00,"42,56"
2/27/19 20:00,"41,32"
2/27/19 21:00,"41,23"
2/27/19 22:00,"40,95"
2/27/19 23:00,"40,55"
2/28/19 0:00,"40,95"
2/28/19 1:00,"40,7"
2/28/19 2:00,"40,49"
2/28/19 3:00,"40,62"
2/28/19 4:00,"40,54"
2/28/19 5:00,"40,41"
2/28/19 6:00,"41,43"
2/28/19 7:00,"43,36"
2/28/19 8:00,"43,97"
2/28/19 9:00,"42,7"
2/28/19 10:00,"42,47"
2/28/19 11:00,"41,49"
2/28/19 12:00,"41,38"
2/28/19 13:00,"41,45"
2/28/19 14:00,"41,61"
2/28/19 15:00,"41,7"
2/28/19 16:00,"42,73"
2/28/19 17:00,"44,19"
2/28/19 18:00,"45,06"
2/28/19 19:00,"44,68"
2/28/19 20:00,"43,78"
2/28/19 21:00,"43,14"
2/28/19 22:00,"42,6"
2/28/19 23:00,"41,44"
3/1/19 0:00,"41,46"
3/1/19 1:00,"40,85"
3/1/19 2:00,"40,69"
3/1/19 3:00,"41,02"
3/1/19 4:00,"41,92"
3/1/19 5:00,"43,39"
3/1/19 6:00,"45,3"
3/1/19 7:00,"46,45"
3/1/19 8:00,"48,52"
3/1/19 9:00,"48,44"
3/1/19 10:00,"47,57"
3/1/19 11:00,"46,51"
3/1/19 12:00,"46,02"
3/1/19 13:00,"45,8"
3/1/19 14:00,"45,41"
3/1/19 15:00,"45,55"
3/1/19 16:00,"45,79"
3/1/19 17:00,"46,2"
3/1/19 18:00,"46,62"
3/1/19 19:00,"46,21"
3/1/19 20:00,"45,52"
3/1/19 21:00,"45,04"
3/1/19 22:00,"44,19"
3/1/19 23:00,"43,35"
3/2/19 0:00,"44,15"
3/2/19 1:00,"43,32"
3/2/19 2:00,"42,45"
3/2/19 3:00,"41,81"
3/2/19 4:00,"41,98"
3/2/19 5:00,"41,92"
3/2/19 6:00,"42,79"
3/2/19 7:00,"43,55"
3/2/19 8:00,"45,33"
3/2/19 9:00,"45,38"
3/2/19 10:00,"45,17"
3/2/19 11:00,"44,37"
3/2/19 12:00,"43,48"
3/2/19 13:00,"42,16"
3/2/19 14:00,"42,03"
3/2/19 15:00,"42,4"
3/2/19 16:00,"42,82"
3/2/19 17:00,"43,78"
3/2/19 18:00,"44,88"
3/2/19 19:00,"43,96"
3/2/19 20:00,"43,19"
3/2/19 21:00,"42,54"
3/2/19 22:00,"42,07"
3/2/19 23:00,"41,71"
3/3/19 0:00,"41,22"
3/3/19 1:00,"41,52"
3/3/19 2:00,"41,1"
3/3/19 3:00,"40,98"
3/3/19 4:00,"41,41"
3/3/19 5:00,"39,1"
3/3/19 6:00,"40,11"
3/3/19 7:00,"40,96"
3/3/19 8:00,"40,88"
3/3/19 9:00,"42,11"
3/3/19 10:00,"42,66"
3/3/19 11:00,"42,62"
3/3/19 12:00,"42,49"
3/3/19 13:00,"41,94"
3/3/19 14:00,"40,95"
3/3/19 15:00,"39,68"
3/3/19 16:00,"40,29"
3/3/19 17:00,"41,79"
3/3/19 18:00,"42,92"
3/3/19 19:00,"43,12"
3/3/19 20:00,"42,68"
3/3/19 21:00,"42,23"
3/3/19 22:00,"41,91"
3/3/19 23:00,"41,47"
3/4/19 0:00,"41,58"
3/4/19 1:00,"41,64"
3/4/19 2:00,"41,11"
3/4/19 3:00,"41,29"
3/4/19 4:00,"40,7"
3/4/19 5:00,"41,48"
3/4/19 6:00,"42,32"
3/4/19 7:00,"42,94"
3/4/19 8:00,"44,03"
3/4/19 9:00,"44,4"
3/4/19 10:00,"44,3"
3/4/19 11:00,"43,79"
3/4/19 12:00,"42,95"
3/4/19 13:00,"42,87"
3/4/19 14:00,"42,83"
3/4/19 15:00,"42,85"
3/4/19 16:00,"42,88"
3/4/19 17:00,"43,22"
3/4/19 18:00,"43,1"
3/4/19 19:00,"43,02"
3/4/19 20:00,"42,69"
3/4/19 21:00,"42,83"
3/4/19 22:00,"42,21"
3/4/19 23:00,"41,62"
3/5/19 0:00,"42,13"
3/5/19 1:00,"41,99"
3/5/19 2:00,"41,93"
3/5/19 3:00,"41,99"
3/5/19 4:00,"42,03"
3/5/19 5:00,"42,02"
3/5/19 6:00,"42,33"
3/5/19 7:00,"44,24"
3/5/19 8:00,"44,68"
3/5/19 9:00,"44,73"
3/5/19 10:00,"44,71"
3/5/19 11:00,"44,39"
3/5/19 12:00,"43,99"
3/5/19 13:00,"43,79"
3/5/19 14:00,"43,77"
3/5/19 15:00,"44,38"
3/5/19 16:00,"46,09"
3/5/19 17:00,"47,69"
3/5/19 18:00,"48,68"
3/5/19 19:00,"48,61"
3/5/19 20:00,"47,74"
3/5/19 21:00,"46,41"
3/5/19 22:00,"44,75"
3/5/19 23:00,"42,79"
3/6/19 0:00,"43,07"
3/6/19 1:00,"42,75"
3/6/19 2:00,"42,51"
3/6/19 3:00,"42,58"
3/6/19 4:00,"43,44"
3/6/19 5:00,"44,81"
3/6/19 6:00,"45,48"
3/6/19 7:00,"47,53"
3/6/19 8:00,"47,79"
3/6/19 9:00,"47,8"
3/6/19 10:00,"47,41"
3/6/19 11:00,"46,84"
3/6/19 12:00,"46,32"
3/6/19 13:00,"46,07"
3/6/19 14:00,"45,63"
3/6/19 15:00,"45,04"
3/6/19 16:00,"45,35"
3/6/19 17:00,"45,73"
3/6/19 18:00,"45,88"
3/6/19 19:00,"44,98"
3/6/19 20:00,"43,99"
3/6/19 21:00,"43,1"
3/6/19 22:00,"42,46"
3/6/19 23:00,"41,95"
3/7/19 0:00,"42,54"
3/7/19 1:00,"41,82"
3/7/19 2:00,"41,6"
3/7/19 3:00,"41,6"
3/7/19 4:00,"41,07"
3/7/19 5:00,"43,11"
3/7/19 6:00,"44,79"
3/7/19 7:00,"47,02"
3/7/19 8:00,"47,88"
3/7/19 9:00,"47,61"
3/7/19 10:00,"47,45"
3/7/19 11:00,"46,69"
3/7/19 12:00,"45,91"
3/7/19 13:00,"45,54"
3/7/19 14:00,"44,91"
3/7/19 15:00,"44,42"
3/7/19 16:00,"43,99"
3/7/19 17:00,"44,7"
3/7/19 18:00,"45,02"
3/7/19 19:00,"45,01"
3/7/19 20:00,"43,44"
3/7/19 21:00,"42,97"
3/7/19 22:00,"42,59"
3/7/19 23:00,"41,91"
3/8/19 0:00,"42,14"
3/8/19 1:00,"41,83"
3/8/19 2:00,"41,65"
3/8/19 3:00,"41,61"
3/8/19 4:00,"41,54"
3/8/19 5:00,"41,62"
3/8/19 6:00,"42,45"
3/8/19 7:00,"43,64"
3/8/19 8:00,"44,21"
3/8/19 9:00,"44,22"
3/8/19 10:00,"44,01"
3/8/19 11:00,"43,41"
3/8/19 12:00,"42,86"
3/8/19 13:00,"42,35"
3/8/19 14:00,"41,95"
3/8/19 15:00,"41,93"
3/8/19 16:00,"42,16"
3/8/19 17:00,"42,84"
3/8/19 18:00,"44,07"
3/8/19 19:00,"43,95"
3/8/19 20:00,"43,6"
3/8/19 21:00,"43,14"
3/8/19 22:00,"42,64"
3/8/19 23:00,"42,24"
3/9/19 0:00,"42,91"
3/9/19 1:00,"42,63"
3/9/19 2:00,"42,46"
3/9/19 3:00,"42,35"
3/9/19 4:00,"42,4"
3/9/19 5:00,"42,62"
3/9/19 6:00,"42,87"
3/9/19 7:00,"42,99"
3/9/19 8:00,"43,36"
3/9/19 9:00,"44,27"
3/9/19 10:00,"44,99"
3/9/19 11:00,"44,16"
3/9/19 12:00,"43,52"
3/9/19 13:00,"43,44"
3/9/19 14:00,"43,23"
3/9/19 15:00,"43,19"
3/9/19 16:00,"43,34"
3/9/19 17:00,"43,72"
3/9/19 18:00,"44,12"
3/9/19 19:00,"44,93"
3/9/19 20:00,"44,07"
3/9/19 21:00,"44,47"
3/9/19 22:00,"44,33"
3/9/19 23:00,"44,27"
3/10/19 0:00,"43,86"
3/10/19 1:00,"43,79"
3/10/19 2:00,"43,73"
3/10/19 3:00,"43,73"
3/10/19 4:00,"43,79"
3/10/19 5:00,"43,5"
3/10/19 6:00,"43,27"
3/10/19 7:00,"43,04"
3/10/19 8:00,"43,18"
3/10/19 9:00,"43,7"
3/10/19 10:00,"43,58"
3/10/19 11:00,"43,65"
3/10/19 12:00,"43,53"
3/10/19 13:00,"43,04"
3/10/19 14:00,"42,96"
3/10/19 15:00,"42,88"
3/10/19 16:00,"42,99"
3/10/19 17:00,"43,51"
3/10/19 18:00,"44,36"
3/10/19 19:00,"44,08"
3/10/19 20:00,"43,27"
3/10/19 21:00,"43,36"
3/10/19 22:00,"43,17"
3/10/19 23:00,"42,73"
3/11/19 0:00,"42,81"
3/11/19 1:00,"42,57"
3/11/19 2:00,"42,75"
3/11/19 3:00,"42,48"
3/11/19 4:00,"42,31"
3/11/19 5:00,"43,96"
3/11/19 6:00,"45,63"
3/11/19 7:00,"47,96"
3/11/19 8:00,"49,11"
3/11/19 9:00,"48,09"
3/11/19 10:00,"47,05"
3/11/19 11:00,"46,3"
3/11/19 12:00,"45,7"
3/11/19 13:00,"45,43"
3/11/19 14:00,"45,05"
3/11/19 15:00,"44,87"
3/11/19 16:00,45
3/11/19 17:00,"46,56"
3/11/19 18:00,"49,08"
3/11/19 19:00,"48,94"
3/11/19 20:00,"47,73"
3/11/19 21:00,"46,38"
3/11/19 22:00,"46,08"
3/11/19 23:00,"44,01"
3/12/19 0:00,"42,82"
3/12/19 1:00,"42,23"
3/12/19 2:00,"42,16"
3/12/19 3:00,"41,99"
3/12/19 4:00,"42,81"
3/12/19 5:00,"44,19"
3/12/19 6:00,"46,83"
3/12/19 7:00,"52,05"
3/12/19 8:00,"49,73"
3/12/19 9:00,"47,68"
3/12/19 10:00,"47,02"
3/12/19 11:00,"45,8"
3/12/19 12:00,"45,27"
3/12/19 13:00,"45,28"
3/12/19 14:00,"44,96"
3/12/19 15:00,"44,62"
3/12/19 16:00,"44,14"
3/12/19 17:00,"44,76"
3/12/19 18:00,"45,1"
3/12/19 19:00,"44,93"
3/12/19 20:00,"43,93"
3/12/19 21:00,"43,57"
3/12/19 22:00,"42,58"
3/12/19 23:00,"42,01"
3/13/19 0:00,"41,54"
3/13/19 1:00,"40,78"
3/13/19 2:00,"40,58"
3/13/19 3:00,"40,34"
3/13/19 4:00,"40,16"
3/13/19 5:00,"40,45"
3/13/19 6:00,"42,13"
3/13/19 7:00,"43,69"
3/13/19 8:00,"44,34"
3/13/19 9:00,"44,18"
3/13/19 10:00,"43,82"
3/13/19 11:00,"43,47"
3/13/19 12:00,"43,16"
3/13/19 13:00,"42,96"
3/13/19 14:00,"42,9"
3/13/19 15:00,"42,9"
3/13/19 16:00,"43,13"
3/13/19 17:00,"43,94"
3/13/19 18:00,"44,35"
3/13/19 19:00,"43,98"
3/13/19 20:00,"42,76"
3/13/19 21:00,"42,36"
3/13/19 22:00,"41,9"
3/13/19 23:00,"41,3"
3/14/19 0:00,"40,97"
3/14/19 1:00,"40,71"
3/14/19 2:00,"40,64"
3/14/19 3:00,"40,72"
3/14/19 4:00,"40,87"
3/14/19 5:00,41
3/14/19 6:00,"41,89"
3/14/19 7:00,"43,93"
3/14/19 8:00,"45,03"
3/14/19 9:00,"44,7"
3/14/19 10:00,"44,25"
3/14/19 11:00,"43,62"
3/14/19 12:00,"43,44"
3/14/19 13:00,"43,06"
3/14/19 14:00,"42,94"
3/14/19 15:00,"42,92"
3/14/19 16:00,"42,94"
3/14/19 17:00,"43,72"
3/14/19 18:00,"44,3"
3/14/19 19:00,"43,65"
3/14/19 20:00,"42,93"
3/14/19 21:00,"42,07"
3/14/19 22:00,"41,32"
3/14/19 23:00,"41,15"
3/15/19 0:00,"41,21"
3/15/19 1:00,"40,92"
3/15/19 2:00,"40,74"
3/15/19 3:00,"40,89"
3/15/19 4:00,"41,23"
3/15/19 5:00,"42,09"
3/15/19 6:00,"43,12"
3/15/19 7:00,"44,99"
3/15/19 8:00,"45,17"
3/15/19 9:00,"44,95"
3/15/19 10:00,"44,65"
3/15/19 11:00,"44,23"
3/15/19 12:00,"43,88"
3/15/19 13:00,"43,5"
3/15/19 14:00,"43,14"
3/15/19 15:00,"43,02"
3/15/19 16:00,"43,12"
3/15/19 17:00,"43,35"
3/15/19 18:00,"43,71"
3/15/19 19:00,"42,94"
3/15/19 20:00,"42,24"
3/15/19 21:00,"41,78"
3/15/19 22:00,"41,5"
3/15/19 23:00,"41,2"
3/16/19 0:00,"41,3"
3/16/19 1:00,"41,18"
3/16/19 2:00,"41,22"
3/16/19 3:00,"40,73"
3/16/19 4:00,"40,84"
3/16/19 5:00,"40,96"
3/16/19 6:00,"41,37"
3/16/19 7:00,"41,15"
3/16/19 8:00,"41,33"
3/16/19 9:00,"41,7"
3/16/19 10:00,"41,8"
3/16/19 11:00,"41,77"
3/16/19 12:00,"41,33"
3/16/19 13:00,"41,08"
3/16/19 14:00,"40,91"
3/16/19 15:00,"40,47"
3/16/19 16:00,"41,15"
3/16/19 17:00,"42,01"
3/16/19 18:00,"42,9"
3/16/19 19:00,"42,32"
3/16/19 20:00,"41,33"
3/16/19 21:00,"41,06"
3/16/19 22:00,"40,65"
3/16/19 23:00,"39,83"
3/17/19 0:00,"39,41"
3/17/19 1:00,"39,08"
3/17/19 2:00,"38,96"
3/17/19 3:00,"38,9"
3/17/19 4:00,"38,92"
3/17/19 5:00,"39,02"
3/17/19 6:00,"39,91"
3/17/19 7:00,"40,19"
3/17/19 8:00,"40,38"
3/17/19 9:00,"40,73"
3/17/19 10:00,"40,93"
3/17/19 11:00,"40,93"
3/17/19 12:00,"40,73"
3/17/19 13:00,"40,63"
3/17/19 14:00,"40,53"
3/17/19 15:00,"40,49"
3/17/19 16:00,"40,55"
3/17/19 17:00,"41,13"
3/17/19 18:00,"41,85"
3/17/19 19:00,"42,62"
3/17/19 20:00,"42,24"
3/17/19 21:00,"41,47"
3/17/19 22:00,"40,62"
3/17/19 23:00,"40,81"
3/18/19 0:00,"40,29"
3/18/19 1:00,"40,11"
3/18/19 2:00,"39,99"
3/18/19 3:00,"39,8"
3/18/19 4:00,"39,2"
3/18/19 5:00,"40,97"
3/18/19 6:00,"42,64"
3/18/19 7:00,"44,91"
3/18/19 8:00,"44,22"
3/18/19 9:00,"43,21"
3/18/19 10:00,"42,88"
3/18/19 11:00,"42,44"
3/18/19 12:00,"42,33"
3/18/19 13:00,"42,32"
3/18/19 14:00,"42,16"
3/18/19 15:00,"42,09"
3/18/19 16:00,"42,19"
3/18/19 17:00,"43,04"
3/18/19 18:00,"44,65"
3/18/19 19:00,"45,03"
3/18/19 20:00,"44,25"
3/18/19 21:00,"42,96"
3/18/19 22:00,"42,26"
3/18/19 23:00,"42,08"
3/19/19 0:00,"42,08"
3/19/19 1:00,"41,98"
3/19/19 2:00,"41,86"
3/19/19 3:00,"41,9"
3/19/19 4:00,"41,97"
3/19/19 5:00,"42,76"
3/19/19 6:00,"45,46"
3/19/19 7:00,"51,27"
3/19/19 8:00,"54,38"
3/19/19 9:00,"49,69"
3/19/19 10:00,"46,31"
3/19/19 11:00,"44,93"
3/19/19 12:00,"44,38"
3/19/19 13:00,"43,95"
3/19/19 14:00,"43,75"
3/19/19 15:00,"43,88"
3/19/19 16:00,"44,61"
3/19/19 17:00,"48,96"
3/19/19 18:00,"55,17"
3/19/19 19:00,"59,27"
3/19/19 20:00,"50,87"
3/19/19 21:00,"45,35"
3/19/19 22:00,"43,71"
3/19/19 23:00,"42,09"
3/20/19 0:00,"41,26"
3/20/19 1:00,"40,25"
3/20/19 2:00,"40,13"
3/20/19 3:00,"40,13"
3/20/19 4:00,"39,85"
3/20/19 5:00,"41,05"
3/20/19 6:00,"42,59"
3/20/19 7:00,"44,1"
3/20/19 8:00,"43,85"
3/20/19 9:00,"42,88"
3/20/19 10:00,"42,13"
3/20/19 11:00,"41,54"
3/20/19 12:00,"41,07"
3/20/19 13:00,"40,93"
3/20/19 14:00,"41,03"
3/20/19 15:00,"41,36"
3/20/19 16:00,"42,1"
3/20/19 17:00,"43,66"
3/20/19 18:00,"44,96"
3/20/19 19:00,"43,83"
3/20/19 20:00,"43,14"
3/20/19 21:00,"42,82"
3/20/19 22:00,"41,96"
3/20/19 23:00,"41,08"
3/21/19 0:00,"38,97"
3/21/19 1:00,"38,84"
3/21/19 2:00,"38,71"
3/21/19 3:00,"38,74"
3/21/19 4:00,"38,14"
3/21/19 5:00,"39,24"
3/21/19 6:00,"41,12"
3/21/19 7:00,"42,69"
3/21/19 8:00,"43,33"
3/21/19 9:00,"41,28"
3/21/19 10:00,"40,08"
3/21/19 11:00,"39,41"
3/21/19 12:00,"39,22"
3/21/19 13:00,"38,97"
3/21/19 14:00,"38,91"
3/21/19 15:00,"38,88"
3/21/19 16:00,"39,85"
3/21/19 17:00,"41,15"
3/21/19 18:00,"41,99"
3/21/19 19:00,"41,72"
3/21/19 20:00,"40,99"
3/21/19 21:00,"41,49"
3/21/19 22:00,"40,85"
3/21/19 23:00,"40,38"
3/22/19 0:00,"39,62"
3/22/19 1:00,"38,31"
3/22/19 2:00,"38,12"
3/22/19 3:00,"38,03"
3/22/19 4:00,"38,33"
3/22/19 5:00,"40,53"
3/22/19 6:00,"42,95"
3/22/19 7:00,"49,35"
3/22/19 8:00,"47,63"
3/22/19 9:00,"44,15"
3/22/19 10:00,"41,73"
3/22/19 11:00,"40,59"
3/22/19 12:00,"40,07"
3/22/19 13:00,"39,33"
3/22/19 14:00,"38,68"
3/22/19 15:00,"38,48"
3/22/19 16:00,"39,17"
3/22/19 17:00,"41,14"
3/22/19 18:00,"41,85"
3/22/19 19:00,"40,76"
3/22/19 20:00,"40,22"
3/22/19 21:00,"39,99"
3/22/19 22:00,"39,79"
3/22/19 23:00,"38,35"
3/23/19 0:00,"37,71"
3/23/19 1:00,"37,7"
3/23/19 2:00,"37,61"
3/23/19 3:00,"37,54"
3/23/19 4:00,"37,53"
3/23/19 5:00,"37,52"
3/23/19 6:00,"37,86"
3/23/19 7:00,"38,86"
3/23/19 8:00,"38,43"
3/23/19 9:00,"39,07"
3/23/19 10:00,"38,57"
3/23/19 11:00,"37,83"
3/23/19 12:00,"37,51"
3/23/19 13:00,"37,16"
3/23/19 14:00,"37,49"
3/23/19 15:00,"37,12"
3/23/19 16:00,"37,55"
3/23/19 17:00,"38,06"
3/23/19 18:00,"39,62"
3/23/19 19:00,"39,97"
3/23/19 20:00,"39,95"
3/23/19 21:00,"39,16"
3/23/19 22:00,"39,25"
3/23/19 23:00,"38,45"
3/24/19 0:00,"39,15"
3/24/19 1:00,"38,17"
3/24/19 2:00,"37,91"
3/24/19 3:00,"37,81"
3/24/19 4:00,"37,73"
3/24/19 5:00,"37,89"
3/24/19 6:00,"38,02"
3/24/19 7:00,"37,87"
3/24/19 8:00,"37,99"
3/24/19 9:00,"38,16"
3/24/19 10:00,"38,27"
3/24/19 11:00,"38,24"
3/24/19 12:00,"38,03"
3/24/19 13:00,"38,29"
3/24/19 14:00,"37,91"
3/24/19 15:00,"37,86"
3/24/19 16:00,"37,97"
3/24/19 17:00,"37,83"
3/24/19 18:00,"39,21"
3/24/19 19:00,"40,45"
3/24/19 20:00,"39,25"
3/24/19 21:00,"38,84"
3/24/19 22:00,"38,82"
3/24/19 23:00,"38,8"
3/25/19 0:00,"39,19"
3/25/19 1:00,"39,13"
3/25/19 2:00,"39,06"
3/25/19 3:00,"38,99"
3/25/19 4:00,"38,66"
3/25/19 5:00,"39,19"
3/25/19 6:00,"39,84"
3/25/19 7:00,"40,96"
3/25/19 8:00,"41,62"
3/25/19 9:00,41
3/25/19 10:00,"40,45"
3/25/19 11:00,"40,27"
3/25/19 12:00,"39,98"
3/25/19 13:00,"39,73"
3/25/19 14:00,"39,4"
3/25/19 15:00,"39,32"
3/25/19 16:00,"39,5"
3/25/19 17:00,"40,17"
3/25/19 18:00,"41,2"
3/25/19 19:00,"42,96"
3/25/19 20:00,"41,84"
3/25/19 21:00,"40,33"
3/25/19 22:00,"40,33"
3/25/19 23:00,"39,66"
3/26/19 0:00,"39,22"
3/26/19 1:00,39
3/26/19 2:00,"38,94"
3/26/19 3:00,"39,02"
3/26/19 4:00,"38,79"
3/26/19 5:00,"39,33"
3/26/19 6:00,"40,28"
3/26/19 7:00,"41,52"
3/26/19 8:00,"41,38"
3/26/19 9:00,"40,69"
3/26/19 10:00,"40,65"
3/26/19 11:00,"40,34"
3/26/19 12:00,"40,06"
3/26/19 13:00,"39,85"
3/26/19 14:00,"39,85"
3/26/19 15:00,"39,96"
3/26/19 16:00,40
3/26/19 17:00,"40,69"
3/26/19 18:00,"41,63"
3/26/19 19:00,"43,29"
3/26/19 20:00,"43,04"
3/26/19 21:00,"41,92"
3/26/19 22:00,"40,87"
3/26/19 23:00,"39,82"
3/27/19 0:00,"39,23"
3/27/19 1:00,"39,02"
3/27/19 2:00,"38,95"
3/27/19 3:00,39
3/27/19 4:00,"38,97"
3/27/19 5:00,"39,85"
3/27/19 6:00,"40,6"
3/27/19 7:00,"43,37"
3/27/19 8:00,"45,33"
3/27/19 9:00,"42,73"
3/27/19 10:00,"41,48"
3/27/19 11:00,"40,61"
3/27/19 12:00,40
3/27/19 13:00,"39,58"
3/27/19 14:00,"39,47"
3/27/19 15:00,"39,48"
3/27/19 16:00,40
3/27/19 17:00,"40,66"
3/27/19 18:00,"41,8"
3/27/19 19:00,"42,09"
3/27/19 20:00,"41,09"
3/27/19 21:00,"40,42"
3/27/19 22:00,"40,42"
3/27/19 23:00,"39,25"
3/28/19 0:00,"38,65"
3/28/19 1:00,"38,49"
3/28/19 2:00,"38,39"
3/28/19 3:00,"38,46"
3/28/19 4:00,"38,29"
3/28/19 5:00,"40,15"
3/28/19 6:00,41
3/28/19 7:00,"42,49"
3/28/19 8:00,"42,6"
3/28/19 9:00,"42,26"
3/28/19 10:00,"42,12"
3/28/19 11:00,"41,62"
3/28/19 12:00,"41,18"
3/28/19 13:00,"41,08"
3/28/19 14:00,"40,78"
3/28/19 15:00,"40,79"
3/28/19 16:00,"41,17"
3/28/19 17:00,"41,15"
3/28/19 18:00,"41,27"
3/28/19 19:00,"41,42"
3/28/19 20:00,"41,23"
3/28/19 21:00,"41,37"
3/28/19 22:00,"41,28"
3/28/19 23:00,"40,41"
3/29/19 0:00,"39,59"
3/29/19 1:00,"38,41"
3/29/19 2:00,"38,33"
3/29/19 3:00,"38,42"
3/29/19 4:00,"38,52"
3/29/19 5:00,"39,93"
3/29/19 6:00,"41,19"
3/29/19 7:00,"41,47"
3/29/19 8:00,"41,45"
3/29/19 9:00,"41,16"
3/29/19 10:00,"39,9"
3/29/19 11:00,"39,27"
3/29/19 12:00,"38,5"
3/29/19 13:00,"38,12"
3/29/19 14:00,"38,43"
3/29/19 15:00,"38,12"
3/29/19 16:00,"39,25"
3/29/19 17:00,"39,91"
3/29/19 18:00,"40,07"
3/29/19 19:00,"39,87"
3/29/19 20:00,"39,93"
3/29/19 21:00,"40,09"
3/29/19 22:00,"39,89"
3/29/19 23:00,"39,51"
3/30/19 0:00,"38,68"
3/30/19 1:00,"38,1"
3/30/19 2:00,"37,96"
3/30/19 3:00,"37,85"
3/30/19 4:00,"37,76"
3/30/19 5:00,"38,13"
3/30/19 6:00,"38,09"
3/30/19 7:00,"38,11"
3/30/19 8:00,"38,33"
3/30/19 9:00,"38,33"
3/30/19 10:00,"38,22"
3/30/19 11:00,"38,07"
3/30/19 12:00,"37,93"
3/30/19 13:00,"37,82"
3/30/19 14:00,"37,58"
3/30/19 15:00,"37,56"
3/30/19 16:00,"37,89"
3/30/19 17:00,"38,68"
3/30/19 18:00,"39,29"
3/30/19 19:00,"39,49"
3/30/19 20:00,"39,56"
3/30/19 21:00,"39,23"
3/30/19 22:00,"38,99"
3/30/19 23:00,"38,64"
3/31/19 0:00,"38,82"
3/31/19 1:00,"38,56"
3/31/19 2:00,"38,74"
3/31/19 3:00,"38,61"
3/31/19 4:00,"38,61"
3/31/19 5:00,"38,55"
3/31/19 6:00,"38,56"
3/31/19 7:00,"38,61"
3/31/19 8:00,"38,64"
3/31/19 9:00,"38,66"
3/31/19 10:00,"38,62"
3/31/19 11:00,"38,58"
3/31/19 12:00,"38,46"
3/31/19 13:00,"38,36"
3/31/19 14:00,"38,21"
3/31/19 15:00,"38,01"
3/31/19 16:00,"38,21"
3/31/19 17:00,"38,51"
3/31/19 18:00,"39,12"
3/31/19 19:00,"40,46"
3/31/19 20:00,"39,28"
3/31/19 21:00,"39,26"
3/31/19 22:00,"38,67"
3/31/19 23:00,"38,74"
4/1/19 0:00,"38,59"
4/1/19 1:00,"38,59"
4/1/19 2:00,"38,59"
4/1/19 3:00,"38,29"
4/1/19 4:00,"39,47"
4/1/19 5:00,"41,58"
4/1/19 6:00,"44,72"
4/1/19 7:00,"48,28"
4/1/19 8:00,"44,24"
4/1/19 9:00,"41,61"
4/1/19 10:00,"40,07"
4/1/19 11:00,"39,2"
4/1/19 12:00,"38,98"
4/1/19 13:00,"37,96"
4/1/19 14:00,"37,92"
4/1/19 15:00,"37,95"
4/1/19 16:00,"38,67"
4/1/19 17:00,"40,62"
4/1/19 18:00,"41,35"
4/1/19 19:00,41
4/1/19 20:00,"39,59"
4/1/19 21:00,"38,51"
4/1/19 22:00,"38,02"
4/1/19 23:00,"37,09"
4/2/19 0:00,"37,03"
4/2/19 1:00,"36,94"
4/2/19 2:00,"36,94"
4/2/19 3:00,"36,7"
4/2/19 4:00,"36,67"
4/2/19 5:00,"39,63"
4/2/19 6:00,"42,18"
4/2/19 7:00,"42,16"
4/2/19 8:00,"40,5"
4/2/19 9:00,"39,4"
4/2/19 10:00,"38,69"
4/2/19 11:00,"38,58"
4/2/19 12:00,"38,64"
4/2/19 13:00,"37,77"
4/2/19 14:00,"37,75"
4/2/19 15:00,"37,52"
4/2/19 16:00,"37,78"
4/2/19 17:00,"39,03"
4/2/19 18:00,"39,57"
4/2/19 19:00,"39,43"
4/2/19 20:00,"39,31"
4/2/19 21:00,"38,91"
4/2/19 22:00,"37,89"
4/2/19 23:00,"37,16"
4/3/19 0:00,"37,3"
4/3/19 1:00,"37,26"
4/3/19 2:00,"37,26"
4/3/19 3:00,"36,93"
4/3/19 4:00,"38,43"
4/3/19 5:00,"40,75"
4/3/19 6:00,"42,79"
4/3/19 7:00,"43,07"
4/3/19 8:00,"42,84"
4/3/19 9:00,"42,7"
4/3/19 10:00,"42,48"
4/3/19 11:00,"42,4"
4/3/19 12:00,"41,73"
4/3/19 13:00,"40,77"
4/3/19 14:00,"40,48"
4/3/19 15:00,"40,73"
4/3/19 16:00,"41,08"
4/3/19 17:00,"41,26"
4/3/19 18:00,"41,39"
4/3/19 19:00,"40,89"
4/3/19 20:00,"40,37"
4/3/19 21:00,"39,74"
4/3/19 22:00,"38,56"
4/3/19 23:00,"38,02"
4/4/19 0:00,"37,95"
4/4/19 1:00,"37,88"
4/4/19 2:00,"37,81"
4/4/19 3:00,"37,19"
4/4/19 4:00,"38,63"
4/4/19 5:00,"40,54"
4/4/19 6:00,"42,67"
4/4/19 7:00,"42,05"
4/4/19 8:00,"41,55"
4/4/19 9:00,"41,12"
4/4/19 10:00,"40,94"
4/4/19 11:00,"40,75"
4/4/19 12:00,"40,33"
4/4/19 13:00,"38,73"
4/4/19 14:00,"38,37"
4/4/19 15:00,"39,03"
4/4/19 16:00,"39,86"
4/4/19 17:00,"40,63"
4/4/19 18:00,"40,71"
4/4/19 19:00,"40,29"
4/4/19 20:00,"39,66"
4/4/19 21:00,"38,72"
4/4/19 22:00,"37,78"
4/4/19 23:00,"36,53"
4/5/19 0:00,"36,48"
4/5/19 1:00,"36,57"
4/5/19 2:00,"36,22"
4/5/19 3:00,"37,37"
4/5/19 4:00,"39,18"
4/5/19 5:00,"40,89"
4/5/19 6:00,"42,44"
4/5/19 7:00,"43,93"
4/5/19 8:00,"43,17"
4/5/19 9:00,"42,34"
4/5/19 10:00,"41,29"
4/5/19 11:00,"40,73"
4/5/19 12:00,"40,08"
4/5/19 13:00,"39,09"
4/5/19 14:00,"38,84"
4/5/19 15:00,"39,12"
4/5/19 16:00,"39,98"
4/5/19 17:00,"40,63"
4/5/19 18:00,"40,6"
4/5/19 19:00,"40,21"
4/5/19 20:00,"40,46"
4/5/19 21:00,"39,48"
4/5/19 22:00,"39,16"
4/5/19 23:00,"40,77"
4/6/19 0:00,"40,22"
4/6/19 1:00,"39,58"
4/6/19 2:00,"39,21"
4/6/19 3:00,"39,13"
4/6/19 4:00,"39,09"
4/6/19 5:00,"40,24"
4/6/19 6:00,"40,69"
4/6/19 7:00,"41,62"
4/6/19 8:00,"41,67"
4/6/19 9:00,"41,17"
4/6/19 10:00,"40,25"
4/6/19 11:00,"39,12"
4/6/19 12:00,"39,14"
4/6/19 13:00,"38,67"
4/6/19 14:00,"38,4"
4/6/19 15:00,"38,61"
4/6/19 16:00,"39,65"
4/6/19 17:00,"40,29"
4/6/19 18:00,"40,9"
4/6/19 19:00,"41,07"
4/6/19 20:00,"40,38"
4/6/19 21:00,"40,03"
4/6/19 22:00,"39,9"
4/6/19 23:00,"40,45"
4/7/19 0:00,"39,91"
4/7/19 1:00,"39,06"
4/7/19 2:00,"39,05"
4/7/19 3:00,"39,07"
4/7/19 4:00,"39,16"
4/7/19 5:00,"38,79"
4/7/19 6:00,"39,43"
4/7/19 7:00,"40,51"
4/7/19 8:00,"40,66"
4/7/19 9:00,"39,66"
4/7/19 10:00,"39,54"
4/7/19 11:00,"39,19"
4/7/19 12:00,"38,88"
4/7/19 13:00,"38,56"
4/7/19 14:00,"38,35"
4/7/19 15:00,"38,29"
4/7/19 16:00,"39,16"
4/7/19 17:00,"41,02"
4/7/19 18:00,"42,22"
4/7/19 19:00,"42,35"
4/7/19 20:00,"42,5"
4/7/19 21:00,"42,04"
4/7/19 22:00,"41,65"
4/7/19 23:00,"40,58"
4/8/19 0:00,"39,1"
4/8/19 1:00,"38,59"
4/8/19 2:00,"38,39"
4/8/19 3:00,"38,43"
4/8/19 4:00,"40,6"
4/8/19 5:00,"42,59"
4/8/19 6:00,"44,43"
4/8/19 7:00,"44,84"
4/8/19 8:00,"44,49"
4/8/19 9:00,"44,17"
4/8/19 10:00,"42,98"
4/8/19 11:00,"42,35"
4/8/19 12:00,"41,85"
4/8/19 13:00,"40,42"
4/8/19 14:00,"40,17"
4/8/19 15:00,"40,76"
4/8/19 16:00,"41,81"
4/8/19 17:00,"43,1"
4/8/19 18:00,"43,95"
4/8/19 19:00,"43,25"
4/8/19 20:00,"42,38"
4/8/19 21:00,"41,01"
4/8/19 22:00,"38,9"
4/8/19 23:00,"39,84"
4/9/19 0:00,"39,79"
4/9/19 1:00,"39,8"
4/9/19 2:00,"39,77"
4/9/19 3:00,"39,72"
4/9/19 4:00,"40,79"
4/9/19 5:00,"44,15"
4/9/19 6:00,47
4/9/19 7:00,"49,8"
4/9/19 8:00,"47,03"
4/9/19 9:00,"45,61"
4/9/19 10:00,"44,4"
4/9/19 11:00,"43,15"
4/9/19 12:00,"42,29"
4/9/19 13:00,"40,9"
4/9/19 14:00,"40,68"
4/9/19 15:00,"41,48"
4/9/19 16:00,"42,06"
4/9/19 17:00,"43,53"
4/9/19 18:00,"45,05"
4/9/19 19:00,"44,47"
4/9/19 20:00,"42,7"
4/9/19 21:00,"42,07"
4/9/19 22:00,"40,36"
4/9/19 23:00,"40,47"
4/10/19 0:00,"40,11"
4/10/19 1:00,"39,93"
4/10/19 2:00,"39,95"
4/10/19 3:00,"39,88"
4/10/19 4:00,"42,26"
4/10/19 5:00,"44,37"
4/10/19 6:00,"48,79"
4/10/19 7:00,"55,95"
4/10/19 8:00,"48,97"
4/10/19 9:00,"46,15"
4/10/19 10:00,"44,5"
4/10/19 11:00,"43,88"
4/10/19 12:00,"43,53"
4/10/19 13:00,"42,41"
4/10/19 14:00,"42,43"
4/10/19 15:00,"43,46"
4/10/19 16:00,"44,01"
4/10/19 17:00,"45,09"
4/10/19 18:00,"45,68"
4/10/19 19:00,"45,79"
4/10/19 20:00,"44,26"
4/10/19 21:00,"43,65"
4/10/19 22:00,"42,01"
4/10/19 23:00,"42,47"
4/11/19 0:00,"41,94"
4/11/19 1:00,"41,9"
4/11/19 2:00,"41,96"
4/11/19 3:00,"42,3"
4/11/19 4:00,"43,92"
4/11/19 5:00,"47,91"
4/11/19 6:00,"54,6"
4/11/19 7:00,"57,34"
4/11/19 8:00,"50,04"
4/11/19 9:00,"48,55"
4/11/19 10:00,"47,5"
4/11/19 11:00,"47,44"
4/11/19 12:00,"47,48"
4/11/19 13:00,"45,96"
4/11/19 14:00,"45,28"
4/11/19 15:00,"46,05"
4/11/19 16:00,"46,27"
4/11/19 17:00,"47,69"
4/11/19 18:00,"48,75"
4/11/19 19:00,"49,35"
4/11/19 20:00,"47,96"
4/11/19 21:00,"47,2"
4/11/19 22:00,"45,11"
4/11/19 23:00,44
4/12/19 0:00,"43,68"
4/12/19 1:00,"43,59"
4/12/19 2:00,"43,7"
4/12/19 3:00,"44,19"
4/12/19 4:00,"45,92"
4/12/19 5:00,"47,52"
4/12/19 6:00,"57,09"
4/12/19 7:00,"58,16"
4/12/19 8:00,"49,9"
4/12/19 9:00,"48,4"
4/12/19 10:00,"46,99"
4/12/19 11:00,"45,95"
4/12/19 12:00,"45,2"
4/12/19 13:00,"44,15"
4/12/19 14:00,"43,57"
4/12/19 15:00,"43,61"
4/12/19 16:00,44
4/12/19 17:00,"45,72"
4/12/19 18:00,"46,88"
4/12/19 19:00,"47,02"
4/12/19 20:00,"45,36"
4/12/19 21:00,"44,72"
4/12/19 22:00,"43,83"
4/12/19 23:00,"44,78"
4/13/19 0:00,"43,89"
4/13/19 1:00,"43,41"
4/13/19 2:00,"43,09"
4/13/19 3:00,"43,32"
4/13/19 4:00,"43,3"
4/13/19 5:00,"43,88"
4/13/19 6:00,"44,99"
4/13/19 7:00,"46,14"
4/13/19 8:00,"45,9"
4/13/19 9:00,"44,65"
4/13/19 10:00,"44,04"
4/13/19 11:00,"43,82"
4/13/19 12:00,"43,45"
4/13/19 13:00,"43,18"
4/13/19 14:00,"42,96"
4/13/19 15:00,"43,02"
4/13/19 16:00,"43,46"
4/13/19 17:00,"44,13"
4/13/19 18:00,"44,99"
4/13/19 19:00,"45,27"
4/13/19 20:00,"44,11"
4/13/19 21:00,"43,6"
4/13/19 22:00,"43,21"
4/13/19 23:00,"42,74"
4/14/19 0:00,"42,51"
4/14/19 1:00,"42,37"
4/14/19 2:00,"42,45"
4/14/19 3:00,"42,49"
4/14/19 4:00,"42,6"
4/14/19 5:00,"42,89"
4/14/19 6:00,"43,04"
4/14/19 7:00,"43,21"
4/14/19 8:00,"43,66"
4/14/19 9:00,"43,45"
4/14/19 10:00,"43,13"
4/14/19 11:00,"42,87"
4/14/19 12:00,"42,65"
4/14/19 13:00,"42,47"
4/14/19 14:00,"42,31"
4/14/19 15:00,"42,23"
4/14/19 16:00,"42,32"
4/14/19 17:00,"43,26"
4/14/19 18:00,"44,7"
4/14/19 19:00,"45,62"
4/14/19 20:00,"44,41"
4/14/19 21:00,"43,92"
4/14/19 22:00,"43,55"
4/14/19 23:00,"43,94"
4/15/19 0:00,"43,23"
4/15/19 1:00,"43,1"
4/15/19 2:00,"43,2"
4/15/19 3:00,"43,36"
4/15/19 4:00,"45,1"
4/15/19 5:00,"47,35"
4/15/19 6:00,"50,24"
4/15/19 7:00,"50,44"
4/15/19 8:00,"47,29"
4/15/19 9:00,"45,88"
4/15/19 10:00,"44,81"
4/15/19 11:00,"44,47"
4/15/19 12:00,"44,31"
4/15/19 13:00,"43,85"
4/15/19 14:00,"43,62"
4/15/19 15:00,"43,88"
4/15/19 16:00,"44,45"
4/15/19 17:00,"45,88"
4/15/19 18:00,"46,91"
4/15/19 19:00,"47,01"
4/15/19 20:00,"45,7"
4/15/19 21:00,"43,98"
4/15/19 22:00,"42,92"
4/15/19 23:00,"43,17"
4/16/19 0:00,"43,05"
4/16/19 1:00,"43,04"
4/16/19 2:00,"43,18"
4/16/19 3:00,"43,5"
4/16/19 4:00,"44,17"
4/16/19 5:00,"46,22"
4/16/19 6:00,"48,61"
4/16/19 7:00,"48,21"
4/16/19 8:00,"46,62"
4/16/19 9:00,"44,72"
4/16/19 10:00,"44,42"
4/16/19 11:00,"44,16"
4/16/19 12:00,"44,17"
4/16/19 13:00,"43,83"
4/16/19 14:00,"43,58"
4/16/19 15:00,"43,58"
4/16/19 16:00,"44,5"
4/16/19 17:00,"46,1"
4/16/19 18:00,"46,81"
4/16/19 19:00,"47,22"
4/16/19 20:00,"46,39"
4/16/19 21:00,"44,16"
4/16/19 22:00,"41,94"
4/16/19 23:00,"42,1"
4/17/19 0:00,"41,83"
4/17/19 1:00,"41,68"
4/17/19 2:00,"41,92"
4/17/19 3:00,"42,27"
4/17/19 4:00,"43,38"
4/17/19 5:00,"45,68"
4/17/19 6:00,"46,7"
4/17/19 7:00,"47,43"
4/17/19 8:00,"46,53"
4/17/19 9:00,"45,92"
4/17/19 10:00,"44,57"
4/17/19 11:00,"43,91"
4/17/19 12:00,"43,28"
4/17/19 13:00,"42,98"
4/17/19 14:00,"42,91"
4/17/19 15:00,"42,93"
4/17/19 16:00,"43,19"
4/17/19 17:00,"44,41"
4/17/19 18:00,"45,12"
4/17/19 19:00,"45,73"
4/17/19 20:00,"44,26"
4/17/19 21:00,"42,97"
4/17/19 22:00,"41,8"
4/17/19 23:00,"42,73"
4/18/19 0:00,"42,59"
4/18/19 1:00,"42,57"
4/18/19 2:00,"42,71"
4/18/19 3:00,"42,97"
4/18/19 4:00,"44,04"
4/18/19 5:00,"44,77"
4/18/19 6:00,"45,8"
4/18/19 7:00,"46,34"
4/18/19 8:00,"45,65"
4/18/19 9:00,"44,57"
4/18/19 10:00,"43,63"
4/18/19 11:00,"43,03"
4/18/19 12:00,"42,42"
4/18/19 13:00,"42,2"
4/18/19 14:00,"42,09"
4/18/19 15:00,"42,07"
4/18/19 16:00,"42,68"
4/18/19 17:00,"44,01"
4/18/19 18:00,"44,77"
4/18/19 19:00,"44,92"
4/18/19 20:00,"44,23"
4/18/19 21:00,"43,19"
4/18/19 22:00,"41,39"
4/18/19 23:00,"41,62"
4/19/19 0:00,"41,61"
4/19/19 1:00,"40,94"
4/19/19 2:00,"41,01"
4/19/19 3:00,"40,97"
4/19/19 4:00,"41,25"
4/19/19 5:00,"41,67"
4/19/19 6:00,"42,68"
4/19/19 7:00,"43,83"
4/19/19 8:00,"43,73"
4/19/19 9:00,"42,97"
4/19/19 10:00,"42,76"
4/19/19 11:00,"42,28"
4/19/19 12:00,"41,93"
4/19/19 13:00,"41,4"
4/19/19 14:00,"40,99"
4/19/19 15:00,"41,79"
4/19/19 16:00,"42,22"
4/19/19 17:00,"42,97"
4/19/19 18:00,"43,68"
4/19/19 19:00,"43,2"
4/19/19 20:00,"44,09"
4/19/19 21:00,"43,88"
4/19/19 22:00,"41,62"
4/19/19 23:00,"42,45"
4/20/19 0:00,"40,96"
4/20/19 1:00,"40,46"
4/20/19 2:00,"40,75"
4/20/19 3:00,"41,26"
4/20/19 4:00,"40,54"
4/20/19 5:00,"41,24"
4/20/19 6:00,"41,42"
4/20/19 7:00,"42,67"
4/20/19 8:00,"42,99"
4/20/19 9:00,"42,88"
4/20/19 10:00,"42,01"
4/20/19 11:00,"41,5"
4/20/19 12:00,"40,99"
4/20/19 13:00,"40,71"
4/20/19 14:00,"40,18"
4/20/19 15:00,"40,46"
4/20/19 16:00,"42,53"
4/20/19 17:00,"43,33"
4/20/19 18:00,"44,01"
4/20/19 19:00,"44,05"
4/20/19 20:00,"43,57"
4/20/19 21:00,"42,9"
4/20/19 22:00,"41,37"
4/20/19 23:00,"40,96"
4/21/19 0:00,"40,92"
4/21/19 1:00,"40,91"
4/21/19 2:00,"40,93"
4/21/19 3:00,"40,96"
4/21/19 4:00,"41,74"
4/21/19 5:00,"41,28"
4/21/19 6:00,"41,57"
4/21/19 7:00,"41,61"
4/21/19 8:00,"41,84"
4/21/19 9:00,"41,76"
4/21/19 10:00,"41,51"
4/21/19 11:00,"41,18"
4/21/19 12:00,"40,99"
4/21/19 13:00,"40,98"
4/21/19 14:00,"40,54"
4/21/19 15:00,"40,18"
4/21/19 16:00,"40,28"
4/21/19 17:00,"42,08"
4/21/19 18:00,"43,57"
4/21/19 19:00,"44,04"
4/21/19 20:00,"43,1"
4/21/19 21:00,"42,48"
4/21/19 22:00,"39,61"
4/21/19 23:00,"39,15"
4/22/19 0:00,"38,86"
4/22/19 1:00,"38,5"
4/22/19 2:00,"38,82"
4/22/19 3:00,"38,33"
4/22/19 4:00,"39,04"
4/22/19 5:00,"38,7"
4/22/19 6:00,"39,29"
4/22/19 7:00,"40,79"
4/22/19 8:00,"41,12"
4/22/19 9:00,"41,47"
4/22/19 10:00,"41,08"
4/22/19 11:00,"40,47"
4/22/19 12:00,"39,99"
4/22/19 13:00,"38,9"
4/22/19 14:00,"39,16"
4/22/19 15:00,"39,71"
4/22/19 16:00,"40,7"
4/22/19 17:00,"41,44"
4/22/19 18:00,"41,43"
4/22/19 19:00,"41,13"
4/22/19 20:00,"41,86"
4/22/19 21:00,"41,42"
4/22/19 22:00,"41,49"
4/22/19 23:00,"39,98"
4/23/19 0:00,"39,15"
4/23/19 1:00,"39,15"
4/23/19 2:00,"39,31"
4/23/19 3:00,39
4/23/19 4:00,"39,65"
4/23/19 5:00,"41,36"
4/23/19 6:00,"43,66"
4/23/19 7:00,"43,99"
4/23/19 8:00,"43,37"
4/23/19 9:00,"42,77"
4/23/19 10:00,"42,51"
4/23/19 11:00,"41,22"
4/23/19 12:00,"40,45"
4/23/19 13:00,"39,51"
4/23/19 14:00,"38,98"
4/23/19 15:00,"38,92"
4/23/19 16:00,"39,99"
4/23/19 17:00,"40,86"
4/23/19 18:00,"41,11"
4/23/19 19:00,"41,04"
4/23/19 20:00,"41,47"
4/23/19 21:00,"41,25"
4/23/19 22:00,"40,46"
4/23/19 23:00,"39,26"
4/24/19 0:00,"39,05"
4/24/19 1:00,"39,07"
4/24/19 2:00,"39,1"
4/24/19 3:00,"38,59"
4/24/19 4:00,"39,19"
4/24/19 5:00,"40,1"
4/24/19 6:00,"43,18"
4/24/19 7:00,"43,85"
4/24/19 8:00,"41,97"
4/24/19 9:00,"40,96"
4/24/19 10:00,"39,84"
4/24/19 11:00,"38,63"
4/24/19 12:00,"36,97"
4/24/19 13:00,"36,53"
4/24/19 14:00,"36,03"
4/24/19 15:00,"36,69"
4/24/19 16:00,"40,86"
4/24/19 17:00,"42,36"
4/24/19 18:00,"42,56"
4/24/19 19:00,"42,28"
4/24/19 20:00,"41,4"
4/24/19 21:00,"39,06"
4/24/19 22:00,"38,17"
4/24/19 23:00,"37,66"
4/25/19 0:00,"36,63"
4/25/19 1:00,"34,54"
4/25/19 2:00,"35,66"
4/25/19 3:00,"31,3"
4/25/19 4:00,"38,82"
4/25/19 5:00,43
4/25/19 6:00,"45,42"
4/25/19 7:00,"45,95"
4/25/19 8:00,"44,41"
4/25/19 9:00,"42,32"
4/25/19 10:00,"41,15"
4/25/19 11:00,"40,8"
4/25/19 12:00,"40,68"
4/25/19 13:00,"40,23"
4/25/19 14:00,"40,13"
4/25/19 15:00,"40,27"
4/25/19 16:00,"41,21"
4/25/19 17:00,"42,97"
4/25/19 18:00,"43,28"
4/25/19 19:00,"42,8"
4/25/19 20:00,"42,67"
4/25/19 21:00,"41,2"
4/25/19 22:00,"39,04"
4/25/19 23:00,37
4/26/19 0:00,35
4/26/19 1:00,"33,53"
4/26/19 2:00,"34,88"
4/26/19 3:00,"36,38"
4/26/19 4:00,"40,06"
4/26/19 5:00,"43,65"
4/26/19 6:00,"44,13"
4/26/19 7:00,"44,53"
4/26/19 8:00,"44,55"
4/26/19 9:00,"44,29"
4/26/19 10:00,"43,94"
4/26/19 11:00,"43,56"
4/26/19 12:00,"42,56"
4/26/19 13:00,"41,3"
4/26/19 14:00,"41,51"
4/26/19 15:00,"42,1"
4/26/19 16:00,"43,12"
4/26/19 17:00,"43,25"
4/26/19 18:00,"43,5"
4/26/19 19:00,"43,04"
4/26/19 20:00,"42,95"
4/26/19 21:00,"41,04"
4/26/19 22:00,"37,99"
4/26/19 23:00,"36,94"
4/27/19 0:00,"31,09"
4/27/19 1:00,"29,05"
4/27/19 2:00,"28,04"
4/27/19 3:00,"27,91"
4/27/19 4:00,"27,98"
4/27/19 5:00,"27,99"
4/27/19 6:00,"31,99"
4/27/19 7:00,"37,22"
4/27/19 8:00,"38,04"
4/27/19 9:00,"38,02"
4/27/19 10:00,"37,57"
4/27/19 11:00,"33,92"
4/27/19 12:00,"31,55"
4/27/19 13:00,"30,89"
4/27/19 14:00,"30,98"
4/27/19 15:00,"32,04"
4/27/19 16:00,"34,06"
4/27/19 17:00,"38,02"
4/27/19 18:00,"38,96"
4/27/19 19:00,"38,6"
4/27/19 20:00,"37,19"
4/27/19 21:00,"37,44"
4/27/19 22:00,"31,57"
4/27/19 23:00,"31,24"
4/28/19 0:00,"29,05"
4/28/19 1:00,30
4/28/19 2:00,29
4/28/19 3:00,"29,53"
4/28/19 4:00,"29,96"
4/28/19 5:00,"30,71"
4/28/19 6:00,"31,66"
4/28/19 7:00,"32,05"
4/28/19 8:00,"34,41"
4/28/19 9:00,"34,48"
4/28/19 10:00,"35,53"
4/28/19 11:00,"32,6"
4/28/19 12:00,"31,44"
4/28/19 13:00,"30,4"
4/28/19 14:00,"29,77"
4/28/19 15:00,"35,87"
4/28/19 16:00,"37,7"
4/28/19 17:00,"40,12"
4/28/19 18:00,"40,57"
4/28/19 19:00,"41,11"
4/28/19 20:00,"41,46"
4/28/19 21:00,"40,94"
4/28/19 22:00,"40,22"
4/28/19 23:00,"38,53"
4/29/19 0:00,"36,22"
4/29/19 1:00,"35,57"
4/29/19 2:00,"35,01"
4/29/19 3:00,"34,18"
4/29/19 4:00,"37,57"
4/29/19 5:00,"41,43"
4/29/19 6:00,"43,11"
4/29/19 7:00,"43,98"
4/29/19 8:00,"43,69"
4/29/19 9:00,"43,25"
4/29/19 10:00,"43,52"
4/29/19 11:00,43
4/29/19 12:00,"42,49"
4/29/19 13:00,"40,67"
4/29/19 14:00,"39,41"
4/29/19 15:00,"39,9"
4/29/19 16:00,"41,29"
4/29/19 17:00,"41,15"
4/29/19 18:00,"40,91"
4/29/19 19:00,"41,6"
4/29/19 20:00,"41,2"
4/29/19 21:00,"39,97"
4/29/19 22:00,"37,2"
4/29/19 23:00,"34,73"
4/30/19 0:00,"34,94"
4/30/19 1:00,35
4/30/19 2:00,"35,24"
4/30/19 3:00,"34,44"
4/30/19 4:00,"37,04"
4/30/19 5:00,"39,94"
4/30/19 6:00,"42,26"
4/30/19 7:00,"42,76"
4/30/19 8:00,"42,65"
4/30/19 9:00,"42,33"
4/30/19 10:00,"41,91"
4/30/19 11:00,"40,56"
4/30/19 12:00,"37,7"
4/30/19 13:00,"39,98"
4/30/19 14:00,"39,41"
4/30/19 15:00,"39,51"
4/30/19 16:00,"41,3"
4/30/19 17:00,"42,26"
4/30/19 18:00,"42,2"
4/30/19 19:00,"41,17"
4/30/19 20:00,"40,66"
4/30/19 21:00,"39,6"
4/30/19 22:00,"38,88"
4/30/19 23:00,"37,98"
5/1/19 0:00,"35,21"
5/1/19 1:00,"32,64"
5/1/19 2:00,"31,16"
5/1/19 3:00,"31,23"
5/1/19 4:00,"29,72"
5/1/19 5:00,"29,99"
5/1/19 6:00,"33,86"
5/1/19 7:00,"37,83"
5/1/19 8:00,"38,28"
5/1/19 9:00,"38,17"
5/1/19 10:00,"37,63"
5/1/19 11:00,"38,39"
5/1/19 12:00,"38,45"
5/1/19 13:00,"38,29"
5/1/19 14:00,"38,22"
5/1/19 15:00,"36,45"
5/1/19 16:00,"35,24"
5/1/19 17:00,"35,8"
5/1/19 18:00,"38,14"
5/1/19 19:00,"37,66"
5/1/19 20:00,"38,58"
5/1/19 21:00,"38,3"
5/1/19 22:00,"36,99"
5/1/19 23:00,"32,49"
5/2/19 0:00,"35,47"
5/2/19 1:00,"34,67"
5/2/19 2:00,"33,35"
5/2/19 3:00,"26,11"
5/2/19 4:00,"30,91"
5/2/19 5:00,"38,6"
5/2/19 6:00,"40,26"
5/2/19 7:00,"41,21"
5/2/19 8:00,"40,86"
5/2/19 9:00,"39,7"
5/2/19 10:00,"38,78"
5/2/19 11:00,"38,59"
5/2/19 12:00,"38,66"
5/2/19 13:00,"38,47"
5/2/19 14:00,"37,5"
5/2/19 15:00,"38,15"
5/2/19 16:00,"39,18"
5/2/19 17:00,"40,07"
5/2/19 18:00,"40,67"
5/2/19 19:00,"41,48"
5/2/19 20:00,"41,71"
5/2/19 21:00,"41,11"
5/2/19 22:00,"40,37"
5/2/19 23:00,"37,4"
5/3/19 0:00,"36,41"
5/3/19 1:00,"34,71"
5/3/19 2:00,"35,1"
5/3/19 3:00,"36,13"
5/3/19 4:00,"37,92"
5/3/19 5:00,"41,17"
5/3/19 6:00,"42,78"
5/3/19 7:00,"43,05"
5/3/19 8:00,"42,73"
5/3/19 9:00,"42,43"
5/3/19 10:00,"41,93"
5/3/19 11:00,"41,7"
5/3/19 12:00,"39,92"
5/3/19 13:00,"38,94"
5/3/19 14:00,"37,34"
5/3/19 15:00,"37,25"
5/3/19 16:00,"39,81"
5/3/19 17:00,"41,08"
5/3/19 18:00,"42,19"
5/3/19 19:00,"42,29"
5/3/19 20:00,"42,38"
5/3/19 21:00,"42,29"
5/3/19 22:00,"41,7"
5/3/19 23:00,"41,23"
5/4/19 0:00,"40,44"
5/4/19 1:00,"38,53"
5/4/19 2:00,"37,37"
5/4/19 3:00,"37,25"
5/4/19 4:00,"37,66"
5/4/19 5:00,"39,28"
5/4/19 6:00,"41,15"
5/4/19 7:00,"43,24"
5/4/19 8:00,"43,62"
5/4/19 9:00,"43,24"
5/4/19 10:00,"42,65"
5/4/19 11:00,"41,18"
5/4/19 12:00,"40,34"
5/4/19 13:00,"39,97"
5/4/19 14:00,"39,57"
5/4/19 15:00,"39,37"
5/4/19 16:00,"40,49"
5/4/19 17:00,"41,65"
5/4/19 18:00,"43,1"
5/4/19 19:00,"43,38"
5/4/19 20:00,"43,73"
5/4/19 21:00,"43,69"
5/4/19 22:00,"43,32"
5/4/19 23:00,"42,81"
5/5/19 0:00,"41,75"
5/5/19 1:00,"40,48"
5/5/19 2:00,"39,28"
5/5/19 3:00,"39,06"
5/5/19 4:00,"39,84"
5/5/19 5:00,"39,24"
5/5/19 6:00,"40,12"
5/5/19 7:00,"41,02"
5/5/19 8:00,"41,52"
5/5/19 9:00,"41,63"
5/5/19 10:00,"41,51"
5/5/19 11:00,"41,63"
5/5/19 12:00,"41,45"
5/5/19 13:00,"41,09"
5/5/19 14:00,"40,86"
5/5/19 15:00,"40,89"
5/5/19 16:00,"41,35"
5/5/19 17:00,"41,4"
5/5/19 18:00,"41,92"
5/5/19 19:00,"42,56"
5/5/19 20:00,"42,54"
5/5/19 21:00,"42,34"
5/5/19 22:00,"41,46"
5/5/19 23:00,"41,94"
5/6/19 0:00,"41,29"
5/6/19 1:00,"41,14"
5/6/19 2:00,"40,86"
5/6/19 3:00,"40,25"
5/6/19 4:00,"41,71"
5/6/19 5:00,"44,23"
5/6/19 6:00,"46,04"
5/6/19 7:00,"47,05"
5/6/19 8:00,"45,22"
5/6/19 9:00,"44,75"
5/6/19 10:00,"44,73"
5/6/19 11:00,"44,4"
5/6/19 12:00,"43,44"
5/6/19 13:00,"42,84"
5/6/19 14:00,"42,19"
5/6/19 15:00,"42,16"
5/6/19 16:00,"43,46"
5/6/19 17:00,"44,09"
5/6/19 18:00,"44,12"
5/6/19 19:00,"43,91"
5/6/19 20:00,"44,06"
5/6/19 21:00,"43,43"
5/6/19 22:00,"42,81"
5/6/19 23:00,"42,09"
5/7/19 0:00,"41,22"
5/7/19 1:00,"41,01"
5/7/19 2:00,"41,04"
5/7/19 3:00,"41,35"
5/7/19 4:00,"42,71"
5/7/19 5:00,"44,46"
5/7/19 6:00,"45,44"
5/7/19 7:00,"45,53"
5/7/19 8:00,45
5/7/19 9:00,"45,16"
5/7/19 10:00,"44,5"
5/7/19 11:00,"44,42"
5/7/19 12:00,"44,03"
5/7/19 13:00,"43,78"
5/7/19 14:00,"43,31"
5/7/19 15:00,"43,28"
5/7/19 16:00,"43,94"
5/7/19 17:00,"44,67"
5/7/19 18:00,"45,07"
5/7/19 19:00,"45,05"
5/7/19 20:00,"45,06"
5/7/19 21:00,44
5/7/19 22:00,"43,56"
5/7/19 23:00,"43,65"
5/8/19 0:00,"42,64"
5/8/19 1:00,"42,27"
5/8/19 2:00,"41,95"
5/8/19 3:00,"41,65"
5/8/19 4:00,"42,15"
5/8/19 5:00,"44,03"
5/8/19 6:00,"47,52"
5/8/19 7:00,"47,96"
5/8/19 8:00,"46,04"
5/8/19 9:00,"44,66"
5/8/19 10:00,"43,6"
5/8/19 11:00,"43,03"
5/8/19 12:00,"42,62"
5/8/19 13:00,"42,07"
5/8/19 14:00,"41,52"
5/8/19 15:00,"41,71"
5/8/19 16:00,"41,67"
5/8/19 17:00,"41,97"
5/8/19 18:00,"42,18"
5/8/19 19:00,"41,74"
5/8/19 20:00,"41,46"
5/8/19 21:00,"42,18"
5/8/19 22:00,"41,52"
5/8/19 23:00,"41,96"
5/9/19 0:00,"41,77"
5/9/19 1:00,"41,57"
5/9/19 2:00,"41,57"
5/9/19 3:00,"41,59"
5/9/19 4:00,"42,52"
5/9/19 5:00,"43,49"
5/9/19 6:00,"44,98"
5/9/19 7:00,"45,67"
5/9/19 8:00,"44,75"
5/9/19 9:00,"44,37"
5/9/19 10:00,"44,2"
5/9/19 11:00,"44,28"
5/9/19 12:00,"44,41"
5/9/19 13:00,"44,29"
5/9/19 14:00,"44,11"
5/9/19 15:00,"44,08"
5/9/19 16:00,"44,39"
5/9/19 17:00,"44,38"
5/9/19 18:00,"44,27"
5/9/19 19:00,"44,33"
5/9/19 20:00,"44,28"
5/9/19 21:00,"44,17"
5/9/19 22:00,"43,78"
5/9/19 23:00,"43,32"
5/10/19 0:00,"42,68"
5/10/19 1:00,"41,92"
5/10/19 2:00,"41,02"
5/10/19 3:00,"41,86"
5/10/19 4:00,"42,44"
5/10/19 5:00,"44,04"
5/10/19 6:00,"45,39"
5/10/19 7:00,"45,9"
5/10/19 8:00,"45,66"
5/10/19 9:00,"45,45"
5/10/19 10:00,"44,81"
5/10/19 11:00,"43,66"
5/10/19 12:00,"43,03"
5/10/19 13:00,"42,3"
5/10/19 14:00,"41,9"
5/10/19 15:00,"42,04"
5/10/19 16:00,"42,99"
5/10/19 17:00,"43,76"
5/10/19 18:00,"43,66"
5/10/19 19:00,"43,38"
5/10/19 20:00,"43,57"
5/10/19 21:00,"43,44"
5/10/19 22:00,"43,19"
5/10/19 23:00,"43,62"
5/11/19 0:00,"42,36"
5/11/19 1:00,"41,62"
5/11/19 2:00,"41,54"
5/11/19 3:00,"41,57"
5/11/19 4:00,"41,75"
5/11/19 5:00,"41,31"
5/11/19 6:00,"41,07"
5/11/19 7:00,"42,2"
5/11/19 8:00,43
5/11/19 9:00,"43,19"
5/11/19 10:00,"43,05"
5/11/19 11:00,"41,94"
5/11/19 12:00,"41,45"
5/11/19 13:00,"41,83"
5/11/19 14:00,"41,69"
5/11/19 15:00,"41,67"
5/11/19 16:00,"41,6"
5/11/19 17:00,"41,66"
5/11/19 18:00,"41,91"
5/11/19 19:00,"41,85"
5/11/19 20:00,"42,49"
5/11/19 21:00,"42,95"
5/11/19 22:00,"42,69"
5/11/19 23:00,"42,36"
5/12/19 0:00,"42,15"
5/12/19 1:00,"41,84"
5/12/19 2:00,"41,2"
5/12/19 3:00,"41,78"
5/12/19 4:00,"41,27"
5/12/19 5:00,"40,96"
5/12/19 6:00,"41,72"
5/12/19 7:00,"41,9"
5/12/19 8:00,"41,94"
5/12/19 9:00,"42,1"
5/12/19 10:00,"42,11"
5/12/19 11:00,"42,03"
5/12/19 12:00,"42,01"
5/12/19 13:00,"41,94"
5/12/19 14:00,"41,76"
5/12/19 15:00,"41,87"
5/12/19 16:00,"41,72"
5/12/19 17:00,"42,23"
5/12/19 18:00,"41,29"
5/12/19 19:00,"41,66"
5/12/19 20:00,"42,23"
5/12/19 21:00,"42,69"
5/12/19 22:00,"42,68"
5/12/19 23:00,"42,62"
5/13/19 0:00,"42,14"
5/13/19 1:00,"41,47"
5/13/19 2:00,"41,62"
5/13/19 3:00,"41,34"
5/13/19 4:00,"42,34"
5/13/19 5:00,"43,28"
5/13/19 6:00,"44,28"
5/13/19 7:00,"45,5"
5/13/19 8:00,"44,05"
5/13/19 9:00,"43,07"
5/13/19 10:00,"42,01"
5/13/19 11:00,"41,57"
5/13/19 12:00,"41,46"
5/13/19 13:00,"41,44"
5/13/19 14:00,"41,4"
5/13/19 15:00,"41,38"
5/13/19 16:00,"41,96"
5/13/19 17:00,"43,1"
5/13/19 18:00,"43,79"
5/13/19 19:00,"44,42"
5/13/19 20:00,"44,45"
5/13/19 21:00,"44,58"
5/13/19 22:00,"43,38"
5/13/19 23:00,"42,09"
5/14/19 0:00,"41,29"
5/14/19 1:00,"40,78"
5/14/19 2:00,"40,87"
5/14/19 3:00,"41,21"
5/14/19 4:00,"42,09"
5/14/19 5:00,"43,46"
5/14/19 6:00,"45,45"
5/14/19 7:00,"46,04"
5/14/19 8:00,"44,98"
5/14/19 9:00,"43,59"
5/14/19 10:00,"43,4"
5/14/19 11:00,"43,34"
5/14/19 12:00,"43,14"
5/14/19 13:00,"42,82"
5/14/19 14:00,"42,18"
5/14/19 15:00,"41,95"
5/14/19 16:00,"42,33"
5/14/19 17:00,"43,08"
5/14/19 18:00,"43,65"
5/14/19 19:00,"43,97"
5/14/19 20:00,"43,77"
5/14/19 21:00,"43,31"
5/14/19 22:00,"42,14"
5/14/19 23:00,"41,82"
5/15/19 0:00,"40,92"
5/15/19 1:00,"40,02"
5/15/19 2:00,"40,08"
5/15/19 3:00,"40,52"
5/15/19 4:00,"41,72"
5/15/19 5:00,"42,69"
5/15/19 6:00,"44,83"
5/15/19 7:00,"45,39"
5/15/19 8:00,"44,66"
5/15/19 9:00,"43,48"
5/15/19 10:00,"42,65"
5/15/19 11:00,"42,51"
5/15/19 12:00,"42,34"
5/15/19 13:00,"42,33"
5/15/19 14:00,"42,23"
5/15/19 15:00,"42,15"
5/15/19 16:00,"42,26"
5/15/19 17:00,"42,7"
5/15/19 18:00,"43,16"
5/15/19 19:00,"42,95"
5/15/19 20:00,"42,45"
5/15/19 21:00,"42,13"
5/15/19 22:00,"41,07"
5/15/19 23:00,"37,02"
5/16/19 0:00,"36,26"
5/16/19 1:00,"35,13"
5/16/19 2:00,"34,54"
5/16/19 3:00,"34,5"
5/16/19 4:00,"39,09"
5/16/19 5:00,"41,63"
5/16/19 6:00,"42,82"
5/16/19 7:00,"43,51"
5/16/19 8:00,"43,44"
5/16/19 9:00,"42,81"
5/16/19 10:00,"42,52"
5/16/19 11:00,"41,7"
5/16/19 12:00,"41,29"
5/16/19 13:00,"40,38"
5/16/19 14:00,"40,25"
5/16/19 15:00,"39,33"
5/16/19 16:00,"40,34"
5/16/19 17:00,"40,97"
5/16/19 18:00,"41,51"
5/16/19 19:00,"41,39"
5/16/19 20:00,"41,02"
5/16/19 21:00,"40,21"
5/16/19 22:00,"37,97"
5/16/19 23:00,"36,88"
5/17/19 0:00,"36,34"
5/17/19 1:00,"35,39"
5/17/19 2:00,"34,91"
5/17/19 3:00,34
5/17/19 4:00,"37,28"
5/17/19 5:00,"40,15"
5/17/19 6:00,"41,93"
5/17/19 7:00,"42,1"
5/17/19 8:00,"42,05"
5/17/19 9:00,"41,89"
5/17/19 10:00,"41,49"
5/17/19 11:00,"41,32"
5/17/19 12:00,"40,72"
5/17/19 13:00,"39,15"
5/17/19 14:00,"38,49"
5/17/19 15:00,"40,2"
5/17/19 16:00,"41,37"
5/17/19 17:00,"42,07"
5/17/19 18:00,"42,09"
5/17/19 19:00,"42,08"
5/17/19 20:00,"42,11"
5/17/19 21:00,"42,16"
5/17/19 22:00,"42,08"
5/17/19 23:00,"40,97"
5/18/19 0:00,"38,8"
5/18/19 1:00,"36,58"
5/18/19 2:00,"34,87"
5/18/19 3:00,"34,76"
5/18/19 4:00,"33,42"
5/18/19 5:00,"33,92"
5/18/19 6:00,"36,24"
5/18/19 7:00,"38,99"
5/18/19 8:00,"38,76"
5/18/19 9:00,"38,28"
5/18/19 10:00,"37,23"
5/18/19 11:00,"36,26"
5/18/19 12:00,"35,51"
5/18/19 13:00,"34,58"
5/18/19 14:00,"34,35"
5/18/19 15:00,"35,49"
5/18/19 16:00,"38,68"
5/18/19 17:00,"41,36"
5/18/19 18:00,"42,08"
5/18/19 19:00,"42,27"
5/18/19 20:00,"42,16"
5/18/19 21:00,"42,16"
5/18/19 22:00,"41,85"
5/18/19 23:00,"39,11"
5/19/19 0:00,"36,58"
5/19/19 1:00,35
5/19/19 2:00,"34,03"
5/19/19 3:00,"34,3"
5/19/19 4:00,"34,03"
5/19/19 5:00,"33,37"
5/19/19 6:00,"34,04"
5/19/19 7:00,"36,23"
5/19/19 8:00,"36,8"
5/19/19 9:00,"37,18"
5/19/19 10:00,"37,88"
5/19/19 11:00,"37,4"
5/19/19 12:00,"36,83"
5/19/19 13:00,"36,25"
5/19/19 14:00,"35,85"
5/19/19 15:00,"36,22"
5/19/19 16:00,"37,13"
5/19/19 17:00,"38,91"
5/19/19 18:00,"40,93"
5/19/19 19:00,"40,98"
5/19/19 20:00,"40,71"
5/19/19 21:00,"40,81"
5/19/19 22:00,"38,94"
5/19/19 23:00,"37,3"
5/20/19 0:00,35
5/20/19 1:00,"34,55"
5/20/19 2:00,"34,13"
5/20/19 3:00,"33,77"
5/20/19 4:00,"38,13"
5/20/19 5:00,"42,67"
5/20/19 6:00,"43,75"
5/20/19 7:00,"44,51"
5/20/19 8:00,"44,11"
5/20/19 9:00,"44,08"
5/20/19 10:00,"43,91"
5/20/19 11:00,44
5/20/19 12:00,"43,95"
5/20/19 13:00,"43,91"
5/20/19 14:00,"43,59"
5/20/19 15:00,"43,27"
5/20/19 16:00,"43,93"
5/20/19 17:00,"43,81"
5/20/19 18:00,"43,69"
5/20/19 19:00,"43,12"
5/20/19 20:00,"42,96"
5/20/19 21:00,"42,67"
5/20/19 22:00,"38,59"
5/20/19 23:00,"35,2"
5/21/19 0:00,"34,44"
5/21/19 1:00,"33,12"
5/21/19 2:00,"31,49"
5/21/19 3:00,"32,37"
5/21/19 4:00,"35,38"
5/21/19 5:00,"40,81"
5/21/19 6:00,"43,24"
5/21/19 7:00,"43,55"
5/21/19 8:00,"43,43"
5/21/19 9:00,"43,43"
5/21/19 10:00,"43,35"
5/21/19 11:00,"43,2"
5/21/19 12:00,"43,32"
5/21/19 13:00,"43,23"
5/21/19 14:00,"42,5"
5/21/19 15:00,"41,86"
5/21/19 16:00,"42,56"
5/21/19 17:00,"43,01"
5/21/19 18:00,"42,96"
5/21/19 19:00,"41,97"
5/21/19 20:00,"41,43"
5/21/19 21:00,"40,16"
5/21/19 22:00,"36,35"
5/21/19 23:00,"32,66"
5/22/19 0:00,"32,5"
5/22/19 1:00,"29,66"
5/22/19 2:00,29
5/22/19 3:00,"29,61"
5/22/19 4:00,"35,1"
5/22/19 5:00,"39,78"
5/22/19 6:00,"42,41"
5/22/19 7:00,"42,89"
5/22/19 8:00,"42,98"
5/22/19 9:00,"42,81"
5/22/19 10:00,"42,41"
5/22/19 11:00,"41,12"
5/22/19 12:00,"40,44"
5/22/19 13:00,"39,86"
5/22/19 14:00,"38,65"
5/22/19 15:00,"38,69"
5/22/19 16:00,"40,03"
5/22/19 17:00,"41,78"
5/22/19 18:00,"42,31"
5/22/19 19:00,"41,75"
5/22/19 20:00,"41,53"
5/22/19 21:00,"40,78"
5/22/19 22:00,"39,85"
5/22/19 23:00,"34,94"
5/23/19 0:00,"32,52"
5/23/19 1:00,"31,59"
5/23/19 2:00,"31,08"
5/23/19 3:00,"31,74"
5/23/19 4:00,"35,72"
5/23/19 5:00,"40,56"
5/23/19 6:00,"42,34"
5/23/19 7:00,"42,49"
5/23/19 8:00,"40,86"
5/23/19 9:00,"39,06"
5/23/19 10:00,"38,63"
5/23/19 11:00,"38,22"
5/23/19 12:00,"38,17"
5/23/19 13:00,"38,76"
5/23/19 14:00,"39,01"
5/23/19 15:00,"39,23"
5/23/19 16:00,"41,26"
5/23/19 17:00,"41,98"
5/23/19 18:00,"42,14"
5/23/19 19:00,"41,57"
5/23/19 20:00,"41,89"
5/23/19 21:00,"41,31"
5/23/19 22:00,"40,29"
5/23/19 23:00,"37,54"
5/24/19 0:00,"35,14"
5/24/19 1:00,"34,28"
5/24/19 2:00,"34,1"
5/24/19 3:00,"33,95"
5/24/19 4:00,"35,99"
5/24/19 5:00,"39,71"
5/24/19 6:00,"43,17"
5/24/19 7:00,"43,67"
5/24/19 8:00,"43,33"
5/24/19 9:00,"42,38"
5/24/19 10:00,"39,54"
5/24/19 11:00,"38,24"
5/24/19 12:00,"37,04"
5/24/19 13:00,"36,52"
5/24/19 14:00,"36,29"
5/24/19 15:00,"36,72"
5/24/19 16:00,"37,82"
5/24/19 17:00,"39,88"
5/24/19 18:00,"40,52"
5/24/19 19:00,"39,82"
5/24/19 20:00,"39,47"
5/24/19 21:00,"38,86"
5/24/19 22:00,"37,95"
5/24/19 23:00,"38,1"
5/25/19 0:00,"36,26"
5/25/19 1:00,"35,07"
5/25/19 2:00,"34,03"
5/25/19 3:00,"33,84"
5/25/19 4:00,"33,09"
5/25/19 5:00,"34,05"
5/25/19 6:00,"35,11"
5/25/19 7:00,"37,28"
5/25/19 8:00,"37,5"
5/25/19 9:00,"36,37"
5/25/19 10:00,"35,9"
5/25/19 11:00,"35,37"
5/25/19 12:00,"34,18"
5/25/19 13:00,"33,09"
5/25/19 14:00,"32,39"
5/25/19 15:00,"33,14"
5/25/19 16:00,"35,11"
5/25/19 17:00,"36,56"
5/25/19 18:00,"37,8"
5/25/19 19:00,"36,99"
5/25/19 20:00,"36,82"
5/25/19 21:00,"36,53"
5/25/19 22:00,"35,61"
5/25/19 23:00,"35,53"
5/26/19 0:00,"32,75"
5/26/19 1:00,"29,44"
5/26/19 2:00,"28,59"
5/26/19 3:00,"23,77"
5/26/19 4:00,"18,75"
5/26/19 5:00,"15,12"
5/26/19 6:00,"19,27"
5/26/19 7:00,"25,39"
5/26/19 8:00,"29,48"
5/26/19 9:00,"30,5"
5/26/19 10:00,"32,2"
5/26/19 11:00,"30,06"
5/26/19 12:00,"28,46"
5/26/19 13:00,"26,98"
5/26/19 14:00,"26,96"
5/26/19 15:00,33
5/26/19 16:00,"35,03"
5/26/19 17:00,"35,42"
5/26/19 18:00,"36,63"
5/26/19 19:00,"37,16"
5/26/19 20:00,"36,59"
5/26/19 21:00,"36,37"
5/26/19 22:00,"33,53"
5/26/19 23:00,"34,33"
5/27/19 0:00,"31,14"
5/27/19 1:00,"28,41"
5/27/19 2:00,"28,67"
5/27/19 3:00,"25,46"
5/27/19 4:00,"34,28"
5/27/19 5:00,"37,97"
5/27/19 6:00,"40,28"
5/27/19 7:00,"41,52"
5/27/19 8:00,"41,14"
5/27/19 9:00,"39,74"
5/27/19 10:00,"39,27"
5/27/19 11:00,"38,55"
5/27/19 12:00,"38,03"
5/27/19 13:00,"37,4"
5/27/19 14:00,"37,08"
5/27/19 15:00,"36,63"
5/27/19 16:00,"38,51"
5/27/19 17:00,"39,23"
5/27/19 18:00,"39,85"
5/27/19 19:00,"39,98"
5/27/19 20:00,"39,98"
5/27/19 21:00,"39,76"
5/27/19 22:00,"37,44"
5/27/19 23:00,"35,2"
5/28/19 0:00,"34,2"
5/28/19 1:00,"33,14"
5/28/19 2:00,"33,72"
5/28/19 3:00,"34,22"
5/28/19 4:00,"35,35"
5/28/19 5:00,"39,52"
5/28/19 6:00,"40,07"
5/28/19 7:00,"40,59"
5/28/19 8:00,"40,57"
5/28/19 9:00,"40,3"
5/28/19 10:00,"39,97"
5/28/19 11:00,"39,95"
5/28/19 12:00,"39,69"
5/28/19 13:00,"38,92"
5/28/19 14:00,"38,39"
5/28/19 15:00,"38,4"
5/28/19 16:00,"38,99"
5/28/19 17:00,"38,94"
5/28/19 18:00,"38,93"
5/28/19 19:00,"38,36"
5/28/19 20:00,"38,4"
5/28/19 21:00,"37,53"
5/28/19 22:00,"35,2"
5/28/19 23:00,"34,89"
5/29/19 0:00,"34,16"
5/29/19 1:00,"31,58"
5/29/19 2:00,"32,75"
5/29/19 3:00,"34,04"
5/29/19 4:00,"35,44"
5/29/19 5:00,"38,52"
5/29/19 6:00,"40,71"
5/29/19 7:00,41
5/29/19 8:00,"40,72"
5/29/19 9:00,"40,38"
5/29/19 10:00,"39,96"
5/29/19 11:00,"39,58"
5/29/19 12:00,"38,62"
5/29/19 13:00,"38,64"
5/29/19 14:00,"38,15"
5/29/19 15:00,"38,86"
5/29/19 16:00,"38,42"
5/29/19 17:00,"38,57"
5/29/19 18:00,"38,54"
5/29/19 19:00,"38,61"
5/29/19 20:00,"38,65"
5/29/19 21:00,"38,35"
5/29/19 22:00,"36,16"
5/29/19 23:00,"34,99"
5/30/19 0:00,"33,58"
5/30/19 1:00,"31,73"
5/30/19 2:00,"27,65"
5/30/19 3:00,"24,13"
5/30/19 4:00,"20,83"
5/30/19 5:00,"25,71"
5/30/19 6:00,"32,42"
5/30/19 7:00,"32,42"
5/30/19 8:00,"34,21"
5/30/19 9:00,"34,91"
5/30/19 10:00,"34,89"
5/30/19 11:00,"35,35"
5/30/19 12:00,"34,38"
5/30/19 13:00,"33,73"
5/30/19 14:00,"32,42"
5/30/19 15:00,"30,89"
5/30/19 16:00,"30,06"
5/30/19 17:00,"33,39"
5/30/19 18:00,"35,01"
5/30/19 19:00,"35,84"
5/30/19 20:00,"36,79"
5/30/19 21:00,"37,87"
5/30/19 22:00,"36,69"
5/30/19 23:00,"36,52"
5/31/19 0:00,"33,66"
5/31/19 1:00,"32,01"
5/31/19 2:00,"32,01"
5/31/19 3:00,"30,26"
5/31/19 4:00,"32,68"
5/31/19 5:00,"36,29"
5/31/19 6:00,"38,6"
5/31/19 7:00,"39,04"
5/31/19 8:00,"38,83"
5/31/19 9:00,"37,6"
5/31/19 10:00,"35,99"
5/31/19 11:00,"34,82"
5/31/19 12:00,"32,77"
5/31/19 13:00,"30,99"
5/31/19 14:00,"30,46"
5/31/19 15:00,"34,62"
5/31/19 16:00,"37,34"
5/31/19 17:00,"38,72"
5/31/19 18:00,"39,02"
5/31/19 19:00,"39,02"
5/31/19 20:00,"38,99"
5/31/19 21:00,"38,93"
5/31/19 22:00,"38,72"
5/31/19 23:00,"38,08"
6/1/19 0:00,"36,62"
6/1/19 1:00,"32,97"
6/1/19 2:00,"28,53"
6/1/19 3:00,"28,19"
6/1/19 4:00,"27,89"
6/1/19 5:00,"29,75"
6/1/19 6:00,"32,55"
6/1/19 7:00,"33,22"
6/1/19 8:00,"35,84"
6/1/19 9:00,"34,94"
6/1/19 10:00,"33,83"
6/1/19 11:00,"33,11"
6/1/19 12:00,"32,03"
6/1/19 13:00,"31,55"
6/1/19 14:00,"31,62"
6/1/19 15:00,32
6/1/19 16:00,"33,87"
6/1/19 17:00,"36,91"
6/1/19 18:00,"38,06"
6/1/19 19:00,"38,36"
6/1/19 20:00,"38,41"
6/1/19 21:00,"38,37"
6/1/19 22:00,"37,6"
6/1/19 23:00,"36,21"
6/2/19 0:00,"34,22"
6/2/19 1:00,"32,56"
6/2/19 2:00,"33,2"
6/2/19 3:00,"30,77"
6/2/19 4:00,"30,66"
6/2/19 5:00,"29,76"
6/2/19 6:00,"29,64"
6/2/19 7:00,"29,52"
6/2/19 8:00,"29,91"
6/2/19 9:00,"30,94"
6/2/19 10:00,"30,07"
6/2/19 11:00,"28,81"
6/2/19 12:00,"27,08"
6/2/19 13:00,"25,99"
6/2/19 14:00,"23,47"
6/2/19 15:00,"24,17"
6/2/19 16:00,"31,28"
6/2/19 17:00,"32,49"
6/2/19 18:00,"36,21"
6/2/19 19:00,"36,91"
6/2/19 20:00,"36,09"
6/2/19 21:00,"35,36"
6/2/19 22:00,"31,43"
6/2/19 23:00,"27,69"
6/3/19 0:00,"24,29"
6/3/19 1:00,"21,46"
6/3/19 2:00,"20,49"
6/3/19 3:00,"21,86"
6/3/19 4:00,"32,75"
6/3/19 5:00,"36,61"
6/3/19 6:00,38
6/3/19 7:00,"38,42"
6/3/19 8:00,"38,46"
6/3/19 9:00,"38,11"
6/3/19 10:00,"37,71"
6/3/19 11:00,"36,25"
6/3/19 12:00,"35,46"
6/3/19 13:00,"35,23"
6/3/19 14:00,"35,68"
6/3/19 15:00,"36,67"
6/3/19 16:00,"37,74"
6/3/19 17:00,"37,76"
6/3/19 18:00,"37,74"
6/3/19 19:00,"37,69"
6/3/19 20:00,"37,84"
6/3/19 21:00,"37,88"
6/3/19 22:00,"37,69"
6/3/19 23:00,"34,74"
6/4/19 0:00,"32,99"
6/4/19 1:00,"31,86"
6/4/19 2:00,"31,21"
6/4/19 3:00,"32,83"
6/4/19 4:00,"33,91"
6/4/19 5:00,"36,09"
6/4/19 6:00,"36,5"
6/4/19 7:00,"37,18"
6/4/19 8:00,"37,13"
6/4/19 9:00,"36,96"
6/4/19 10:00,"36,84"
6/4/19 11:00,"36,35"
6/4/19 12:00,"35,98"
6/4/19 13:00,"35,19"
6/4/19 14:00,"34,47"
6/4/19 15:00,"35,12"
6/4/19 16:00,36
6/4/19 17:00,"36,18"
6/4/19 18:00,"36,08"
6/4/19 19:00,"36,05"
6/4/19 20:00,"35,78"
6/4/19 21:00,"34,02"
6/4/19 22:00,"28,93"
6/4/19 23:00,"27,79"
6/5/19 0:00,"25,23"
6/5/19 1:00,"23,77"
6/5/19 2:00,"23,76"
6/5/19 3:00,"22,98"
6/5/19 4:00,"26,65"
6/5/19 5:00,"32,52"
6/5/19 6:00,"35,05"
6/5/19 7:00,"35,98"
6/5/19 8:00,"35,86"
6/5/19 9:00,"35,48"
6/5/19 10:00,"35,26"
6/5/19 11:00,"35,27"
6/5/19 12:00,"35,16"
6/5/19 13:00,"35,03"
6/5/19 14:00,"34,98"
6/5/19 15:00,"35,04"
6/5/19 16:00,35
6/5/19 17:00,"34,95"
6/5/19 18:00,"34,81"
6/5/19 19:00,"35,03"
6/5/19 20:00,"34,89"
6/5/19 21:00,"34,57"
6/5/19 22:00,"32,09"
6/5/19 23:00,"29,74"
6/6/19 0:00,"27,38"
6/6/19 1:00,"24,95"
6/6/19 2:00,"24,03"
6/6/19 3:00,"24,06"
6/6/19 4:00,"27,25"
6/6/19 5:00,"31,13"
6/6/19 6:00,"33,43"
6/6/19 7:00,"33,72"
6/6/19 8:00,"33,5"
6/6/19 9:00,"33,02"
6/6/19 10:00,"32,54"
6/6/19 11:00,"31,27"
6/6/19 12:00,"30,98"
6/6/19 13:00,"30,98"
6/6/19 14:00,"30,92"
6/6/19 15:00,"30,91"
6/6/19 16:00,"31,87"
6/6/19 17:00,"32,1"
6/6/19 18:00,"32,5"
6/6/19 19:00,"32,8"
6/6/19 20:00,"32,5"
6/6/19 21:00,"31,99"
6/6/19 22:00,"31,42"
6/6/19 23:00,"29,82"
6/7/19 0:00,"29,34"
6/7/19 1:00,"29,15"
6/7/19 2:00,"29,43"
6/7/19 3:00,"29,69"
6/7/19 4:00,"29,88"
6/7/19 5:00,"29,66"
6/7/19 6:00,"31,94"
6/7/19 7:00,"33,04"
6/7/19 8:00,"33,02"
6/7/19 9:00,"32,63"
6/7/19 10:00,"32,12"
6/7/19 11:00,"30,09"
6/7/19 12:00,"28,39"
6/7/19 13:00,"27,73"
6/7/19 14:00,"27,45"
6/7/19 15:00,"28,66"
6/7/19 16:00,"30,54"
6/7/19 17:00,"31,59"
6/7/19 18:00,"31,15"
6/7/19 19:00,"30,91"
6/7/19 20:00,"30,83"
6/7/19 21:00,"29,08"
6/7/19 22:00,"27,88"
6/7/19 23:00,"27,11"
6/8/19 0:00,"16,45"
6/8/19 1:00,"11,77"
6/8/19 2:00,"12,15"
6/8/19 3:00,"7,48"
6/8/19 4:00,"7,89"
6/8/19 5:00,"5,86"
6/8/19 6:00,"10,92"
6/8/19 7:00,"22,17"
6/8/19 8:00,"24,95"
6/8/19 9:00,"26,19"
6/8/19 10:00,"22,13"
6/8/19 11:00,"20,34"
6/8/19 12:00,"17,19"
6/8/19 13:00,"17,08"
6/8/19 14:00,"14,41"
6/8/19 15:00,"14,78"
6/8/19 16:00,"15,25"
6/8/19 17:00,"15,21"
6/8/19 18:00,"10,23"
6/8/19 19:00,"7,75"
6/8/19 20:00,"8,1"
6/8/19 21:00,"11,68"
6/8/19 22:00,"10,08"
6/8/19 23:00,"26,81"
6/9/19 0:00,"26,88"
6/9/19 1:00,"26,29"
6/9/19 2:00,"26,22"
6/9/19 3:00,"24,92"
6/9/19 4:00,"24,79"
6/9/19 5:00,"18,73"
6/9/19 6:00,"24,2"
6/9/19 7:00,"25,72"
6/9/19 8:00,"27,21"
6/9/19 9:00,"27,52"
6/9/19 10:00,"26,77"
6/9/19 11:00,"26,37"
6/9/19 12:00,"22,65"
6/9/19 13:00,"17,88"
6/9/19 14:00,"18,54"
6/9/19 15:00,"27,57"
6/9/19 16:00,"32,17"
6/9/19 17:00,"35,03"
6/9/19 18:00,"35,08"
6/9/19 19:00,"35,06"
6/9/19 20:00,"35,05"
6/9/19 21:00,"35,04"
6/9/19 22:00,"34,46"
6/9/19 23:00,"32,44"
6/10/19 0:00,"29,72"
6/10/19 1:00,"27,78"
6/10/19 2:00,27
6/10/19 3:00,"27,01"
6/10/19 4:00,"25,83"
6/10/19 5:00,"26,84"
6/10/19 6:00,"30,03"
6/10/19 7:00,"32,46"
6/10/19 8:00,"30,92"
6/10/19 9:00,"30,06"
6/10/19 10:00,"29,55"
6/10/19 11:00,"28,69"
6/10/19 12:00,"27,13"
6/10/19 13:00,"27,3"
6/10/19 14:00,"27,45"
6/10/19 15:00,"28,24"
6/10/19 16:00,"30,76"
6/10/19 17:00,"34,78"
6/10/19 18:00,"34,9"
6/10/19 19:00,"34,86"
6/10/19 20:00,"34,5"
6/10/19 21:00,"33,57"
6/10/19 22:00,"31,68"
6/10/19 23:00,"30,37"
6/11/19 0:00,"28,27"
6/11/19 1:00,"27,37"
6/11/19 2:00,"26,27"
6/11/19 3:00,"25,68"
6/11/19 4:00,"29,63"
6/11/19 5:00,"31,84"
6/11/19 6:00,"34,03"
6/11/19 7:00,"35,16"
6/11/19 8:00,"34,64"
6/11/19 9:00,"34,33"
6/11/19 10:00,"33,78"
6/11/19 11:00,"33,5"
6/11/19 12:00,"33,33"
6/11/19 13:00,"33,37"
6/11/19 14:00,"32,76"
6/11/19 15:00,"32,77"
6/11/19 16:00,"33,06"
6/11/19 17:00,"33,15"
6/11/19 18:00,"32,81"
6/11/19 19:00,"33,03"
6/11/19 20:00,"32,87"
6/11/19 21:00,"33,19"
6/11/19 22:00,"32,09"
6/11/19 23:00,"32,91"
6/12/19 0:00,"31,93"
6/12/19 1:00,"31,31"
6/12/19 2:00,"30,95"
6/12/19 3:00,"30,28"
6/12/19 4:00,"30,73"
6/12/19 5:00,"31,92"
6/12/19 6:00,"32,98"
6/12/19 7:00,"33,94"
6/12/19 8:00,"33,92"
6/12/19 9:00,"34,14"
6/12/19 10:00,"34,03"
6/12/19 11:00,"33,86"
6/12/19 12:00,"33,74"
6/12/19 13:00,"33,7"
6/12/19 14:00,33
6/12/19 15:00,"33,72"
6/12/19 16:00,"33,61"
6/12/19 17:00,"33,38"
6/12/19 18:00,"33,01"
6/12/19 19:00,"33,2"
6/12/19 20:00,"33,57"
6/12/19 21:00,"33,68"
6/12/19 22:00,"32,45"
6/12/19 23:00,"28,82"
6/13/19 0:00,"27,43"
6/13/19 1:00,"23,78"
6/13/19 2:00,"24,02"
6/13/19 3:00,"24,66"
6/13/19 4:00,"28,17"
6/13/19 5:00,"31,41"
6/13/19 6:00,"33,6"
6/13/19 7:00,"35,59"
6/13/19 8:00,35
6/13/19 9:00,"32,9"
6/13/19 10:00,"30,58"
6/13/19 11:00,"29,36"
6/13/19 12:00,"28,73"
6/13/19 13:00,"29,56"
6/13/19 14:00,"30,03"
6/13/19 15:00,"31,11"
6/13/19 16:00,"32,97"
6/13/19 17:00,"33,84"
6/13/19 18:00,"33,5"
6/13/19 19:00,"32,42"
6/13/19 20:00,"32,97"
6/13/19 21:00,"32,3"
6/13/19 22:00,"30,61"
6/13/19 23:00,"29,42"
6/14/19 0:00,"28,82"
6/14/19 1:00,"27,32"
6/14/19 2:00,"27,08"
6/14/19 3:00,"27,09"
6/14/19 4:00,"28,61"
6/14/19 5:00,"31,94"
6/14/19 6:00,"33,07"
6/14/19 7:00,"34,58"
6/14/19 8:00,"34,18"
6/14/19 9:00,"34,19"
6/14/19 10:00,"34,54"
6/14/19 11:00,"33,78"
6/14/19 12:00,"32,41"
6/14/19 13:00,"32,32"
6/14/19 14:00,"32,9"
6/14/19 15:00,"32,02"
6/14/19 16:00,"32,84"
6/14/19 17:00,"32,95"
6/14/19 18:00,"32,82"
6/14/19 19:00,"31,44"
6/14/19 20:00,"30,94"
6/14/19 21:00,"30,26"
6/14/19 22:00,"30,66"