Date,NO,SE
2014-01-01,53881.0,21425.0
2014-01-02,53881.0,21425.0
2014-01-03,53881.0,21425.0
2014-01-04,53881.0,21425.0
2014-01-05,53881.0,21425.0
2014-01-06,53881.0,21425.0
2014-01-07,53881.0,21425.0
2014-01-08,53881.0,21425.0
2014-01-09,53881.0,21425.0
2014-01-10,53881.0,21425.0
2014-01-11,53881.0,21425.0
2014-01-12,53881.0,21425.0
2014-01-13,51076.0,20255.0
2014-01-14,51076.0,20255.0
2014-01-15,51076.0,20255.0
2014-01-16,51076.0,20255.0
2014-01-17,51076.0,20255.0
2014-01-18,51076.0,20255.0
2014-01-19,51076.0,20255.0
2014-01-20,48377.0,18972.0
2014-01-21,48377.0,18972.0
2014-01-22,48377.0,18972.0
2014-01-23,48377.0,18972.0
2014-01-24,48377.0,18972.0
2014-01-25,48377.0,18972.0
2014-01-26,48377.0,18972.0
2014-01-27,45710.0,17688.0
2014-01-28,45710.0,17688.0
2014-01-29,45710.0,17688.0
2014-01-30,45710.0,17688.0
2014-01-31,45710.0,17688.0
2014-02-01,45710.0,17688.0
2014-02-02,45710.0,17688.0
2014-02-03,43538.0,16616.0
2014-02-04,43538.0,16616.0
2014-02-05,43538.0,16616.0
2014-02-06,43538.0,16616.0
2014-02-07,43538.0,16616.0
2014-02-08,43538.0,16616.0
2014-02-09,43538.0,16616.0
2014-02-10,41732.0,15595.0
2014-02-11,41732.0,15595.0
2014-02-12,41732.0,15595.0
2014-02-13,41732.0,15595.0
2014-02-14,41732.0,15595.0
2014-02-15,41732.0,15595.0
2014-02-16,41732.0,15595.0
2014-02-17,39740.0,14564.0
2014-02-18,39740.0,14564.0
2014-02-19,39740.0,14564.0
2014-02-20,39740.0,14564.0
2014-02-21,39740.0,14564.0
2014-02-22,39740.0,14564.0
2014-02-23,39740.0,14564.0
2014-02-24,38121.0,13544.0
2014-02-25,38121.0,13544.0
2014-02-26,38121.0,13544.0
2014-02-27,38121.0,13544.0
2014-02-28,38121.0,13544.0
2014-03-01,38121.0,13544.0
2014-03-02,38121.0,13544.0
2014-03-03,36595.0,12640.0
2014-03-04,36595.0,12640.0
2014-03-05,36595.0,12640.0
2014-03-06,36595.0,12640.0
2014-03-07,36595.0,12640.0
2014-03-08,36595.0,12640.0
2014-03-09,36595.0,12640.0
2014-03-10,35204.0,12023.0
2014-03-11,35204.0,12023.0
2014-03-12,35204.0,12023.0
2014-03-13,35204.0,12023.0
2014-03-14,35204.0,12023.0
2014-03-15,35204.0,12023.0
2014-03-16,35204.0,12023.0
2014-03-17,34311.0,11290.0
2014-03-18,34311.0,11290.0
2014-03-19,34311.0,11290.0
2014-03-20,34311.0,11290.0
2014-03-21,34311.0,11290.0
2014-03-22,34311.0,11290.0
2014-03-23,34311.0,11290.0
2014-03-24,32343.0,10258.0
2014-03-25,32343.0,10258.0
2014-03-26,32343.0,10258.0
2014-03-27,32343.0,10258.0
2014-03-28,32343.0,10258.0
2014-03-29,32343.0,10258.0
2014-03-30,32343.0,10258.0
2014-03-31,30209.0,9228.0
2014-04-01,30209.0,9228.0
2014-04-02,30209.0,9228.0
2014-04-03,30209.0,9228.0
2014-04-04,30209.0,9228.0
2014-04-05,30209.0,9228.0
2014-04-06,30209.0,9228.0
2014-04-07,29359.0,8618.0
2014-04-08,29359.0,8618.0
2014-04-09,29359.0,8618.0
2014-04-10,29359.0,8618.0
2014-04-11,29359.0,8618.0
2014-04-12,29359.0,8618.0
2014-04-13,29359.0,8618.0
2014-04-14,28311.0,8285.0
2014-04-15,28311.0,8285.0
2014-04-16,28311.0,8285.0
2014-04-17,28311.0,8285.0
2014-04-18,28311.0,8285.0
2014-04-19,28311.0,8285.0
2014-04-20,28311.0,8285.0
2014-04-21,28450.0,8568.0
2014-04-22,28450.0,8568.0
2014-04-23,28450.0,8568.0
2014-04-24,28450.0,8568.0
2014-04-25,28450.0,8568.0
2014-04-26,28450.0,8568.0
2014-04-27,28450.0,8568.0
2014-04-28,28661.0,8992.0
2014-04-29,28661.0,8992.0
2014-04-30,28661.0,8992.0
2014-05-01,28661.0,8992.0
2014-05-02,28661.0,8992.0
2014-05-03,28661.0,8992.0
2014-05-04,28661.0,8992.0
2014-05-05,28251.0,9049.0
2014-05-06,28251.0,9049.0
2014-05-07,28251.0,9049.0
2014-05-08,28251.0,9049.0
2014-05-09,28251.0,9049.0
2014-05-10,28251.0,9049.0
2014-05-11,28251.0,9049.0
2014-05-12,29661.0,9993.0
2014-05-13,29661.0,9993.0
2014-05-14,29661.0,9993.0
2014-05-15,29661.0,9993.0
2014-05-16,29661.0,9993.0
2014-05-17,29661.0,9993.0
2014-05-18,29661.0,9993.0
2014-05-19,37221.0,13990.0
2014-05-20,37221.0,13990.0
2014-05-21,37221.0,13990.0
2014-05-22,37221.0,13990.0
2014-05-23,37221.0,13990.0
2014-05-24,37221.0,13990.0
2014-05-25,37221.0,13990.0
2014-05-26,42648.0,17048.0
2014-05-27,42648.0,17048.0
2014-05-28,42648.0,17048.0
2014-05-29,42648.0,17048.0
2014-05-30,42648.0,17048.0
2014-05-31,42648.0,17048.0
2014-06-01,42648.0,17048.0
2014-06-02,48433.0,19560.0
2014-06-03,48433.0,19560.0
2014-06-04,48433.0,19560.0
2014-06-05,48433.0,19560.0
2014-06-06,48433.0,19560.0
2014-06-07,48433.0,19560.0
2014-06-08,48433.0,19560.0
2014-06-09,53515.0,21648.0
2014-06-10,53515.0,21648.0
2014-06-11,53515.0,21648.0
2014-06-12,53515.0,21648.0
2014-06-13,53515.0,21648.0
2014-06-14,53515.0,21648.0
2014-06-15,53515.0,21648.0
2014-06-16,56286.0,22267.0
2014-06-17,56286.0,22267.0
2014-06-18,56286.0,22267.0
2014-06-19,56286.0,22267.0
2014-06-20,56286.0,22267.0
2014-06-21,56286.0,22267.0
2014-06-22,56286.0,22267.0
2014-06-23,57003.0,22437.0
2014-06-24,57003.0,22437.0
2014-06-25,57003.0,22437.0
2014-06-26,57003.0,22437.0
2014-06-27,57003.0,22437.0
2014-06-28,57003.0,22437.0
2014-06-29,57003.0,22437.0
2014-06-30,58732.0,23042.0
2014-07-01,58732.0,23042.0
2014-07-02,58732.0,23042.0
2014-07-03,58732.0,23042.0
2014-07-04,58732.0,23042.0
2014-07-05,58732.0,23042.0
2014-07-06,58732.0,23042.0
2014-07-07,62821.0,23835.0
2014-07-08,62821.0,23835.0
2014-07-09,62821.0,23835.0
2014-07-10,62821.0,23835.0
2014-07-11,62821.0,23835.0
2014-07-12,62821.0,23835.0
2014-07-13,62821.0,23835.0
2014-07-14,64394.0,24609.0
2014-07-15,64394.0,24609.0
2014-07-16,64394.0,24609.0
2014-07-17,64394.0,24609.0
2014-07-18,64394.0,24609.0
2014-07-19,64394.0,24609.0
2014-07-20,64394.0,24609.0
2014-07-21,64806.0,24793.0
2014-07-22,64806.0,24793.0
2014-07-23,64806.0,24793.0
2014-07-24,64806.0,24793.0
2014-07-25,64806.0,24793.0
2014-07-26,64806.0,24793.0
2014-07-27,64806.0,24793.0
2014-07-28,65147.0,24832.0
2014-07-29,65147.0,24832.0
2014-07-30,65147.0,24832.0
2014-07-31,65147.0,24832.0
2014-08-01,65147.0,24832.0
2014-08-02,65147.0,24832.0
2014-08-03,65147.0,24832.0
2014-08-04,65754.0,24946.0
2014-08-05,65754.0,24946.0
2014-08-06,65754.0,24946.0
2014-08-07,65754.0,24946.0
2014-08-08,65754.0,24946.0
2014-08-09,65754.0,24946.0
2014-08-10,65754.0,24946.0
2014-08-11,66330.0,24819.0
2014-08-12,66330.0,24819.0
2014-08-13,66330.0,24819.0
2014-08-14,66330.0,24819.0
2014-08-15,66330.0,24819.0
2014-08-16,66330.0,24819.0
2014-08-17,66330.0,24819.0
2014-08-18,66711.0,25140.0
2014-08-19,66711.0,25140.0
2014-08-20,66711.0,25140.0
2014-08-21,66711.0,25140.0
2014-08-22,66711.0,25140.0
2014-08-23,66711.0,25140.0
2014-08-24,66711.0,25140.0
2014-08-25,66309.0,25000.0
2014-08-26,66309.0,25000.0
2014-08-27,66309.0,25000.0
2014-08-28,66309.0,25000.0
2014-08-29,66309.0,25000.0
2014-08-30,66309.0,25000.0
2014-08-31,66309.0,25000.0
2014-09-01,66054.0,24523.0
2014-09-02,66054.0,24523.0
2014-09-03,66054.0,24523.0
2014-09-04,66054.0,24523.0
2014-09-05,66054.0,24523.0
2014-09-06,66054.0,24523.0
2014-09-07,66054.0,24523.0
2014-09-08,65951.0,24126.0
2014-09-09,65951.0,24126.0
2014-09-10,65951.0,24126.0
2014-09-11,65951.0,24126.0
2014-09-12,65951.0,24126.0
2014-09-13,65951.0,24126.0
2014-09-14,65951.0,24126.0
2014-09-15,64615.0,23606.0
2014-09-16,64615.0,23606.0
2014-09-17,64615.0,23606.0
2014-09-18,64615.0,23606.0
2014-09-19,64615.0,23606.0
2014-09-20,64615.0,23606.0
2014-09-21,64615.0,23606.0
2014-09-22,64405.0,23403.0
2014-09-23,64405.0,23403.0
2014-09-24,64405.0,23403.0
2014-09-25,64405.0,23403.0
2014-09-26,64405.0,23403.0
2014-09-27,64405.0,23403.0
2014-09-28,64405.0,23403.0
2014-09-29,64449.0,23427.0
2014-09-30,64449.0,23427.0
2014-10-01,64449.0,23427.0
2014-10-02,64449.0,23427.0
2014-10-03,64449.0,23427.0
2014-10-04,64449.0,23427.0
2014-10-05,64449.0,23427.0
2014-10-06,65237.0,23518.0
2014-10-07,65237.0,23518.0
2014-10-08,65237.0,23518.0
2014-10-09,65237.0,23518.0
2014-10-10,65237.0,23518.0
2014-10-11,65237.0,23518.0
2014-10-12,65237.0,23518.0
2014-10-13,64640.0,23401.0
2014-10-14,64640.0,23401.0
2014-10-15,64640.0,23401.0
2014-10-16,64640.0,23401.0
2014-10-17,64640.0,23401.0
2014-10-18,64640.0,23401.0
2014-10-19,64640.0,23401.0
2014-10-20,66817.0,23627.0
2014-10-21,66817.0,23627.0
2014-10-22,66817.0,23627.0
2014-10-23,66817.0,23627.0
2014-10-24,66817.0,23627.0
2014-10-25,66817.0,23627.0
2014-10-26,66817.0,23627.0
2014-10-27,69426.0,24152.0
2014-10-28,69426.0,24152.0
2014-10-29,69426.0,24152.0
2014-10-30,69426.0,24152.0
2014-10-31,69426.0,24152.0
2014-11-01,69426.0,24152.0
2014-11-02,69426.0,24152.0
2014-11-03,69011.0,24114.0
2014-11-04,69011.0,24114.0
2014-11-05,69011.0,24114.0
2014-11-06,69011.0,24114.0
2014-11-07,69011.0,24114.0
2014-11-08,69011.0,24114.0
2014-11-09,69011.0,24114.0
2014-11-10,68133.0,23917.0
2014-11-11,68133.0,23917.0
2014-11-12,68133.0,23917.0
2014-11-13,68133.0,23917.0
2014-11-14,68133.0,23917.0
2014-11-15,68133.0,23917.0
2014-11-16,68133.0,23917.0
2014-11-17,66210.0,23240.0
2014-11-18,66210.0,23240.0
2014-11-19,66210.0,23240.0
2014-11-20,66210.0,23240.0
2014-11-21,66210.0,23240.0
2014-11-22,66210.0,23240.0
2014-11-23,66210.0,23240.0
2014-11-24,64331.0,22655.0
2014-11-25,64331.0,22655.0
2014-11-26,64331.0,22655.0
2014-11-27,64331.0,22655.0
2014-11-28,64331.0,22655.0
2014-11-29,64331.0,22655.0
2014-11-30,64331.0,22655.0
2014-12-01,62297.0,22092.0
2014-12-02,62297.0,22092.0
2014-12-03,62297.0,22092.0
2014-12-04,62297.0,22092.0
2014-12-05,62297.0,22092.0
2014-12-06,62297.0,22092.0
2014-12-07,62297.0,22092.0
2014-12-08,60443.0,21497.0
2014-12-09,60443.0,21497.0
2014-12-10,60443.0,21497.0
2014-12-11,60443.0,21497.0
2014-12-12,60443.0,21497.0
2014-12-13,60443.0,21497.0
2014-12-14,60443.0,21497.0
2014-12-15,58655.0,20901.0
2014-12-16,58655.0,20901.0
2014-12-17,58655.0,20901.0
2014-12-18,58655.0,20901.0
2014-12-19,58655.0,20901.0
2014-12-20,58655.0,20901.0
2014-12-21,58655.0,20901.0
2014-12-22,56579.0,20125.0
2014-12-23,56579.0,20125.0
2014-12-24,56579.0,20125.0
2014-12-25,56579.0,20125.0
2014-12-26,56579.0,20125.0
2014-12-27,56579.0,20125.0
2014-12-28,56579.0,20125.0
2014-12-29,55533.0,19854.0
2014-12-30,55533.0,19854.0
2014-12-31,55533.0,19854.0
2015-01-01,55533.0,19854.0
2015-01-02,55533.0,19854.0
2015-01-03,55533.0,19854.0
2015-01-04,55533.0,19854.0
2015-01-05,53780.0,19180.0
2015-01-06,53780.0,19180.0
2015-01-07,53780.0,19180.0
2015-01-08,53780.0,19180.0
2015-01-09,53780.0,19180.0
2015-01-10,53780.0,19180.0
2015-01-11,53780.0,19180.0
2015-01-12,51907.0,18458.0
2015-01-13,51907.0,18458.0
2015-01-14,51907.0,18458.0
2015-01-15,51907.0,18458.0
2015-01-16,51907.0,18458.0
2015-01-17,51907.0,18458.0
2015-01-18,51907.0,18458.0
2015-01-19,49084.0,17283.0
2015-01-20,49084.0,17283.0
2015-01-21,49084.0,17283.0
2015-01-22,49084.0,17283.0
2015-01-23,49084.0,17283.0
2015-01-24,49084.0,17283.0
2015-01-25,49084.0,17283.0
2015-01-26,46803.0,16448.0
2015-01-27,46803.0,16448.0
2015-01-28,46803.0,16448.0
2015-01-29,46803.0,16448.0
2015-01-30,46803.0,16448.0
2015-01-31,46803.0,16448.0
2015-02-01,46803.0,16448.0
2015-02-02,44087.0,15350.0
2015-02-03,44087.0,15350.0
2015-02-04,44087.0,15350.0
2015-02-05,44087.0,15350.0
2015-02-06,44087.0,15350.0
2015-02-07,44087.0,15350.0
2015-02-08,44087.0,15350.0
2015-02-09,42114.0,14769.0
2015-02-10,42114.0,14769.0
2015-02-11,42114.0,14769.0
2015-02-12,42114.0,14769.0
2015-02-13,42114.0,14769.0
2015-02-14,42114.0,14769.0
2015-02-15,42114.0,14769.0
2015-02-16,40447.0,13946.0
2015-02-17,40447.0,13946.0
2015-02-18,40447.0,13946.0
2015-02-19,40447.0,13946.0
2015-02-20,40447.0,13946.0
2015-02-21,40447.0,13946.0
2015-02-22,40447.0,13946.0
2015-02-23,38639.0,13062.0
2015-02-24,38639.0,13062.0
2015-02-25,38639.0,13062.0
2015-02-26,38639.0,13062.0
2015-02-27,38639.0,13062.0
2015-02-28,38639.0,13062.0
2015-03-01,38639.0,13062.0
2015-03-02,36967.0,12118.0
2015-03-03,36967.0,12118.0
2015-03-04,36967.0,12118.0
2015-03-05,36967.0,12118.0
2015-03-06,36967.0,12118.0
2015-03-07,36967.0,12118.0
2015-03-08,36967.0,12118.0
2015-03-09,35389.0,11178.0
2015-03-10,35389.0,11178.0
2015-03-11,35389.0,11178.0
2015-03-12,35389.0,11178.0
2015-03-13,35389.0,11178.0
2015-03-14,35389.0,11178.0
2015-03-15,35389.0,11178.0
2015-03-16,33219.0,10133.0
2015-03-17,33219.0,10133.0
2015-03-18,33219.0,10133.0
2015-03-19,33219.0,10133.0
2015-03-20,33219.0,10133.0
2015-03-21,33219.0,10133.0
2015-03-22,33219.0,10133.0
2015-03-23,31043.0,9256.0
2015-03-24,31043.0,9256.0
2015-03-25,31043.0,9256.0
2015-03-26,31043.0,9256.0
2015-03-27,31043.0,9256.0
2015-03-28,31043.0,9256.0
2015-03-29,31043.0,9256.0
2015-03-30,29108.0,8432.0
2015-03-31,29108.0,8432.0
2015-04-01,29108.0,8432.0
2015-04-02,29108.0,8432.0
2015-04-03,29108.0,8432.0
2015-04-04,29108.0,8432.0
2015-04-05,29108.0,8432.0
2015-04-06,27718.0,7944.0
2015-04-07,27718.0,7944.0
2015-04-08,27718.0,7944.0
2015-04-09,27718.0,7944.0
2015-04-10,27718.0,7944.0
2015-04-11,27718.0,7944.0
2015-04-12,27718.0,7944.0
2015-04-13,26492.0,7650.0
2015-04-14,26492.0,7650.0
2015-04-15,26492.0,7650.0
2015-04-16,26492.0,7650.0
2015-04-17,26492.0,7650.0
2015-04-18,26492.0,7650.0
2015-04-19,26492.0,7650.0
2015-04-20,26026.0,7991.0
2015-04-21,26026.0,7991.0
2015-04-22,26026.0,7991.0
2015-04-23,26026.0,7991.0
2015-04-24,26026.0,7991.0
2015-04-25,26026.0,7991.0
2015-04-26,26026.0,7991.0
2015-04-27,24829.0,8165.0
2015-04-28,24829.0,8165.0
2015-04-29,24829.0,8165.0
2015-04-30,24829.0,8165.0
2015-05-01,24829.0,8165.0
2015-05-02,24829.0,8165.0
2015-05-03,24829.0,8165.0
2015-05-04,25457.0,9568.0
2015-05-05,25457.0,9568.0
2015-05-06,25457.0,9568.0
2015-05-07,25457.0,9568.0
2015-05-08,25457.0,9568.0
2015-05-09,25457.0,9568.0
2015-05-10,25457.0,9568.0
2015-05-11,27086.0,11564.0
2015-05-12,27086.0,11564.0
2015-05-13,27086.0,11564.0
2015-05-14,27086.0,11564.0
2015-05-15,27086.0,11564.0
2015-05-16,27086.0,11564.0
2015-05-17,27086.0,11564.0
2015-05-18,27913.0,13216.0
2015-05-19,27913.0,13216.0
2015-05-20,27913.0,13216.0
2015-05-21,27913.0,13216.0
2015-05-22,27913.0,13216.0
2015-05-23,27913.0,13216.0
2015-05-24,27913.0,13216.0
2015-05-25,29475.0,15687.0
2015-05-26,29475.0,15687.0
2015-05-27,29475.0,15687.0
2015-05-28,29475.0,15687.0
2015-05-29,29475.0,15687.0
2015-05-30,29475.0,15687.0
2015-05-31,29475.0,15687.0
2015-06-01,32335.0,18867.0
2015-06-02,32335.0,18867.0
2015-06-03,32335.0,18867.0
2015-06-04,32335.0,18867.0
2015-06-05,32335.0,18867.0
2015-06-06,32335.0,18867.0
2015-06-07,32335.0,18867.0
2015-06-08,35345.0,20434.0
2015-06-09,35345.0,20434.0
2015-06-10,35345.0,20434.0
2015-06-11,35345.0,20434.0
2015-06-12,35345.0,20434.0
2015-06-13,35345.0,20434.0
2015-06-14,35345.0,20434.0
2015-06-15,37853.0,21232.0
2015-06-16,37853.0,21232.0
2015-06-17,37853.0,21232.0
2015-06-18,37853.0,21232.0
2015-06-19,37853.0,21232.0
2015-06-20,37853.0,21232.0
2015-06-21,37853.0,21232.0
2015-06-22,41611.0,23010.0
2015-06-23,41611.0,23010.0
2015-06-24,41611.0,23010.0
2015-06-25,41611.0,23010.0
2015-06-26,41611.0,23010.0
2015-06-27,41611.0,23010.0
2015-06-28,41611.0,23010.0
2015-06-29,47242.0,24601.0
2015-06-30,47242.0,24601.0
2015-07-01,47242.0,24601.0
2015-07-02,47242.0,24601.0
2015-07-03,47242.0,24601.0
2015-07-04,47242.0,24601.0
2015-07-05,47242.0,24601.0
2015-07-06,54074.0,26647.0
2015-07-07,54074.0,26647.0
2015-07-08,54074.0,26647.0
2015-07-09,54074.0,26647.0
2015-07-10,54074.0,26647.0
2015-07-11,54074.0,26647.0
2015-07-12,54074.0,26647.0
2015-07-13,57693.0,27690.0
2015-07-14,57693.0,27690.0
2015-07-15,57693.0,27690.0
2015-07-16,57693.0,27690.0
2015-07-17,57693.0,27690.0
2015-07-18,57693.0,27690.0
2015-07-19,57693.0,27690.0
2015-07-20,60958.0,28659.0
2015-07-21,60958.0,28659.0
2015-07-22,60958.0,28659.0
2015-07-23,60958.0,28659.0
2015-07-24,60958.0,28659.0
2015-07-25,60958.0,28659.0
2015-07-26,60958.0,28659.0
2015-07-27,63654.0,30191.0
2015-07-28,63654.0,30191.0
2015-07-29,63654.0,30191.0
2015-07-30,63654.0,30191.0
2015-07-31,63654.0,30191.0
2015-08-01,63654.0,30191.0
2015-08-02,63654.0,30191.0
2015-08-03,66488.0,30449.0
2015-08-04,66488.0,30449.0
2015-08-05,66488.0,30449.0
2015-08-06,66488.0,30449.0
2015-08-07,66488.0,30449.0
2015-08-08,66488.0,30449.0
2015-08-09,66488.0,30449.0
2015-08-10,68749.0,30435.0
2015-08-11,68749.0,30435.0
2015-08-12,68749.0,30435.0
2015-08-13,68749.0,30435.0
2015-08-14,68749.0,30435.0
2015-08-15,68749.0,30435.0
2015-08-16,68749.0,30435.0
2015-08-17,70520.0,30033.0
2015-08-18,70520.0,30033.0
2015-08-19,70520.0,30033.0
2015-08-20,70520.0,30033.0
2015-08-21,70520.0,30033.0
2015-08-22,70520.0,30033.0
2015-08-23,70520.0,30033.0
2015-08-24,73339.0,30003.0
2015-08-25,73339.0,30003.0
2015-08-26,73339.0,30003.0
2015-08-27,73339.0,30003.0
2015-08-28,73339.0,30003.0
2015-08-29,73339.0,30003.0
2015-08-30,73339.0,30003.0
2015-08-31,74646.0,29785.0
2015-09-01,74646.0,29785.0
2015-09-02,74646.0,29785.0
2015-09-03,74646.0,29785.0
2015-09-04,74646.0,29785.0
2015-09-05,74646.0,29785.0
2015-09-06,74646.0,29785.0
2015-09-07,74047.0,29093.0
2015-09-08,74047.0,29093.0
2015-09-09,74047.0,29093.0
2015-09-10,74047.0,29093.0
2015-09-11,74047.0,29093.0
2015-09-12,74047.0,29093.0
2015-09-13,74047.0,29093.0
2015-09-14,75719.0,29515.0
2015-09-15,75719.0,29515.0
2015-09-16,75719.0,29515.0
2015-09-17,75719.0,29515.0
2015-09-18,75719.0,29515.0
2015-09-19,75719.0,29515.0
2015-09-20,75719.0,29515.0
2015-09-21,76036.0,30044.0
2015-09-22,76036.0,30044.0
2015-09-23,76036.0,30044.0
2015-09-24,76036.0,30044.0
2015-09-25,76036.0,30044.0
2015-09-26,76036.0,30044.0
2015-09-27,76036.0,30044.0
2015-09-28,76191.0,30694.0
2015-09-29,76191.0,30694.0
2015-09-30,76191.0,30694.0
2015-10-01,76191.0,30694.0
2015-10-02,76191.0,30694.0
2015-10-03,76191.0,30694.0
2015-10-04,76191.0,30694.0
2015-10-05,75205.0,30341.0
2015-10-06,75205.0,30341.0
2015-10-07,75205.0,30341.0
2015-10-08,75205.0,30341.0
2015-10-09,75205.0,30341.0
2015-10-10,75205.0,30341.0
2015-10-11,75205.0,30341.0
2015-10-12,73925.0,29741.0
2015-10-13,73925.0,29741.0
2015-10-14,73925.0,29741.0
2015-10-15,73925.0,29741.0
2015-10-16,73925.0,29741.0
2015-10-17,73925.0,29741.0
2015-10-18,73925.0,29741.0
2015-10-19,73489.0,29323.0
2015-10-20,73489.0,29323.0
2015-10-21,73489.0,29323.0
2015-10-22,73489.0,29323.0
2015-10-23,73489.0,29323.0
2015-10-24,73489.0,29323.0
2015-10-25,73489.0,29323.0
2015-10-26,72651.0,28725.0
2015-10-27,72651.0,28725.0
2015-10-28,72651.0,28725.0
2015-10-29,72651.0,28725.0
2015-10-30,72651.0,28725.0
2015-10-31,72651.0,28725.0
2015-11-01,72651.0,28725.0
2015-11-02,72148.0,28638.0
2015-11-03,72148.0,28638.0
2015-11-04,72148.0,28638.0
2015-11-05,72148.0,28638.0
2015-11-06,72148.0,28638.0
2015-11-07,72148.0,28638.0
2015-11-08,72148.0,28638.0
2015-11-09,72314.0,28218.0
2015-11-10,72314.0,28218.0
2015-11-11,72314.0,28218.0
2015-11-12,72314.0,28218.0
2015-11-13,72314.0,28218.0
2015-11-14,72314.0,28218.0
2015-11-15,72314.0,28218.0
2015-11-16,70592.0,27372.0
2015-11-17,70592.0,27372.0
2015-11-18,70592.0,27372.0
2015-11-19,70592.0,27372.0
2015-11-20,70592.0,27372.0
2015-11-21,70592.0,27372.0
2015-11-22,70592.0,27372.0
2015-11-23,69397.0,26620.0
2015-11-24,69397.0,26620.0
2015-11-25,69397.0,26620.0
2015-11-26,69397.0,26620.0
2015-11-27,69397.0,26620.0
2015-11-28,69397.0,26620.0
2015-11-29,69397.0,26620.0
2015-11-30,69670.0,26130.0
2015-12-01,69670.0,26130.0
2015-12-02,69670.0,26130.0
2015-12-03,69670.0,26130.0
2015-12-04,69670.0,26130.0
2015-12-05,69670.0,26130.0
2015-12-06,69670.0,26130.0
2015-12-07,69344.0,25381.0
2015-12-08,69344.0,25381.0
2015-12-09,69344.0,25381.0
2015-12-10,69344.0,25381.0
2015-12-11,69344.0,25381.0
2015-12-12,69344.0,25381.0
2015-12-13,69344.0,25381.0
2015-12-14,68811.0,24619.0
2015-12-15,68811.0,24619.0
2015-12-16,68811.0,24619.0
2015-12-17,68811.0,24619.0
2015-12-18,68811.0,24619.0
2015-12-19,68811.0,24619.0
2015-12-20,68811.0,24619.0
2015-12-21,69372.0,24625.0
2015-12-22,69372.0,24625.0
2015-12-23,69372.0,24625.0
2015-12-24,69372.0,24625.0
2015-12-25,69372.0,24625.0
2015-12-26,69372.0,24625.0
2015-12-27,69372.0,24625.0
2015-12-28,67816.0,23841.0
2015-12-29,67816.0,23841.0
2015-12-30,67816.0,23841.0
2015-12-31,67816.0,23841.0
2016-01-01,67816.0,23841.0
2016-01-02,67816.0,23841.0
2016-01-03,67816.0,23841.0
2016-01-04,61654.0,21203.0
2016-01-05,61654.0,21203.0
2016-01-06,61654.0,21203.0
2016-01-07,61654.0,21203.0
2016-01-08,61654.0,21203.0
2016-01-09,61654.0,21203.0
2016-01-10,61654.0,21203.0
2016-01-11,58235.0,19811.0
2016-01-12,58235.0,19811.0
2016-01-13,58235.0,19811.0
2016-01-14,58235.0,19811.0
2016-01-15,58235.0,19811.0
2016-01-16,58235.0,19811.0
2016-01-17,58235.0,19811.0
2016-01-18,56990.0,18956.0
2016-01-19,56990.0,18956.0
2016-01-20,56990.0,18956.0
2016-01-21,56990.0,18956.0
2016-01-22,56990.0,18956.0
2016-01-23,56990.0,18956.0
2016-01-24,56990.0,18956.0
2016-01-25,55266.0,17939.0
2016-01-26,55266.0,17939.0
2016-01-27,55266.0,17939.0
2016-01-28,55266.0,17939.0
2016-01-29,55266.0,17939.0
2016-01-30,55266.0,17939.0
2016-01-31,55266.0,17939.0
2016-02-01,52814.0,16813.0
2016-02-02,52814.0,16813.0
2016-02-03,52814.0,16813.0
2016-02-04,52814.0,16813.0
2016-02-05,52814.0,16813.0
2016-02-06,52814.0,16813.0
2016-02-07,52814.0,16813.0
2016-02-08,50239.0,15513.0
2016-02-09,50239.0,15513.0
2016-02-10,50239.0,15513.0
2016-02-11,50239.0,15513.0
2016-02-12,50239.0,15513.0
2016-02-13,50239.0,15513.0
2016-02-14,50239.0,15513.0
2016-02-15,47424.0,14183.0
2016-02-16,47424.0,14183.0
2016-02-17,47424.0,14183.0
2016-02-18,47424.0,14183.0
2016-02-19,47424.0,14183.0
2016-02-20,47424.0,14183.0
2016-02-21,47424.0,14183.0
2016-02-22,44505.0,12875.0
2016-02-23,44505.0,12875.0
2016-02-24,44505.0,12875.0
2016-02-25,44505.0,12875.0
2016-02-26,44505.0,12875.0
2016-02-27,44505.0,12875.0
2016-02-28,44505.0,12875.0
2016-02-29,41456.0,11665.0
2016-03-01,41456.0,11665.0
2016-03-02,41456.0,11665.0
2016-03-03,41456.0,11665.0
2016-03-04,41456.0,11665.0
2016-03-05,41456.0,11665.0
2016-03-06,41456.0,11665.0
2016-03-07,39364.0,10836.0
2016-03-08,39364.0,10836.0
2016-03-09,39364.0,10836.0
2016-03-10,39364.0,10836.0
2016-03-11,39364.0,10836.0
2016-03-12,39364.0,10836.0
2016-03-13,39364.0,10836.0
2016-03-14,37478.0,10001.0
2016-03-15,37478.0,10001.0
2016-03-16,37478.0,10001.0
2016-03-17,37478.0,10001.0
2016-03-18,37478.0,10001.0
2016-03-19,37478.0,10001.0
2016-03-20,37478.0,10001.0
2016-03-21,35976.0,9326.0
2016-03-22,35976.0,9326.0
2016-03-23,35976.0,9326.0
2016-03-24,35976.0,9326.0
2016-03-25,35976.0,9326.0
2016-03-26,35976.0,9326.0
2016-03-27,35976.0,9326.0
2016-03-28,34504.0,8976.0
2016-03-29,34504.0,8976.0
2016-03-30,34504.0,8976.0
2016-03-31,34504.0,8976.0
2016-04-01,34504.0,8976.0
2016-04-02,34504.0,8976.0
2016-04-03,34504.0,8976.0
2016-04-04,32801.0,8566.0
2016-04-05,32801.0,8566.0
2016-04-06,32801.0,8566.0
2016-04-07,32801.0,8566.0
2016-04-08,32801.0,8566.0
2016-04-09,32801.0,8566.0
2016-04-10,32801.0,8566.0
2016-04-11,31593.0,8241.0
2016-04-12,31593.0,8241.0
2016-04-13,31593.0,8241.0
2016-04-14,31593.0,8241.0
2016-04-15,31593.0,8241.0
2016-04-16,31593.0,8241.0
2016-04-17,31593.0,8241.0
2016-04-18,29923.0,8180.0
2016-04-19,29923.0,8180.0
2016-04-20,29923.0,8180.0
2016-04-21,29923.0,8180.0
2016-04-22,29923.0,8180.0
2016-04-23,29923.0,8180.0
2016-04-24,29923.0,8180.0
2016-04-25,30014.0,9424.0
2016-04-26,30014.0,9424.0
2016-04-27,30014.0,9424.0
2016-04-28,30014.0,9424.0
2016-04-29,30014.0,9424.0
2016-04-30,30014.0,9424.0
2016-05-01,30014.0,9424.0
2016-05-02,32136.0,11416.0
2016-05-03,32136.0,11416.0
2016-05-04,32136.0,11416.0
2016-05-05,32136.0,11416.0
2016-05-06,32136.0,11416.0
2016-05-07,32136.0,11416.0
2016-05-08,32136.0,11416.0
2016-05-09,33688.0,12671.0
2016-05-10,33688.0,12671.0
2016-05-11,33688.0,12671.0
2016-05-12,33688.0,12671.0
2016-05-13,33688.0,12671.0
2016-05-14,33688.0,12671.0
2016-05-15,33688.0,12671.0
2016-05-16,38549.0,15548.0
2016-05-17,38549.0,15548.0
2016-05-18,38549.0,15548.0
2016-05-19,38549.0,15548.0
2016-05-20,38549.0,15548.0
2016-05-21,38549.0,15548.0
2016-05-22,38549.0,15548.0
2016-05-23,45833.0,17763.0
2016-05-24,45833.0,17763.0
2016-05-25,45833.0,17763.0
2016-05-26,45833.0,17763.0
2016-05-27,45833.0,17763.0
2016-05-28,45833.0,17763.0
2016-05-29,45833.0,17763.0
2016-05-30,49092.0,18310.0
2016-05-31,49092.0,18310.0
2016-06-01,49092.0,18310.0
2016-06-02,49092.0,18310.0
2016-06-03,49092.0,18310.0
2016-06-04,49092.0,18310.0
2016-06-05,49092.0,18310.0
2016-06-06,51242.0,18748.0
2016-06-07,51242.0,18748.0
2016-06-08,51242.0,18748.0
2016-06-09,51242.0,18748.0
2016-06-10,51242.0,18748.0
2016-06-11,51242.0,18748.0
2016-06-12,51242.0,18748.0
2016-06-13,54369.0,19417.0
2016-06-14,54369.0,19417.0
2016-06-15,54369.0,19417.0
2016-06-16,54369.0,19417.0
2016-06-17,54369.0,19417.0
2016-06-18,54369.0,19417.0
2016-06-19,54369.0,19417.0
2016-06-20,58018.0,20321.0
2016-06-21,58018.0,20321.0
2016-06-22,58018.0,20321.0
2016-06-23,58018.0,20321.0
2016-06-24,58018.0,20321.0
2016-06-25,58018.0,20321.0
2016-06-26,58018.0,20321.0
2016-06-27,59329.0,20916.0
2016-06-28,59329.0,20916.0
2016-06-29,59329.0,20916.0
2016-06-30,59329.0,20916.0
2016-07-01,59329.0,20916.0
2016-07-02,59329.0,20916.0
2016-07-03,59329.0,20916.0
2016-07-04,60932.0,21301.0
2016-07-05,60932.0,21301.0
2016-07-06,60932.0,21301.0
2016-07-07,60932.0,21301.0
2016-07-08,60932.0,21301.0
2016-07-09,60932.0,21301.0
2016-07-10,60932.0,21301.0
2016-07-11,62061.0,21271.0
2016-07-12,62061.0,21271.0
2016-07-13,62061.0,21271.0
2016-07-14,62061.0,21271.0
2016-07-15,62061.0,21271.0
2016-07-16,62061.0,21271.0
2016-07-17,62061.0,21271.0
2016-07-18,63807.0,21423.0
2016-07-19,63807.0,21423.0
2016-07-20,63807.0,21423.0
2016-07-21,63807.0,21423.0
2016-07-22,63807.0,21423.0
2016-07-23,63807.0,21423.0
2016-07-24,63807.0,21423.0
2016-07-25,64991.0,21880.0
2016-07-26,64991.0,21880.0
2016-07-27,64991.0,21880.0
2016-07-28,64991.0,21880.0
2016-07-29,64991.0,21880.0
2016-07-30,64991.0,21880.0
2016-07-31,64991.0,21880.0
2016-08-01,66996.0,22403.0
2016-08-02,66996.0,22403.0
2016-08-03,66996.0,22403.0
2016-08-04,66996.0,22403.0
2016-08-05,66996.0,22403.0
2016-08-06,66996.0,22403.0
2016-08-07,66996.0,22403.0
2016-08-08,67029.0,22456.0
2016-08-09,67029.0,22456.0
2016-08-10,67029.0,22456.0
2016-08-11,67029.0,22456.0
2016-08-12,67029.0,22456.0
2016-08-13,67029.0,22456.0
2016-08-14,67029.0,22456.0
2016-08-15,67724.0,22647.0
2016-08-16,67724.0,22647.0
2016-08-17,67724.0,22647.0
2016-08-18,67724.0,22647.0
2016-08-19,67724.0,22647.0
2016-08-20,67724.0,22647.0
2016-08-21,67724.0,22647.0
2016-08-22,68720.0,23003.0
2016-08-23,68720.0,23003.0
2016-08-24,68720.0,23003.0
2016-08-25,68720.0,23003.0
2016-08-26,68720.0,23003.0
2016-08-27,68720.0,23003.0
2016-08-28,68720.0,23003.0
2016-08-29,69235.0,23302.0
2016-08-30,69235.0,23302.0
2016-08-31,69235.0,23302.0
2016-09-01,69235.0,23302.0
2016-09-02,69235.0,23302.0
2016-09-03,69235.0,23302.0
2016-09-04,69235.0,23302.0
2016-09-05,69411.0,23383.0
2016-09-06,69411.0,23383.0
2016-09-07,69411.0,23383.0
2016-09-08,69411.0,23383.0
2016-09-09,69411.0,23383.0
2016-09-10,69411.0,23383.0
2016-09-11,69411.0,23383.0
2016-09-12,68544.0,23086.0
2016-09-13,68544.0,23086.0
2016-09-14,68544.0,23086.0
2016-09-15,68544.0,23086.0
2016-09-16,68544.0,23086.0
2016-09-17,68544.0,23086.0
2016-09-18,68544.0,23086.0
2016-09-19,70814.0,23251.0
2016-09-20,70814.0,23251.0
2016-09-21,70814.0,23251.0
2016-09-22,70814.0,23251.0
2016-09-23,70814.0,23251.0
2016-09-24,70814.0,23251.0
2016-09-25,70814.0,23251.0
2016-09-26,70102.0,22990.0
2016-09-27,70102.0,22990.0
2016-09-28,70102.0,22990.0
2016-09-29,70102.0,22990.0
2016-09-30,70102.0,22990.0
2016-10-01,70102.0,22990.0
2016-10-02,70102.0,22990.0
2016-10-03,68334.0,22360.0
2016-10-04,68334.0,22360.0
2016-10-05,68334.0,22360.0
2016-10-06,68334.0,22360.0
2016-10-07,68334.0,22360.0
2016-10-08,68334.0,22360.0
2016-10-09,68334.0,22360.0
2016-10-10,66485.0,21783.0
2016-10-11,66485.0,21783.0
2016-10-12,66485.0,21783.0
2016-10-13,66485.0,21783.0
2016-10-14,66485.0,21783.0
2016-10-15,66485.0,21783.0
2016-10-16,66485.0,21783.0
2016-10-17,65043.0,21278.0
2016-10-18,65043.0,21278.0
2016-10-19,65043.0,21278.0
2016-10-20,65043.0,21278.0
2016-10-21,65043.0,21278.0
2016-10-22,65043.0,21278.0
2016-10-23,65043.0,21278.0
2016-10-24,63471.0,20689.0
2016-10-25,63471.0,20689.0
2016-10-26,63471.0,20689.0
2016-10-27,63471.0,20689.0
2016-10-28,63471.0,20689.0
2016-10-29,63471.0,20689.0
2016-10-30,63471.0,20689.0
2016-10-31,60755.0,19716.0
2016-11-01,60755.0,19716.0
2016-11-02,60755.0,19716.0
2016-11-03,60755.0,19716.0
2016-11-04,60755.0,19716.0
2016-11-05,60755.0,19716.0
2016-11-06,60755.0,19716.0
2016-11-07,59577.0,19390.0
2016-11-08,59577.0,19390.0
2016-11-09,59577.0,19390.0
2016-11-10,59577.0,19390.0
2016-11-11,59577.0,19390.0
2016-11-12,59577.0,19390.0
2016-11-13,59577.0,19390.0
2016-11-14,58649.0,19180.0
2016-11-15,58649.0,19180.0
2016-11-16,58649.0,19180.0
2016-11-17,58649.0,19180.0
2016-11-18,58649.0,19180.0
2016-11-19,58649.0,19180.0
2016-11-20,58649.0,19180.0
2016-11-21,56891.0,18694.0
2016-11-22,56891.0,18694.0
2016-11-23,56891.0,18694.0
2016-11-24,56891.0,18694.0
2016-11-25,56891.0,18694.0
2016-11-26,56891.0,18694.0
2016-11-27,56891.0,18694.0
2016-11-28,56649.0,18459.0
2016-11-29,56649.0,18459.0
2016-11-30,56649.0,18459.0
2016-12-01,56649.0,18459.0
2016-12-02,56649.0,18459.0
2016-12-03,56649.0,18459.0
2016-12-04,56649.0,18459.0
2016-12-05,54457.0,17749.0
2016-12-06,54457.0,17749.0
2016-12-07,54457.0,17749.0
2016-12-08,54457.0,17749.0
2016-12-09,54457.0,17749.0
2016-12-10,54457.0,17749.0
2016-12-11,54457.0,17749.0
2016-12-12,53687.0,17801.0
2016-12-13,53687.0,17801.0
2016-12-14,53687.0,17801.0
2016-12-15,53687.0,17801.0
2016-12-16,53687.0,17801.0
2016-12-17,53687.0,17801.0
2016-12-18,53687.0,17801.0
2016-12-19,53987.0,17924.0
2016-12-20,53987.0,17924.0
2016-12-21,53987.0,17924.0
2016-12-22,53987.0,17924.0
2016-12-23,53987.0,17924.0
2016-12-24,53987.0,17924.0
2016-12-25,53987.0,17924.0
2016-12-26,64848.0,22522.0
2016-12-27,64848.0,22522.0
2016-12-28,64848.0,22522.0
2016-12-29,64848.0,22522.0
2016-12-30,64848.0,22522.0
2016-12-31,64848.0,22522.0
2017-01-01,64848.0,22522.0
2017-01-02,50102.0,16533.0
2017-01-03,50102.0,16533.0
2017-01-04,50102.0,16533.0
2017-01-05,50102.0,16533.0
2017-01-06,50102.0,16533.0
2017-01-07,50102.0,16533.0
2017-01-08,50102.0,16533.0
2017-01-09,48484.0,15735.0
2017-01-10,48484.0,15735.0
2017-01-11,48484.0,15735.0
2017-01-12,48484.0,15735.0
2017-01-13,48484.0,15735.0
2017-01-14,48484.0,15735.0
2017-01-15,48484.0,15735.0
2017-01-16,46780.0,15049.0
2017-01-17,46780.0,15049.0
2017-01-18,46780.0,15049.0
2017-01-19,46780.0,15049.0
2017-01-20,46780.0,15049.0
2017-01-21,46780.0,15049.0
2017-01-22,46780.0,15049.0
2017-01-23,44240.0,14159.0
2017-01-24,44240.0,14159.0
2017-01-25,44240.0,14159.0
2017-01-26,44240.0,14159.0
2017-01-27,44240.0,14159.0
2017-01-28,44240.0,14159.0
2017-01-29,44240.0,14159.0
2017-01-30,41458.0,13006.0
2017-01-31,41458.0,13006.0
2017-02-01,41458.0,13006.0
2017-02-02,41458.0,13006.0
2017-02-03,41458.0,13006.0
2017-02-04,41458.0,13006.0
2017-02-05,41458.0,13006.0
2017-02-06,39043.0,12132.0
2017-02-07,39043.0,12132.0
2017-02-08,39043.0,12132.0
2017-02-09,39043.0,12132.0
2017-02-10,39043.0,12132.0
2017-02-11,39043.0,12132.0
2017-02-12,39043.0,12132.0
2017-02-13,37381.0,11406.0
2017-02-14,37381.0,11406.0
2017-02-15,37381.0,11406.0
2017-02-16,37381.0,11406.0
2017-02-17,37381.0,11406.0
2017-02-18,37381.0,11406.0
2017-02-19,37381.0,11406.0
2017-02-20,35222.0,10534.0
2017-02-21,35222.0,10534.0
2017-02-22,35222.0,10534.0
2017-02-23,35222.0,10534.0
2017-02-24,35222.0,10534.0
2017-02-25,35222.0,10534.0
2017-02-26,35222.0,10534.0
2017-02-27,32716.0,9540.0
2017-02-28,32716.0,9540.0
2017-03-01,32716.0,9540.0
2017-03-02,32716.0,9540.0
2017-03-03,32716.0,9540.0
2017-03-04,32716.0,9540.0
2017-03-05,32716.0,9540.0
2017-03-06,31142.0,8862.0
2017-03-07,31142.0,8862.0
2017-03-08,31142.0,8862.0
2017-03-09,31142.0,8862.0
2017-03-10,31142.0,8862.0
2017-03-11,31142.0,8862.0
2017-03-12,31142.0,8862.0
2017-03-13,29456.0,8156.0
2017-03-14,29456.0,8156.0
2017-03-15,29456.0,8156.0
2017-03-16,29456.0,8156.0
2017-03-17,29456.0,8156.0
2017-03-18,29456.0,8156.0
2017-03-19,29456.0,8156.0
2017-03-20,28601.0,7636.0
2017-03-21,28601.0,7636.0
2017-03-22,28601.0,7636.0
2017-03-23,28601.0,7636.0
2017-03-24,28601.0,7636.0
2017-03-25,28601.0,7636.0
2017-03-26,28601.0,7636.0
2017-03-27,28251.0,7398.0
2017-03-28,28251.0,7398.0
2017-03-29,28251.0,7398.0
2017-03-30,28251.0,7398.0
2017-03-31,28251.0,7398.0
2017-04-01,28251.0,7398.0
2017-04-02,28251.0,7398.0
2017-04-03,27589.0,7203.0
2017-04-04,27589.0,7203.0
2017-04-05,27589.0,7203.0
2017-04-06,27589.0,7203.0
2017-04-07,27589.0,7203.0
2017-04-08,27589.0,7203.0
2017-04-09,27589.0,7203.0
2017-04-10,26148.0,6838.0
2017-04-11,26148.0,6838.0
2017-04-12,26148.0,6838.0
2017-04-13,26148.0,6838.0
2017-04-14,26148.0,6838.0
2017-04-15,26148.0,6838.0
2017-04-16,26148.0,6838.0
2017-04-17,24236.0,6373.0
2017-04-18,24236.0,6373.0
2017-04-19,24236.0,6373.0
2017-04-20,24236.0,6373.0
2017-04-21,24236.0,6373.0
2017-04-22,24236.0,6373.0
2017-04-23,24236.0,6373.0
2017-04-24,23543.0,6615.0
2017-04-25,23543.0,6615.0
2017-04-26,23543.0,6615.0
2017-04-27,23543.0,6615.0
2017-04-28,23543.0,6615.0
2017-04-29,23543.0,6615.0
2017-04-30,23543.0,6615.0
2017-05-01,23183.0,6873.0
2017-05-02,23183.0,6873.0
2017-05-03,23183.0,6873.0
2017-05-04,23183.0,6873.0
2017-05-05,23183.0,6873.0
2017-05-06,23183.0,6873.0
2017-05-07,23183.0,6873.0
2017-05-08,28682.0,8474.0
2017-05-09,28682.0,8474.0
2017-05-10,28682.0,8474.0
2017-05-11,28682.0,8474.0
2017-05-12,28682.0,8474.0
2017-05-13,28682.0,8474.0
2017-05-14,28682.0,8474.0
2017-05-15,33857.0,11123.0
2017-05-16,33857.0,11123.0
2017-05-17,33857.0,11123.0
2017-05-18,33857.0,11123.0
2017-05-19,33857.0,11123.0
2017-05-20,33857.0,11123.0
2017-05-21,33857.0,11123.0
2017-05-22,37965.0,12696.0
2017-05-23,37965.0,12696.0
2017-05-24,37965.0,12696.0
2017-05-25,37965.0,12696.0
2017-05-26,37965.0,12696.0
2017-05-27,37965.0,12696.0
2017-05-28,37965.0,12696.0
2017-05-29,44950.0,15186.0
2017-05-30,44950.0,15186.0
2017-05-31,44950.0,15186.0
2017-06-01,44950.0,15186.0
2017-06-02,44950.0,15186.0
2017-06-03,44950.0,15186.0
2017-06-04,44950.0,15186.0
2017-06-05,50159.0,18185.0
2017-06-06,50159.0,18185.0
2017-06-07,50159.0,18185.0
2017-06-08,50159.0,18185.0
2017-06-09,50159.0,18185.0
2017-06-10,50159.0,18185.0
2017-06-11,50159.0,18185.0
2017-06-12,53631.0,20285.0
2017-06-13,53631.0,20285.0
2017-06-14,53631.0,20285.0
2017-06-15,53631.0,20285.0
2017-06-16,53631.0,20285.0
2017-06-17,53631.0,20285.0
2017-06-18,53631.0,20285.0
2017-06-19,55720.0,21751.0
2017-06-20,55720.0,21751.0
2017-06-21,55720.0,21751.0
2017-06-22,55720.0,21751.0
2017-06-23,55720.0,21751.0
2017-06-24,55720.0,21751.0
2017-06-25,55720.0,21751.0
2017-06-26,56950.0,22576.0
2017-06-27,56950.0,22576.0
2017-06-28,56950.0,22576.0
2017-06-29,56950.0,22576.0
2017-06-30,56950.0,22576.0
2017-07-01,56950.0,22576.0
2017-07-02,56950.0,22576.0
2017-07-03,58713.0,24418.0
2017-07-04,58713.0,24418.0
2017-07-05,58713.0,24418.0
2017-07-06,58713.0,24418.0
2017-07-07,58713.0,24418.0
2017-07-08,58713.0,24418.0
2017-07-09,58713.0,24418.0
2017-07-10,60102.0,25453.0
2017-07-11,60102.0,25453.0
2017-07-12,60102.0,25453.0
2017-07-13,60102.0,25453.0
2017-07-14,60102.0,25453.0
2017-07-15,60102.0,25453.0
2017-07-16,60102.0,25453.0
2017-07-17,61742.0,26000.0
2017-07-18,61742.0,26000.0
2017-07-19,61742.0,26000.0
2017-07-20,61742.0,26000.0
2017-07-21,61742.0,26000.0
2017-07-22,61742.0,26000.0
2017-07-23,61742.0,26000.0
2017-07-24,64004.0,26679.0
2017-07-25,64004.0,26679.0
2017-07-26,64004.0,26679.0
2017-07-27,64004.0,26679.0
2017-07-28,64004.0,26679.0
2017-07-29,64004.0,26679.0
2017-07-30,64004.0,26679.0
2017-07-31,65357.0,26900.0
2017-08-01,65357.0,26900.0
2017-08-02,65357.0,26900.0
2017-08-03,65357.0,26900.0
2017-08-04,65357.0,26900.0
2017-08-05,65357.0,26900.0
2017-08-06,65357.0,26900.0
2017-08-07,66620.0,27290.0
2017-08-08,66620.0,27290.0
2017-08-09,66620.0,27290.0
2017-08-10,66620.0,27290.0
2017-08-11,66620.0,27290.0
2017-08-12,66620.0,27290.0
2017-08-13,66620.0,27290.0
2017-08-14,66678.0,27381.0
2017-08-15,66678.0,27381.0
2017-08-16,66678.0,27381.0
2017-08-17,66678.0,27381.0
2017-08-18,66678.0,27381.0
2017-08-19,66678.0,27381.0
2017-08-20,66678.0,27381.0
2017-08-21,66334.0,27241.0
2017-08-22,66334.0,27241.0
2017-08-23,66334.0,27241.0
2017-08-24,66334.0,27241.0
2017-08-25,66334.0,27241.0
2017-08-26,66334.0,27241.0
2017-08-27,66334.0,27241.0
2017-08-28,66891.0,26887.0
2017-08-29,66891.0,26887.0
2017-08-30,66891.0,26887.0
2017-08-31,66891.0,26887.0
2017-09-01,66891.0,26887.0
2017-09-02,66891.0,26887.0
2017-09-03,66891.0,26887.0
2017-09-04,68380.0,27346.0
2017-09-05,68380.0,27346.0
2017-09-06,68380.0,27346.0
2017-09-07,68380.0,27346.0
2017-09-08,68380.0,27346.0
2017-09-09,68380.0,27346.0
2017-09-10,68380.0,27346.0
2017-09-11,68189.0,27182.0
2017-09-12,68189.0,27182.0
2017-09-13,68189.0,27182.0
2017-09-14,68189.0,27182.0
2017-09-15,68189.0,27182.0
2017-09-16,68189.0,27182.0
2017-09-17,68189.0,27182.0
2017-09-18,68088.0,26797.0
2017-09-19,68088.0,26797.0
2017-09-20,68088.0,26797.0
2017-09-21,68088.0,26797.0
2017-09-22,68088.0,26797.0
2017-09-23,68088.0,26797.0
2017-09-24,68088.0,26797.0
2017-09-25,70394.0,27180.0
2017-09-26,70394.0,27180.0
2017-09-27,70394.0,27180.0
2017-09-28,70394.0,27180.0
2017-09-29,70394.0,27180.0
2017-09-30,70394.0,27180.0
2017-10-01,70394.0,27180.0
2017-10-02,70449.0,27269.0
2017-10-03,70449.0,27269.0
2017-10-04,70449.0,27269.0
2017-10-05,70449.0,27269.0
2017-10-06,70449.0,27269.0
2017-10-07,70449.0,27269.0
2017-10-08,70449.0,27269.0
2017-10-09,70854.0,27470.0
2017-10-10,70854.0,27470.0
2017-10-11,70854.0,27470.0
2017-10-12,70854.0,27470.0
2017-10-13,70854.0,27470.0
2017-10-14,70854.0,27470.0
2017-10-15,70854.0,27470.0
2017-10-16,71179.0,27397.0
2017-10-17,71179.0,27397.0
2017-10-18,71179.0,27397.0
2017-10-19,71179.0,27397.0
2017-10-20,71179.0,27397.0
2017-10-21,71179.0,27397.0
2017-10-22,71179.0,27397.0
2017-10-23,70968.0,27244.0
2017-10-24,70968.0,27244.0
2017-10-25,70968.0,27244.0
2017-10-26,70968.0,27244.0
2017-10-27,70968.0,27244.0
2017-10-28,70968.0,27244.0
2017-10-29,70968.0,27244.0
2017-10-30,69864.0,26901.0
2017-10-31,69864.0,26901.0
2017-11-01,69864.0,26901.0
2017-11-02,69864.0,26901.0
2017-11-03,69864.0,26901.0
2017-11-04,69864.0,26901.0
2017-11-05,69864.0,26901.0
2017-11-06,68313.0,26302.0
2017-11-07,68313.0,26302.0
2017-11-08,68313.0,26302.0
2017-11-09,68313.0,26302.0
2017-11-10,68313.0,26302.0
2017-11-11,68313.0,26302.0
2017-11-12,68313.0,26302.0
2017-11-13,67072.0,25651.0
2017-11-14,67072.0,25651.0
2017-11-15,67072.0,25651.0
2017-11-16,67072.0,25651.0
2017-11-17,67072.0,25651.0
2017-11-18,67072.0,25651.0
2017-11-19,67072.0,25651.0
2017-11-20,64762.0,24901.0
2017-11-21,64762.0,24901.0
2017-11-22,64762.0,24901.0
2017-11-23,64762.0,24901.0
2017-11-24,64762.0,24901.0
2017-11-25,64762.0,24901.0
2017-11-26,64762.0,24901.0
2017-11-27,64229.0,24360.0
2017-11-28,64229.0,24360.0
2017-11-29,64229.0,24360.0
2017-11-30,64229.0,24360.0
2017-12-01,64229.0,24360.0
2017-12-02,64229.0,24360.0
2017-12-03,64229.0,24360.0
2017-12-04,61616.0,23368.0
2017-12-05,61616.0,23368.0
2017-12-06,61616.0,23368.0
2017-12-07,61616.0,23368.0
2017-12-08,61616.0,23368.0
2017-12-09,61616.0,23368.0
2017-12-10,61616.0,23368.0
2017-12-11,60398.0,22745.0
2017-12-12,60398.0,22745.0
2017-12-13,60398.0,22745.0
2017-12-14,60398.0,22745.0
2017-12-15,60398.0,22745.0
2017-12-16,60398.0,22745.0
2017-12-17,60398.0,22745.0
2017-12-18,59449.0,22188.0
2017-12-19,59449.0,22188.0
2017-12-20,59449.0,22188.0
2017-12-21,59449.0,22188.0
2017-12-22,59449.0,22188.0
2017-12-23,59449.0,22188.0
2017-12-24,59449.0,22188.0
2017-12-25,57555.0,20281.0
2017-12-26,57555.0,20281.0
2017-12-27,57555.0,20281.0
2017-12-28,57555.0,20281.0
2017-12-29,57555.0,20281.0
2017-12-30,57555.0,20281.0
2017-12-31,57555.0,20281.0
2018-01-01,57555.0,20281.0
2018-01-02,57555.0,20281.0
2018-01-03,57555.0,20281.0
2018-01-04,57555.0,20281.0
2018-01-05,57555.0,20281.0
2018-01-06,57555.0,20281.0
2018-01-07,57555.0,20281.0
2018-01-08,54628.0,19159.0
2018-01-09,54628.0,19159.0
2018-01-10,54628.0,19159.0
2018-01-11,54628.0,19159.0
2018-01-12,54628.0,19159.0
2018-01-13,54628.0,19159.0
2018-01-14,54628.0,19159.0
2018-01-15,52108.0,18222.0
2018-01-16,52108.0,18222.0
2018-01-17,52108.0,18222.0
2018-01-18,52108.0,18222.0
2018-01-19,52108.0,18222.0
2018-01-20,52108.0,18222.0
2018-01-21,52108.0,18222.0
2018-01-22,49339.0,17152.0
2018-01-23,49339.0,17152.0
2018-01-24,49339.0,17152.0
2018-01-25,49339.0,17152.0
2018-01-26,49339.0,17152.0
2018-01-27,49339.0,17152.0
2018-01-28,49339.0,17152.0
2018-01-29,46228.0,15843.0
2018-01-30,46228.0,15843.0
2018-01-31,46228.0,15843.0
2018-02-01,46228.0,15843.0
2018-02-02,46228.0,15843.0
2018-02-03,46228.0,15843.0
2018-02-04,46228.0,15843.0
2018-02-05,43188.0,14554.0
2018-02-06,43188.0,14554.0
2018-02-07,43188.0,14554.0
2018-02-08,43188.0,14554.0
2018-02-09,43188.0,14554.0
2018-02-10,43188.0,14554.0
2018-02-11,43188.0,14554.0
2018-02-12,39811.0,13221.0
2018-02-13,39811.0,13221.0
2018-02-14,39811.0,13221.0
2018-02-15,39811.0,13221.0
2018-02-16,39811.0,13221.0
2018-02-17,39811.0,13221.0
2018-02-18,39811.0,13221.0
2018-02-19,36383.0,11769.0
2018-02-20,36383.0,11769.0
2018-02-21,36383.0,11769.0
2018-02-22,36383.0,11769.0
2018-02-23,36383.0,11769.0
2018-02-24,36383.0,11769.0
2018-02-25,36383.0,11769.0
2018-02-26,33282.0,10493.0
2018-02-27,33282.0,10493.0
2018-02-28,33282.0,10493.0
2018-03-01,33282.0,10493.0
2018-03-02,33282.0,10493.0
2018-03-03,33282.0,10493.0
2018-03-04,33282.0,10493.0
2018-03-05,30498.0,9294.0
2018-03-06,30498.0,9294.0
2018-03-07,30498.0,9294.0
2018-03-08,30498.0,9294.0
2018-03-09,30498.0,9294.0
2018-03-10,30498.0,9294.0
2018-03-11,30498.0,9294.0
2018-03-12,27833.0,8229.0
2018-03-13,27833.0,8229.0
2018-03-14,27833.0,8229.0
2018-03-15,27833.0,8229.0
2018-03-16,27833.0,8229.0
2018-03-17,27833.0,8229.0
2018-03-18,27833.0,8229.0
2018-03-19,25362.0,7181.0
2018-03-20,25362.0,7181.0
2018-03-21,25362.0,7181.0
2018-03-22,25362.0,7181.0
2018-03-23,25362.0,7181.0
2018-03-24,25362.0,7181.0
2018-03-25,25362.0,7181.0
2018-03-26,23244.0,6380.0
2018-03-27,23244.0,6380.0
2018-03-28,23244.0,6380.0
2018-03-29,23244.0,6380.0
2018-03-30,23244.0,6380.0
2018-03-31,23244.0,6380.0
2018-04-01,23244.0,6380.0
2018-04-02,21549.0,5705.0
2018-04-03,21549.0,5705.0
2018-04-04,21549.0,5705.0
2018-04-05,21549.0,5705.0
2018-04-06,21549.0,5705.0
2018-04-07,21549.0,5705.0
2018-04-08,21549.0,5705.0
2018-04-09,22422.0,5672.0
2018-04-10,22422.0,5672.0
2018-04-11,22422.0,5672.0
2018-04-12,22422.0,5672.0
2018-04-13,22422.0,5672.0
2018-04-14,22422.0,5672.0
2018-04-15,22422.0,5672.0
2018-04-16,23535.0,6763.0
2018-04-17,23535.0,6763.0
2018-04-18,23535.0,6763.0
2018-04-19,23535.0,6763.0
2018-04-20,23535.0,6763.0
2018-04-21,23535.0,6763.0
2018-04-22,23535.0,6763.0
2018-04-23,24740.0,8490.0
2018-04-24,24740.0,8490.0
2018-04-25,24740.0,8490.0
2018-04-26,24740.0,8490.0
2018-04-27,24740.0,8490.0
2018-04-28,24740.0,8490.0
2018-04-29,24740.0,8490.0
2018-04-30,33817.0,13115.0
2018-05-01,33817.0,13115.0
2018-05-02,33817.0,13115.0
2018-05-03,33817.0,13115.0
2018-05-04,33817.0,13115.0
2018-05-05,33817.0,13115.0
2018-05-06,33817.0,13115.0
2018-05-07,39703.0,17462.0
2018-05-08,39703.0,17462.0
2018-05-09,39703.0,17462.0
2018-05-10,39703.0,17462.0
2018-05-11,39703.0,17462.0
2018-05-12,39703.0,17462.0
2018-05-13,39703.0,17462.0
2018-05-14,43577.0,19281.0
2018-05-15,43577.0,19281.0
2018-05-16,43577.0,19281.0
2018-05-17,43577.0,19281.0
2018-05-18,43577.0,19281.0
2018-05-19,43577.0,19281.0
2018-05-20,43577.0,19281.0
2018-05-21,47973.0,20367.0
2018-05-22,47973.0,20367.0
2018-05-23,47973.0,20367.0
2018-05-24,47973.0,20367.0
2018-05-25,47973.0,20367.0
2018-05-26,47973.0,20367.0
2018-05-27,47973.0,20367.0
2018-05-28,49591.0,20494.0
2018-05-29,49591.0,20494.0
2018-05-30,49591.0,20494.0
2018-05-31,49591.0,20494.0
2018-06-01,49591.0,20494.0
2018-06-02,49591.0,20494.0
2018-06-03,49591.0,20494.0
2018-06-04,51743.0,20739.0
2018-06-05,51743.0,20739.0
2018-06-06,51743.0,20739.0
2018-06-07,51743.0,20739.0
2018-06-08,51743.0,20739.0
2018-06-09,51743.0,20739.0
2018-06-10,51743.0,20739.0
2018-06-11,53380.0,21620.0
2018-06-12,53380.0,21620.0
2018-06-13,53380.0,21620.0
2018-06-14,53380.0,21620.0
2018-06-15,53380.0,21620.0
2018-06-16,53380.0,21620.0
2018-06-17,53380.0,21620.0
2018-06-18,53640.0,21680.0
2018-06-19,53640.0,21680.0
2018-06-20,53640.0,21680.0
2018-06-21,53640.0,21680.0
2018-06-22,53640.0,21680.0
2018-06-23,53640.0,21680.0
2018-06-24,53640.0,21680.0
2018-06-25,53385.0,21524.0
2018-06-26,53385.0,21524.0
2018-06-27,53385.0,21524.0
2018-06-28,53385.0,21524.0
2018-06-29,53385.0,21524.0
2018-06-30,53385.0,21524.0
2018-07-01,53385.0,21524.0
2018-07-02,52813.0,21349.0
2018-07-03,52813.0,21349.0
2018-07-04,52813.0,21349.0
2018-07-05,52813.0,21349.0
2018-07-06,52813.0,21349.0
2018-07-07,52813.0,21349.0
2018-07-08,52813.0,21349.0
2018-07-09,52462.0,21356.0
2018-07-10,52462.0,21356.0
2018-07-11,52462.0,21356.0
2018-07-12,52462.0,21356.0
2018-07-13,52462.0,21356.0
2018-07-14,52462.0,21356.0
2018-07-15,52462.0,21356.0
2018-07-16,52328.0,21390.0
2018-07-17,52328.0,21390.0
2018-07-18,52328.0,21390.0
2018-07-19,52328.0,21390.0
2018-07-20,52328.0,21390.0
2018-07-21,52328.0,21390.0
2018-07-22,52328.0,21390.0
2018-07-23,52983.0,21523.0
2018-07-24,52983.0,21523.0
2018-07-25,52983.0,21523.0
2018-07-26,52983.0,21523.0
2018-07-27,52983.0,21523.0
2018-07-28,52983.0,21523.0
2018-07-29,52983.0,21523.0
2018-07-30,54591.0,21708.0
2018-07-31,54591.0,21708.0
2018-08-01,54591.0,21708.0
2018-08-02,54591.0,21708.0
2018-08-03,54591.0,21708.0
2018-08-04,54591.0,21708.0
2018-08-05,54591.0,21708.0
2018-08-06,56548.0,21911.0
2018-08-07,56548.0,21911.0
2018-08-08,56548.0,21911.0
2018-08-09,56548.0,21911.0
2018-08-10,56548.0,21911.0
2018-08-11,56548.0,21911.0
2018-08-12,56548.0,21911.0
2018-08-13,57334.0,22126.0
2018-08-14,57334.0,22126.0
2018-08-15,57334.0,22126.0
2018-08-16,57334.0,22126.0
2018-08-17,57334.0,22126.0
2018-08-18,57334.0,22126.0
2018-08-19,57334.0,22126.0
2018-08-20,56925.0,21985.0
2018-08-21,56925.0,21985.0
2018-08-22,56925.0,21985.0
2018-08-23,56925.0,21985.0
2018-08-24,56925.0,21985.0
2018-08-25,56925.0,21985.0
2018-08-26,56925.0,21985.0
2018-08-27,57143.0,21552.0
2018-08-28,57143.0,21552.0
2018-08-29,57143.0,21552.0
2018-08-30,57143.0,21552.0
2018-08-31,57143.0,21552.0
2018-09-01,57143.0,21552.0
2018-09-02,57143.0,21552.0
2018-09-03,60665.0,21442.0
2018-09-04,60665.0,21442.0
2018-09-05,60665.0,21442.0
2018-09-06,60665.0,21442.0
2018-09-07,60665.0,21442.0
2018-09-08,60665.0,21442.0
2018-09-09,60665.0,21442.0
2018-09-10,64258.0,21938.0
2018-09-11,64258.0,21938.0
2018-09-12,64258.0,21938.0
2018-09-13,64258.0,21938.0
2018-09-14,64258.0,21938.0
2018-09-15,64258.0,21938.0
2018-09-16,64258.0,21938.0
2018-09-17,66767.0,22871.0
2018-09-18,66767.0,22871.0
2018-09-19,66767.0,22871.0
2018-09-20,66767.0,22871.0
2018-09-21,66767.0,22871.0
2018-09-22,66767.0,22871.0
2018-09-23,66767.0,22871.0
2018-09-24,66872.0,23176.0
2018-09-25,66872.0,23176.0
2018-09-26,66872.0,23176.0
2018-09-27,66872.0,23176.0
2018-09-28,66872.0,23176.0
2018-09-29,66872.0,23176.0
2018-09-30,66872.0,23176.0
2018-10-01,69942.0,23564.0
2018-10-02,69942.0,23564.0
2018-10-03,69942.0,23564.0
2018-10-04,69942.0,23564.0
2018-10-05,69942.0,23564.0
2018-10-06,69942.0,23564.0
2018-10-07,69942.0,23564.0
2018-10-08,70673.0,23965.0
2018-10-09,70673.0,23965.0
2018-10-10,70673.0,23965.0
2018-10-11,70673.0,23965.0
2018-10-12,70673.0,23965.0
2018-10-13,70673.0,23965.0
2018-10-14,70673.0,23965.0
2018-10-15,70599.0,23955.0
2018-10-16,70599.0,23955.0
2018-10-17,70599.0,23955.0
2018-10-18,70599.0,23955.0
2018-10-19,70599.0,23955.0
2018-10-20,70599.0,23955.0
2018-10-21,70599.0,23955.0
2018-10-22,69347.0,23740.0
2018-10-23,69347.0,23740.0
2018-10-24,69347.0,23740.0
2018-10-25,69347.0,23740.0
2018-10-26,69347.0,23740.0
2018-10-27,69347.0,23740.0
2018-10-28,69347.0,23740.0
2018-10-29,68671.0,23525.0
2018-10-30,68671.0,23525.0
2018-10-31,68671.0,23525.0
2018-11-01,68671.0,23525.0
2018-11-02,68671.0,23525.0
2018-11-03,68671.0,23525.0
2018-11-04,68671.0,23525.0
2018-11-05,68952.0,23795.0
2018-11-06,68952.0,23795.0
2018-11-07,68952.0,23795.0
2018-11-08,68952.0,23795.0
2018-11-09,68952.0,23795.0
2018-11-10,68952.0,23795.0
2018-11-11,68952.0,23795.0
2018-11-12,66564.0,23080.0
2018-11-13,66564.0,23080.0
2018-11-14,66564.0,23080.0
2018-11-15,66564.0,23080.0
2018-11-16,66564.0,23080.0
2018-11-17,66564.0,23080.0
2018-11-18,66564.0,23080.0
2018-11-19,64590.0,22211.0
2018-11-20,64590.0,22211.0
2018-11-21,64590.0,22211.0
2018-11-22,64590.0,22211.0
2018-11-23,64590.0,22211.0
2018-11-24,64590.0,22211.0
2018-11-25,64590.0,22211.0
2018-11-26,62784.0,21649.0
2018-11-27,62784.0,21649.0
2018-11-28,62784.0,21649.0
2018-11-29,62784.0,21649.0
2018-11-30,62784.0,21649.0
2018-12-01,62784.0,21649.0
2018-12-02,62784.0,21649.0
2018-12-03,59720.0,20619.0
2018-12-04,59720.0,20619.0
2018-12-05,59720.0,20619.0
2018-12-06,59720.0,20619.0
2018-12-07,59720.0,20619.0
2018-12-08,59720.0,20619.0
2018-12-09,59720.0,20619.0
2018-12-10,57023.0,19461.0
2018-12-11,57023.0,19461.0
2018-12-12,57023.0,19461.0
2018-12-13,57023.0,19461.0
2018-12-14,57023.0,19461.0
2018-12-15,57023.0,19461.0
2018-12-16,57023.0,19461.0
2018-12-17,55522.0,18662.0
2018-12-18,55522.0,18662.0
2018-12-19,55522.0,18662.0
2018-12-20,55522.0,18662.0
2018-12-21,55522.0,18662.0
2018-12-22,55522.0,18662.0
2018-12-23,55522.0,18662.0
2018-12-24,54300.0,18035.0
2018-12-25,54300.0,18035.0
2018-12-26,54300.0,18035.0
2018-12-27,54300.0,18035.0
2018-12-28,54300.0,18035.0
2018-12-29,54300.0,18035.0
2018-12-30,54300.0,18035.0
2018-12-31,54300.0,18035.0
2019-01-01,54300.0,18035.0
2019-01-02,54300.0,18035.0
2019-01-03,54300.0,18035.0
2019-01-04,54300.0,18035.0
2019-01-05,54300.0,18035.0
2019-01-06,54300.0,18035.0
2019-01-07,52609.0,17301.0
2019-01-08,52609.0,17301.0
2019-01-09,52609.0,17301.0
2019-01-10,52609.0,17301.0
2019-01-11,52609.0,17301.0
2019-01-12,52609.0,17301.0
2019-01-13,52609.0,17301.0
2019-01-14,50025.0,16239.0
2019-01-15,50025.0,16239.0
2019-01-16,50025.0,16239.0
2019-01-17,50025.0,16239.0
2019-01-18,50025.0,16239.0
2019-01-19,50025.0,16239.0
2019-01-20,50025.0,16239.0
2019-01-21,46897.0,15003.0
2019-01-22,46897.0,15003.0
2019-01-23,46897.0,15003.0
2019-01-24,46897.0,15003.0
2019-01-25,46897.0,15003.0
2019-01-26,46897.0,15003.0
2019-01-27,46897.0,15003.0
2019-01-28,43889.0,13793.0
2019-01-29,43889.0,13793.0
2019-01-30,43889.0,13793.0
2019-01-31,43889.0,13793.0
2019-02-01,43889.0,13793.0
2019-02-02,43889.0,13793.0
2019-02-03,43889.0,13793.0
2019-02-04,41405.0,12848.0
2019-02-05,41405.0,12848.0
2019-02-06,41405.0,12848.0
2019-02-07,41405.0,12848.0
2019-02-08,41405.0,12848.0
2019-02-09,41405.0,12848.0
2019-02-10,41405.0,12848.0
2019-02-11,39684.0,12065.0
2019-02-12,39684.0,12065.0
2019-02-13,39684.0,12065.0
2019-02-14,39684.0,12065.0
2019-02-15,39684.0,12065.0
2019-02-16,39684.0,12065.0
2019-02-17,39684.0,12065.0
2019-02-18,38229.0,11207.0
2019-02-19,38229.0,11207.0
2019-02-20,38229.0,11207.0
2019-02-21,38229.0,11207.0
2019-02-22,38229.0,11207.0
2019-02-23,38229.0,11207.0
2019-02-24,38229.0,11207.0
2019-02-25,36832.0,10463.0
2019-02-26,36832.0,10463.0
2019-02-27,36832.0,10463.0
2019-02-28,36832.0,10463.0
2019-03-01,36832.0,10463.0
2019-03-02,36832.0,10463.0
2019-03-03,36832.0,10463.0
2019-03-04,34991.0,9690.0
2019-03-05,34991.0,9690.0
2019-03-06,34991.0,9690.0
2019-03-07,34991.0,9690.0
2019-03-08,34991.0,9690.0
2019-03-09,34991.0,9690.0
2019-03-10,34991.0,9690.0
2019-03-11,33093.0,8711.0
2019-03-12,33093.0,8711.0
2019-03-13,33093.0,8711.0
2019-03-14,33093.0,8711.0
2019-03-15,33093.0,8711.0
2019-03-16,33093.0,8711.0
2019-03-17,33093.0,8711.0
2019-03-18,31911.0,7993.0
2019-03-19,31911.0,7993.0
2019-03-20,31911.0,7993.0
2019-03-21,31911.0,7993.0
2019-03-22,31911.0,7993.0
2019-03-23,31911.0,7993.0
2019-03-24,31911.0,7993.0
2019-03-25,31372.0,7518.0
2019-03-26,31372.0,7518.0
2019-03-27,31372.0,7518.0
2019-03-28,31372.0,7518.0
2019-03-29,31372.0,7518.0
2019-03-30,31372.0,7518.0
2019-03-31,31372.0,7518.0
2019-04-01,30052.0,6906.0
2019-04-02,30052.0,6906.0
2019-04-03,30052.0,6906.0
2019-04-04,30052.0,6906.0
2019-04-05,30052.0,6906.0
2019-04-06,30052.0,6906.0
2019-04-07,30052.0,6906.0
2019-04-08,28209.0,6123.0
2019-04-09,28209.0,6123.0
2019-04-10,28209.0,6123.0
2019-04-11,28209.0,6123.0
2019-04-12,28209.0,6123.0
2019-04-13,28209.0,6123.0
2019-04-14,28209.0,6123.0
2019-04-15,27272.0,5697.0
2019-04-16,27272.0,5697.0
2019-04-17,27272.0,5697.0
2019-04-18,27272.0,5697.0
2019-04-19,27272.0,5697.0
2019-04-20,27272.0,5697.0
2019-04-21,27272.0,5697.0
2019-04-22,31079.0,7650.0
2019-04-23,31079.0,7650.0
2019-04-24,31079.0,7650.0
2019-04-25,31079.0,7650.0
2019-04-26,31079.0,7650.0
2019-04-27,31079.0,7650.0
2019-04-28,31079.0,7650.0
2019-04-29,34766.0,10050.0
2019-04-30,34766.0,10050.0
2019-05-01,34766.0,10050.0
2019-05-02,34766.0,10050.0
2019-05-03,34766.0,10050.0
2019-05-04,34766.0,10050.0
2019-05-05,34766.0,10050.0
2019-05-06,34912.0,11201.0
2019-05-07,34912.0,11201.0
2019-05-08,34912.0,11201.0
2019-05-09,34912.0,11201.0
2019-05-10,34912.0,11201.0
2019-05-11,34912.0,11201.0
2019-05-12,34912.0,11201.0
2019-05-13,36737.0,12601.0
2019-05-14,36737.0,12601.0
2019-05-15,36737.0,12601.0
2019-05-16,36737.0,12601.0
2019-05-17,36737.0,12601.0
2019-05-18,36737.0,12601.0
2019-05-19,36737.0,12601.0
2019-05-20,43636.0,15331.0
2019-05-21,43636.0,15331.0
2019-05-22,43636.0,15331.0
2019-05-23,43636.0,15331.0
2019-05-24,43636.0,15331.0
2019-05-25,43636.0,15331.0
2019-05-26,43636.0,15331.0
2019-05-27,45747.0,17171.0
2019-05-28,45747.0,17171.0
2019-05-29,45747.0,17171.0
2019-05-30,45747.0,17171.0
2019-05-31,45747.0,17171.0
2019-06-01,45747.0,17171.0
2019-06-02,45747.0,17171.0
2019-06-03,52231.0,19835.0
2019-06-04,52231.0,19835.0
2019-06-05,52231.0,19835.0
2019-06-06,52231.0,19835.0
2019-06-07,52231.0,19835.0
2019-06-08,52231.0,19835.0
2019-06-09,52231.0,19835.0
2019-06-10,56328.0,22379.0
2019-06-11,56328.0,22379.0
2019-06-12,56328.0,22379.0
2019-06-13,56328.0,22379.0
2019-06-14,56328.0,22379.0
2019-06-15,56328.0,22379.0
2019-06-16,56328.0,22379.0
2019-06-17,59464.0,24248.0
2019-06-18,59464.0,24248.0
2019-06-19,59464.0,24248.0
2019-06-20,59464.0,24248.0
2019-06-21,59464.0,24248.0
2019-06-22,59464.0,24248.0
2019-06-23,59464.0,24248.0
2019-06-24,61334.0,25300.0
2019-06-25,61334.0,25300.0
2019-06-26,61334.0,25300.0
2019-06-27,61334.0,25300.0
2019-06-28,61334.0,25300.0
2019-06-29,61334.0,25300.0
2019-06-30,61334.0,25300.0
2019-07-01,62817.0,25945.0
2019-07-02,62817.0,25945.0
2019-07-03,62817.0,25945.0
2019-07-04,62817.0,25945.0
2019-07-05,62817.0,25945.0
2019-07-06,62817.0,25945.0
2019-07-07,62817.0,25945.0
2019-07-08,62855.0,26124.0
2019-07-09,62855.0,26124.0
2019-07-10,62855.0,26124.0
2019-07-11,62855.0,26124.0
2019-07-12,62855.0,26124.0
2019-07-13,62855.0,26124.0
2019-07-14,62855.0,26124.0
2019-07-15,63207.0,26084.0
2019-07-16,63207.0,26084.0
2019-07-17,63207.0,26084.0
2019-07-18,63207.0,26084.0
2019-07-19,63207.0,26084.0
2019-07-20,63207.0,26084.0
2019-07-21,63207.0,26084.0
2019-07-22,64250.0,26231.0
2019-07-23,64250.0,26231.0
2019-07-24,64250.0,26231.0
2019-07-25,64250.0,26231.0
2019-07-26,64250.0,26231.0
2019-07-27,64250.0,26231.0
2019-07-28,64250.0,26231.0
2019-07-29,64000.0,25937.0
2019-07-30,64000.0,25937.0
2019-07-31,64000.0,25937.0
2019-08-01,64000.0,25937.0
2019-08-02,64000.0,25937.0
2019-08-03,64000.0,25937.0
2019-08-04,64000.0,25937.0
2019-08-05,64010.0,25669.0
2019-08-06,64010.0,25669.0
2019-08-07,64010.0,25669.0
2019-08-08,64010.0,25669.0
2019-08-09,64010.0,25669.0
2019-08-10,64010.0,25669.0
2019-08-11,64010.0,25669.0
2019-08-12,65675.0,25864.0
2019-08-13,65675.0,25864.0
2019-08-14,65675.0,25864.0
2019-08-15,65675.0,25864.0
2019-08-16,65675.0,25864.0
2019-08-17,65675.0,25864.0
2019-08-18,65675.0,25864.0
2019-08-19,67281.0,26044.0
2019-08-20,67281.0,26044.0
2019-08-21,67281.0,26044.0
2019-08-22,67281.0,26044.0
2019-08-23,67281.0,26044.0
2019-08-24,67281.0,26044.0
2019-08-25,67281.0,26044.0
2019-08-26,68356.0,26104.0
2019-08-27,68356.0,26104.0
2019-08-28,68356.0,26104.0
2019-08-29,68356.0,26104.0
2019-08-30,68356.0,26104.0
2019-08-31,68356.0,26104.0
2019-09-01,68356.0,26104.0
2019-09-02,69150.0,26376.0
2019-09-03,69150.0,26376.0
2019-09-04,69150.0,26376.0
2019-09-05,69150.0,26376.0
2019-09-06,69150.0,26376.0
2019-09-07,69150.0,26376.0
2019-09-08,69150.0,26376.0
2019-09-09,71046.0,26817.0
2019-09-10,71046.0,26817.0
2019-09-11,71046.0,26817.0
2019-09-12,71046.0,26817.0
2019-09-13,71046.0,26817.0
2019-09-14,71046.0,26817.0
2019-09-15,71046.0,26817.0
2019-09-16,71914.0,27207.0
2019-09-17,71914.0,27207.0
2019-09-18,71914.0,27207.0
2019-09-19,71914.0,27207.0
2019-09-20,71914.0,27207.0
2019-09-21,71914.0,27207.0
2019-09-22,71914.0,27207.0
2019-09-23,71555.0,27208.0
2019-09-24,71555.0,27208.0
2019-09-25,71555.0,27208.0
2019-09-26,71555.0,27208.0
2019-09-27,71555.0,27208.0
2019-09-28,71555.0,27208.0
2019-09-29,71555.0,27208.0
2019-09-30,70744.0,27044.0
2019-10-01,70744.0,27044.0
2019-10-02,70744.0,27044.0
2019-10-03,70744.0,27044.0
2019-10-04,70744.0,27044.0
2019-10-05,70744.0,27044.0
2019-10-06,70744.0,27044.0
2019-10-07,70471.0,26634.0
2019-10-08,70471.0,26634.0
2019-10-09,70471.0,26634.0
2019-10-10,70471.0,26634.0
2019-10-11,70471.0,26634.0
2019-10-12,70471.0,26634.0
2019-10-13,70471.0,26634.0
2019-10-14,70204.0,26270.0
2019-10-15,70204.0,26270.0
2019-10-16,70204.0,26270.0
2019-10-17,70204.0,26270.0
2019-10-18,70204.0,26270.0
2019-10-19,70204.0,26270.0
2019-10-20,70204.0,26270.0
2019-10-21,70670.0,26315.0
2019-10-22,70670.0,26315.0
2019-10-23,70670.0,26315.0
2019-10-24,70670.0,26315.0
2019-10-25,70670.0,26315.0
2019-10-26,70670.0,26315.0
2019-10-27,70670.0,26315.0
2019-10-28,69478.0,25846.0
2019-10-29,69478.0,25846.0
2019-10-30,69478.0,25846.0
2019-10-31,69478.0,25846.0
2019-11-01,69478.0,25846.0
2019-11-02,69478.0,25846.0
2019-11-03,69478.0,25846.0
2019-11-04,67024.0,24885.0
2019-11-05,67024.0,24885.0
2019-11-06,67024.0,24885.0
2019-11-07,67024.0,24885.0
2019-11-08,67024.0,24885.0
2019-11-09,67024.0,24885.0
2019-11-10,67024.0,24885.0
2019-11-11,64744.0,24177.0
2019-11-12,64744.0,24177.0
2019-11-13,64744.0,24177.0
2019-11-14,64744.0,24177.0
2019-11-15,64744.0,24177.0
2019-11-16,64744.0,24177.0
2019-11-17,64744.0,24177.0
2019-11-18,62907.0,23667.0
2019-11-19,62907.0,23667.0
2019-11-20,62907.0,23667.0
2019-11-21,62907.0,23667.0
2019-11-22,62907.0,23667.0
2019-11-23,62907.0,23667.0
2019-11-24,62907.0,23667.0
2019-11-25,60716.0,22921.0
2019-11-26,60716.0,22921.0
2019-11-27,60716.0,22921.0
2019-11-28,60716.0,22921.0
2019-11-29,60716.0,22921.0
2019-11-30,60716.0,22921.0
2019-12-01,60716.0,22921.0
2019-12-02,59597.0,22429.0
2019-12-03,59597.0,22429.0
2019-12-04,59597.0,22429.0
2019-12-05,59597.0,22429.0
2019-12-06,59597.0,22429.0
2019-12-07,59597.0,22429.0
2019-12-08,59597.0,22429.0
2019-12-09,58191.0,21817.0
2019-12-10,58191.0,21817.0
2019-12-11,58191.0,21817.0
2019-12-12,58191.0,21817.0
2019-12-13,58191.0,21817.0
2019-12-14,58191.0,21817.0
2019-12-15,58191.0,21817.0
2019-12-16,56532.0,21044.0
2019-12-17,56532.0,21044.0
2019-12-18,56532.0,21044.0
2019-12-19,56532.0,21044.0
2019-12-20,56532.0,21044.0
2019-12-21,56532.0,21044.0
2019-12-22,56532.0,21044.0
2019-12-23,56532.0,21044.0
2019-12-24,56532.0,21044.0
2019-12-25,56532.0,21044.0
2019-12-26,56532.0,21044.0
2019-12-27,56532.0,21044.0
2019-12-28,56532.0,21044.0
2019-12-29,56532.0,21044.0
2019-12-30,56532.0,21044.0
2019-12-31,56532.0,21044.0
