Date,NO Hydro,SE Hydro,FI Hydro,Total Hydro
01-01-2014,54821.71,21822.14,3736.57,80380.4
02-01-2014,54633.57,21742.71,3742.86,80119.1
03-01-2014,54445.43,21663.29,3749.14,79857.9
04-01-2014,54257.29,21583.86,3755.43,79596.6
05-01-2014,54069.14,21504.43,3761.71,79335.3
06-01-2014,53881.0,21425.0,3768.0,79074
07-01-2014,53480.29,21257.86,3758.86,78497
08-01-2014,53079.57,21090.71,3749.71,77920
09-01-2014,52678.86,20923.57,3740.57,77343
10-01-2014,52278.14,20756.43,3731.43,76766
11-01-2014,51877.43,20589.29,3722.29,76189
12-01-2014,51476.71,20422.14,3713.14,75612
13-01-2014,51076.0,20255.0,3704.0,75035
14-01-2014,50690.43,20071.71,3687.86,74450
15-01-2014,50304.86,19888.43,3671.71,73865
16-01-2014,49919.29,19705.14,3655.57,73280
17-01-2014,49533.71,19521.86,3639.43,72695
18-01-2014,49148.14,19338.57,3623.29,72110
19-01-2014,48762.57,19155.29,3607.14,71525
20-01-2014,48377.0,18972.0,3591.0,70940
21-01-2014,47996.0,18788.57,3572.14,70356.7
22-01-2014,47615.0,18605.14,3553.29,69773.4
23-01-2014,47234.0,18421.71,3534.43,69190.1
24-01-2014,46853.0,18238.29,3515.57,68606.9
25-01-2014,46472.0,18054.86,3496.71,68023.6
26-01-2014,46091.0,17871.43,3477.86,67440.3
27-01-2014,45710.0,17688.0,3459.0,66857
28-01-2014,45399.71,17534.86,3440.86,66375.4
29-01-2014,45089.43,17381.71,3422.71,65893.9
30-01-2014,44779.14,17228.57,3404.57,65412.3
31-01-2014,44468.86,17075.43,3386.43,64930.7
01-02-2014,44158.57,16922.29,3368.29,64449.2
02-02-2014,43848.29,16769.14,3350.14,63967.6
03-02-2014,43538.0,16616.0,3332.0,63486
04-02-2014,43280.0,16470.14,3316.29,63066.4
05-02-2014,43022.0,16324.29,3300.57,62646.9
06-02-2014,42764.0,16178.43,3284.86,62227.3
07-02-2014,42506.0,16032.57,3269.14,61807.7
08-02-2014,42248.0,15886.71,3253.43,61388.1
09-02-2014,41990.0,15740.86,3237.71,60968.6
10-02-2014,41732.0,15595.0,3222.0,60549
11-02-2014,41447.43,15447.71,3195.57,60090.7
12-02-2014,41162.86,15300.43,3169.14,59632.4
13-02-2014,40878.29,15153.14,3142.71,59174.1
14-02-2014,40593.71,15005.86,3116.29,58715.9
15-02-2014,40309.14,14858.57,3089.86,58257.6
16-02-2014,40024.57,14711.29,3063.43,57799.3
17-02-2014,39740.0,14564.0,3037.0,57341
18-02-2014,39508.71,14418.29,3016.71,56943.7
19-02-2014,39277.43,14272.57,2996.43,56546.4
20-02-2014,39046.14,14126.86,2976.14,56149.1
21-02-2014,38814.86,13981.14,2955.86,55751.9
22-02-2014,38583.57,13835.43,2935.57,55354.6
23-02-2014,38352.29,13689.71,2915.29,54957.3
24-02-2014,38121.0,13544.0,2895.0,54560
25-02-2014,37903.0,13414.86,2880.29,54198.2
26-02-2014,37685.0,13285.71,2865.57,53836.3
27-02-2014,37467.0,13156.57,2850.86,53474.4
28-02-2014,37249.0,13027.43,2836.14,53112.6
01-03-2014,37031.0,12898.29,2821.43,52750.7
02-03-2014,36813.0,12769.14,2806.71,52388.8
03-03-2014,36595.0,12640.0,2792.0,52027
04-03-2014,36396.29,12551.86,2781.14,51729.3
05-03-2014,36197.57,12463.71,2770.29,51431.6
06-03-2014,35998.86,12375.57,2759.43,51133.9
07-03-2014,35800.14,12287.43,2748.57,50836.1
08-03-2014,35601.43,12199.29,2737.71,50538.4
09-03-2014,35402.71,12111.14,2726.86,50240.7
10-03-2014,35204.0,12023.0,2716.0,49943
11-03-2014,35076.43,11918.29,2700.57,49695.3
12-03-2014,34948.86,11813.57,2685.14,49447.6
13-03-2014,34821.29,11708.86,2669.71,49199.9
14-03-2014,34693.71,11604.14,2654.29,48952.1
15-03-2014,34566.14,11499.43,2638.86,48704.4
16-03-2014,34438.57,11394.71,2623.43,48456.7
17-03-2014,34311.0,11290.0,2608.0,48209
18-03-2014,34029.86,11142.57,2594.57,47767
19-03-2014,33748.71,10995.14,2581.14,47325
20-03-2014,33467.57,10847.71,2567.71,46883
21-03-2014,33186.43,10700.29,2554.29,46441
22-03-2014,32905.29,10552.86,2540.86,45999
23-03-2014,32624.14,10405.43,2527.43,45557
24-03-2014,32343.0,10258.0,2514.0,45115
25-03-2014,32038.14,10110.86,2496.43,44645.4
26-03-2014,31733.29,9963.71,2478.86,44175.9
27-03-2014,31428.43,9816.57,2461.29,43706.3
28-03-2014,31123.57,9669.43,2443.71,43236.7
29-03-2014,30818.71,9522.29,2426.14,42767.1
30-03-2014,30513.86,9375.14,2408.57,42297.6
31-03-2014,30209.0,9228.0,2391.0,41828
01-04-2014,30087.57,9140.86,2380.43,41608.9
02-04-2014,29966.14,9053.71,2369.86,41389.7
03-04-2014,29844.71,8966.57,2359.29,41170.6
04-04-2014,29723.29,8879.43,2348.71,40951.4
05-04-2014,29601.86,8792.29,2338.14,40732.3
06-04-2014,29480.43,8705.14,2327.57,40513.1
07-04-2014,29359.0,8618.0,2317.0,40294
08-04-2014,29209.29,8570.43,2321.0,40100.7
09-04-2014,29059.57,8522.86,2325.0,39907.4
10-04-2014,28909.86,8475.29,2329.0,39714.2
11-04-2014,28760.14,8427.71,2333.0,39520.8
12-04-2014,28610.43,8380.14,2337.0,39327.6
13-04-2014,28460.71,8332.57,2341.0,39134.3
14-04-2014,28311.0,8285.0,2345.0,38941
15-04-2014,28330.86,8325.43,2363.86,39020.2
16-04-2014,28350.71,8365.86,2382.71,39099.3
17-04-2014,28370.57,8406.29,2401.57,39178.4
18-04-2014,28390.43,8446.71,2420.43,39257.6
19-04-2014,28410.29,8487.14,2439.29,39336.7
20-04-2014,28430.14,8527.57,2458.14,39415.8
21-04-2014,28450.0,8568.0,2477.0,39495
22-04-2014,28480.14,8628.57,2498.14,39606.8
23-04-2014,28510.29,8689.14,2519.29,39718.7
24-04-2014,28540.43,8749.71,2540.43,39830.6
25-04-2014,28570.57,8810.29,2561.57,39942.4
26-04-2014,28600.71,8870.86,2582.71,40054.3
27-04-2014,28630.86,8931.43,2603.86,40166.2
28-04-2014,28661.0,8992.0,2625.0,40278
29-04-2014,28602.43,9000.14,2633.43,40236
30-04-2014,28543.86,9008.29,2641.86,40194
01-05-2014,28485.29,9016.43,2650.29,40152
02-05-2014,28426.71,9024.57,2658.71,40110
03-05-2014,28368.14,9032.71,2667.14,40068
04-05-2014,28309.57,9040.86,2675.57,40026
05-05-2014,28251.0,9049.0,2684.0,39984
06-05-2014,28452.43,9183.86,2726.71,40363
07-05-2014,28653.86,9318.71,2769.43,40742
08-05-2014,28855.29,9453.57,2812.14,41121
09-05-2014,29056.71,9588.43,2854.86,41500
10-05-2014,29258.14,9723.29,2897.57,41879
11-05-2014,29459.57,9858.14,2940.29,42258
12-05-2014,29661.0,9993.0,2983.0,42637
13-05-2014,30741.0,10564.0,3067.29,44372.3
14-05-2014,31821.0,11135.0,3151.57,46107.6
15-05-2014,32901.0,11706.0,3235.86,47842.9
16-05-2014,33981.0,12277.0,3320.14,49578.1
17-05-2014,35061.0,12848.0,3404.43,51313.4
18-05-2014,36141.0,13419.0,3488.71,53048.7
19-05-2014,37221.0,13990.0,3573.0,54784
20-05-2014,37996.29,14426.86,3610.86,56034
21-05-2014,38771.57,14863.71,3648.71,57284
22-05-2014,39546.86,15300.57,3686.57,58534
23-05-2014,40322.14,15737.43,3724.43,59784
24-05-2014,41097.43,16174.29,3762.29,61034
25-05-2014,41872.71,16611.14,3800.14,62284
26-05-2014,42648.0,17048.0,3838.0,63534
27-05-2014,43474.43,17406.86,3846.43,64727.7
28-05-2014,44300.86,17765.71,3854.86,65921.4
29-05-2014,45127.29,18124.57,3863.29,67115.1
30-05-2014,45953.71,18483.43,3871.71,68308.9
31-05-2014,46780.14,18842.29,3880.14,69502.6
01-06-2014,47606.57,19201.14,3888.57,70696.3
02-06-2014,48433.0,19560.0,3897.0,71890
03-06-2014,49159.0,19858.29,3904.86,72922.2
04-06-2014,49885.0,20156.57,3912.71,73954.3
05-06-2014,50611.0,20454.86,3920.57,74986.4
06-06-2014,51337.0,20753.14,3928.43,76018.6
07-06-2014,52063.0,21051.43,3936.29,77050.7
08-06-2014,52789.0,21349.71,3944.14,78082.8
09-06-2014,53515.0,21648.0,3952.0,79115
10-06-2014,53910.86,21736.43,3952.0,79599.3
11-06-2014,54306.71,21824.86,3952.0,80083.6
12-06-2014,54702.57,21913.29,3952.0,80567.9
13-06-2014,55098.43,22001.71,3952.0,81052.1
14-06-2014,55494.29,22090.14,3952.0,81536.4
15-06-2014,55890.14,22178.57,3952.0,82020.7
16-06-2014,56286.0,22267.0,3952.0,82505
17-06-2014,56388.43,22291.29,3943.71,82623.4
18-06-2014,56490.86,22315.57,3935.43,82741.9
19-06-2014,56593.29,22339.86,3927.14,82860.3
20-06-2014,56695.71,22364.14,3918.86,82978.7
21-06-2014,56798.14,22388.43,3910.57,83097.1
22-06-2014,56900.57,22412.71,3902.29,83215.6
23-06-2014,57003.0,22437.0,3894.0,83334
24-06-2014,57250.0,22523.43,3895.57,83669
25-06-2014,57497.0,22609.86,3897.14,84004
26-06-2014,57744.0,22696.29,3898.71,84339
27-06-2014,57991.0,22782.71,3900.29,84674
28-06-2014,58238.0,22869.14,3901.86,85009
29-06-2014,58485.0,22955.57,3903.43,85344
30-06-2014,58732.0,23042.0,3905.0,85679
01-07-2014,59316.14,23155.29,3898.86,86370.3
02-07-2014,59900.29,23268.57,3892.71,87061.6
03-07-2014,60484.43,23381.86,3886.57,87752.9
04-07-2014,61068.57,23495.14,3880.43,88444.1
05-07-2014,61652.71,23608.43,3874.29,89135.4
06-07-2014,62236.86,23721.71,3868.14,89826.7
07-07-2014,62821.0,23835.0,3862.0,90518
08-07-2014,63045.71,23945.57,3859.71,90851
09-07-2014,63270.43,24056.14,3857.43,91184
10-07-2014,63495.14,24166.71,3855.14,91517
11-07-2014,63719.86,24277.29,3852.86,91850
12-07-2014,63944.57,24387.86,3850.57,92183
13-07-2014,64169.29,24498.43,3848.29,92516
14-07-2014,64394.0,24609.0,3846.0,92849
15-07-2014,64452.86,24635.29,3832.57,92920.7
16-07-2014,64511.71,24661.57,3819.14,92992.4
17-07-2014,64570.57,24687.86,3805.71,93064.1
18-07-2014,64629.43,24714.14,3792.29,93135.9
19-07-2014,64688.29,24740.43,3778.86,93207.6
20-07-2014,64747.14,24766.71,3765.43,93279.3
21-07-2014,64806.0,24793.0,3752.0,93351
22-07-2014,64854.71,24798.57,3751.29,93404.6
23-07-2014,64903.43,24804.14,3750.57,93458.1
24-07-2014,64952.14,24809.71,3749.86,93511.7
25-07-2014,65000.86,24815.29,3749.14,93565.3
26-07-2014,65049.57,24820.86,3748.43,93618.9
27-07-2014,65098.29,24826.43,3747.71,93672.4
28-07-2014,65147.0,24832.0,3747.0,93726
29-07-2014,65233.71,24848.29,3736.14,93818.1
30-07-2014,65320.43,24864.57,3725.29,93910.3
31-07-2014,65407.14,24880.86,3714.43,94002.4
01-08-2014,65493.86,24897.14,3703.57,94094.6
02-08-2014,65580.57,24913.43,3692.71,94186.7
03-08-2014,65667.29,24929.71,3681.86,94278.9
04-08-2014,65754.0,24946.0,3671.0,94371
05-08-2014,65836.29,24927.86,3666.43,94430.6
06-08-2014,65918.57,24909.71,3661.86,94490.1
07-08-2014,66000.86,24891.57,3657.29,94549.7
08-08-2014,66083.14,24873.43,3652.71,94609.3
09-08-2014,66165.43,24855.29,3648.14,94668.9
10-08-2014,66247.71,24837.14,3643.57,94728.4
11-08-2014,66330.0,24819.0,3639.0,94788
12-08-2014,66384.43,24864.86,3638.86,94888.1
13-08-2014,66438.86,24910.71,3638.71,94988.3
14-08-2014,66493.29,24956.57,3638.57,95088.4
15-08-2014,66547.71,25002.43,3638.43,95188.6
16-08-2014,66602.14,25048.29,3638.29,95288.7
17-08-2014,66656.57,25094.14,3638.14,95388.9
18-08-2014,66711.0,25140.0,3638.0,95489
19-08-2014,66653.57,25120.0,3636.71,95410.3
20-08-2014,66596.14,25100.0,3635.43,95331.6
21-08-2014,66538.71,25080.0,3634.14,95252.9
22-08-2014,66481.29,25060.0,3632.86,95174.1
23-08-2014,66423.86,25040.0,3631.57,95095.4
24-08-2014,66366.43,25020.0,3630.29,95016.7
25-08-2014,66309.0,25000.0,3629.0,94938
26-08-2014,66272.57,24931.86,3619.57,94824
27-08-2014,66236.14,24863.71,3610.14,94710
28-08-2014,66199.71,24795.57,3600.71,94596
29-08-2014,66163.29,24727.43,3591.29,94482
30-08-2014,66126.86,24659.29,3581.86,94368
31-08-2014,66090.43,24591.14,3572.43,94254
01-09-2014,66054.0,24523.0,3563.0,94140
02-09-2014,66039.29,24466.29,3553.86,94059.4
03-09-2014,66024.57,24409.57,3544.71,93978.9
04-09-2014,66009.86,24352.86,3535.57,93898.3
05-09-2014,65995.14,24296.14,3526.43,93817.7
06-09-2014,65980.43,24239.43,3517.29,93737.1
07-09-2014,65965.71,24182.71,3508.14,93656.6
08-09-2014,65951.0,24126.0,3499.0,93576
09-09-2014,65760.14,24051.71,3486.0,93297.9
10-09-2014,65569.29,23977.43,3473.0,93019.7
11-09-2014,65378.43,23903.14,3460.0,92741.6
12-09-2014,65187.57,23828.86,3447.0,92463.4
13-09-2014,64996.71,23754.57,3434.0,92185.3
14-09-2014,64805.86,23680.29,3421.0,91907.1
15-09-2014,64615.0,23606.0,3408.0,91629
16-09-2014,64585.0,23577.0,3410.14,91572.1
17-09-2014,64555.0,23548.0,3412.29,91515.3
18-09-2014,64525.0,23519.0,3414.43,91458.4
19-09-2014,64495.0,23490.0,3416.57,91401.6
20-09-2014,64465.0,23461.0,3418.71,91344.7
21-09-2014,64435.0,23432.0,3420.86,91287.9
22-09-2014,64405.0,23403.0,3423.0,91231
23-09-2014,64411.29,23406.43,3426.71,91244.4
24-09-2014,64417.57,23409.86,3430.43,91257.9
25-09-2014,64423.86,23413.29,3434.14,91271.3
26-09-2014,64430.14,23416.71,3437.86,91284.7
27-09-2014,64436.43,23420.14,3441.57,91298.1
28-09-2014,64442.71,23423.57,3445.29,91311.6
29-09-2014,64449.0,23427.0,3449.0,91325
30-09-2014,64561.57,23440.0,3449.0,91450.6
01-10-2014,64674.14,23453.0,3449.0,91576.1
02-10-2014,64786.71,23466.0,3449.0,91701.7
03-10-2014,64899.29,23479.0,3449.0,91827.3
04-10-2014,65011.86,23492.0,3449.0,91952.9
05-10-2014,65124.43,23505.0,3449.0,92078.4
06-10-2014,65237.0,23518.0,3449.0,92204
07-10-2014,65151.71,23501.29,3440.71,92093.7
08-10-2014,65066.43,23484.57,3432.43,91983.4
09-10-2014,64981.14,23467.86,3424.14,91873.1
10-10-2014,64895.86,23451.14,3415.86,91762.9
11-10-2014,64810.57,23434.43,3407.57,91652.6
12-10-2014,64725.29,23417.71,3399.29,91542.3
13-10-2014,64640.0,23401.0,3391.0,91432
14-10-2014,64951.0,23433.29,3381.86,91766.2
15-10-2014,65262.0,23465.57,3372.71,92100.3
16-10-2014,65573.0,23497.86,3363.57,92434.4
17-10-2014,65884.0,23530.14,3354.43,92768.6
18-10-2014,66195.0,23562.43,3345.29,93102.7
19-10-2014,66506.0,23594.71,3336.14,93436.8
20-10-2014,66817.0,23627.0,3327.0,93771
21-10-2014,67189.71,23702.0,3337.43,94229.1
22-10-2014,67562.43,23777.0,3347.86,94687.3
23-10-2014,67935.14,23852.0,3358.29,95145.4
24-10-2014,68307.86,23927.0,3368.71,95603.6
25-10-2014,68680.57,24002.0,3379.14,96061.7
26-10-2014,69053.29,24077.0,3389.57,96519.9
27-10-2014,69426.0,24152.0,3400.0,96978
28-10-2014,69366.71,24146.57,3414.71,96928
29-10-2014,69307.43,24141.14,3429.43,96878
30-10-2014,69248.14,24135.71,3444.14,96828
31-10-2014,69188.86,24130.29,3458.86,96778
01-11-2014,69129.57,24124.86,3473.57,96728
02-11-2014,69070.29,24119.43,3488.29,96678
03-11-2014,69011.0,24114.0,3503.0,96628
04-11-2014,68885.57,24085.86,3519.0,96490.4
05-11-2014,68760.14,24057.71,3535.0,96352.9
06-11-2014,68634.71,24029.57,3551.0,96215.3
07-11-2014,68509.29,24001.43,3567.0,96077.7
08-11-2014,68383.86,23973.29,3583.0,95940.1
09-11-2014,68258.43,23945.14,3599.0,95802.6
10-11-2014,68133.0,23917.0,3615.0,95665
11-11-2014,67858.29,23820.29,3614.0,95292.6
12-11-2014,67583.57,23723.57,3613.0,94920.1
13-11-2014,67308.86,23626.86,3612.0,94547.7
14-11-2014,67034.14,23530.14,3611.0,94175.3
15-11-2014,66759.43,23433.43,3610.0,93802.9
16-11-2014,66484.71,23336.71,3609.0,93430.4
17-11-2014,66210.0,23240.0,3608.0,93058
18-11-2014,65941.57,23156.43,3602.57,92700.6
19-11-2014,65673.14,23072.86,3597.14,92343.1
20-11-2014,65404.71,22989.29,3591.71,91985.7
21-11-2014,65136.29,22905.71,3586.29,91628.3
22-11-2014,64867.86,22822.14,3580.86,91270.9
23-11-2014,64599.43,22738.57,3575.43,90913.4
24-11-2014,64331.0,22655.0,3570.0,90556
25-11-2014,64040.43,22574.57,3565.57,90180.6
26-11-2014,63749.86,22494.14,3561.14,89805.1
27-11-2014,63459.29,22413.71,3556.71,89429.7
28-11-2014,63168.71,22333.29,3552.29,89054.3
29-11-2014,62878.14,22252.86,3547.86,88678.9
30-11-2014,62587.57,22172.43,3543.43,88303.4
01-12-2014,62297.0,22092.0,3539.0,87928
02-12-2014,62032.14,22007.0,3537.29,87576.4
03-12-2014,61767.29,21922.0,3535.57,87224.9
04-12-2014,61502.43,21837.0,3533.86,86873.3
05-12-2014,61237.57,21752.0,3532.14,86521.7
06-12-2014,60972.71,21667.0,3530.43,86170.1
07-12-2014,60707.86,21582.0,3528.71,85818.6
08-12-2014,60443.0,21497.0,3527.0,85467
09-12-2014,60187.57,21411.86,3523.71,85123.1
10-12-2014,59932.14,21326.71,3520.43,84779.3
11-12-2014,59676.71,21241.57,3517.14,84435.4
12-12-2014,59421.29,21156.43,3513.86,84091.6
13-12-2014,59165.86,21071.29,3510.57,83747.7
14-12-2014,58910.43,20986.14,3507.29,83403.9
15-12-2014,58655.0,20901.0,3504.0,83060
16-12-2014,58358.43,20790.14,3496.43,82645
17-12-2014,58061.86,20679.29,3488.86,82230
18-12-2014,57765.29,20568.43,3481.29,81815
19-12-2014,57468.71,20457.57,3473.71,81400
20-12-2014,57172.14,20346.71,3466.14,80985
21-12-2014,56875.57,20235.86,3458.57,80570
22-12-2014,56579.0,20125.0,3451.0,80155
23-12-2014,56429.57,20086.29,3451.57,79967.4
24-12-2014,56280.14,20047.57,3452.14,79779.8
25-12-2014,56130.71,20008.86,3452.71,79592.3
26-12-2014,55981.29,19970.14,3453.29,79404.7
27-12-2014,55831.86,19931.43,3453.86,79217.2
28-12-2014,55682.43,19892.71,3454.43,79029.6
29-12-2014,55533.0,19854.0,3455.0,78842
30-12-2014,55282.57,19757.71,3448.0,78488.3
31-12-2014,55032.14,19661.43,3441.0,78134.6
01-01-2015,54781.71,19565.14,3434.0,77780.9
02-01-2015,54531.29,19468.86,3427.0,77427.1
03-01-2015,54280.86,19372.57,3420.0,77073.4
04-01-2015,54030.43,19276.29,3413.0,76719.7
05-01-2015,53780.0,19180.0,3406.0,76366
06-01-2015,53512.43,19076.86,3394.29,75983.6
07-01-2015,53244.86,18973.71,3382.57,75601.1
08-01-2015,52977.29,18870.57,3370.86,75218.7
09-01-2015,52709.71,18767.43,3359.14,74836.3
10-01-2015,52442.14,18664.29,3347.43,74453.9
11-01-2015,52174.57,18561.14,3335.71,74071.4
12-01-2015,51907.0,18458.0,3324.0,73689
13-01-2015,51503.71,18290.14,3307.57,73101.4
14-01-2015,51100.43,18122.29,3291.14,72513.9
15-01-2015,50697.14,17954.43,3274.71,71926.3
16-01-2015,50293.86,17786.57,3258.29,71338.7
17-01-2015,49890.57,17618.71,3241.86,70751.1
18-01-2015,49487.29,17450.86,3225.43,70163.6
19-01-2015,49084.0,17283.0,3209.0,69576
20-01-2015,48758.14,17163.71,3197.29,69119.1
21-01-2015,48432.29,17044.43,3185.57,68662.3
22-01-2015,48106.43,16925.14,3173.86,68205.4
23-01-2015,47780.57,16805.86,3162.14,67748.6
24-01-2015,47454.71,16686.57,3150.43,67291.7
25-01-2015,47128.86,16567.29,3138.71,66834.9
26-01-2015,46803.0,16448.0,3127.0,66378
27-01-2015,46415.0,16291.14,3106.86,65813
28-01-2015,46027.0,16134.29,3086.71,65248
29-01-2015,45639.0,15977.43,3066.57,64683
30-01-2015,45251.0,15820.57,3046.43,64118
31-01-2015,44863.0,15663.71,3026.29,63553
01-02-2015,44475.0,15506.86,3006.14,62988
02-02-2015,44087.0,15350.0,2986.0,62423
03-02-2015,43805.14,15267.0,2962.0,62034.1
04-02-2015,43523.29,15184.0,2938.0,61645.3
05-02-2015,43241.43,15101.0,2914.0,61256.4
06-02-2015,42959.57,15018.0,2890.0,60867.6
07-02-2015,42677.71,14935.0,2866.0,60478.7
08-02-2015,42395.86,14852.0,2842.0,60089.9
09-02-2015,42114.0,14769.0,2818.0,59701
10-02-2015,41875.86,14651.43,2796.0,59323.3
11-02-2015,41637.71,14533.86,2774.0,58945.6
12-02-2015,41399.57,14416.29,2752.0,58567.9
13-02-2015,41161.43,14298.71,2730.0,58190.1
14-02-2015,40923.29,14181.14,2708.0,57812.4
15-02-2015,40685.14,14063.57,2686.0,57434.7
16-02-2015,40447.0,13946.0,2664.0,57057
17-02-2015,40188.71,13819.71,2646.71,56655.1
18-02-2015,39930.43,13693.43,2629.43,56253.3
19-02-2015,39672.14,13567.14,2612.14,55851.4
20-02-2015,39413.86,13440.86,2594.86,55449.6
21-02-2015,39155.57,13314.57,2577.57,55047.7
22-02-2015,38897.29,13188.29,2560.29,54645.9
23-02-2015,38639.0,13062.0,2543.0,54244
24-02-2015,38400.14,12927.14,2527.29,53854.6
25-02-2015,38161.29,12792.29,2511.57,53465.2
26-02-2015,37922.43,12657.43,2495.86,53075.7
27-02-2015,37683.57,12522.57,2480.14,52686.3
28-02-2015,37444.71,12387.71,2464.43,52296.8
01-03-2015,37205.86,12252.86,2448.71,51907.4
02-03-2015,36967.0,12118.0,2433.0,51518
03-03-2015,36741.57,11983.71,2420.29,51145.6
04-03-2015,36516.14,11849.43,2407.57,50773.1
05-03-2015,36290.71,11715.14,2394.86,50400.7
06-03-2015,36065.29,11580.86,2382.14,50028.3
07-03-2015,35839.86,11446.57,2369.43,49655.9
08-03-2015,35614.43,11312.29,2356.71,49283.4
09-03-2015,35389.0,11178.0,2344.0,48911
10-03-2015,35079.0,11028.71,2329.29,48437
11-03-2015,34769.0,10879.43,2314.57,47963
12-03-2015,34459.0,10730.14,2299.86,47489
13-03-2015,34149.0,10580.86,2285.14,47015
14-03-2015,33839.0,10431.57,2270.43,46541
15-03-2015,33529.0,10282.29,2255.71,46067
16-03-2015,33219.0,10133.0,2241.0,45593
17-03-2015,32908.14,10007.71,2226.71,45142.6
18-03-2015,32597.29,9882.43,2212.43,44692.2
19-03-2015,32286.43,9757.14,2198.14,44241.7
20-03-2015,31975.57,9631.86,2183.86,43791.3
21-03-2015,31664.71,9506.57,2169.57,43340.8
22-03-2015,31353.86,9381.29,2155.29,42890.4
23-03-2015,31043.0,9256.0,2141.0,42440
24-03-2015,30766.57,9138.29,2130.14,42035
25-03-2015,30490.14,9020.57,2119.29,41630
26-03-2015,30213.71,8902.86,2108.43,41225
27-03-2015,29937.29,8785.14,2097.57,40820
28-03-2015,29660.86,8667.43,2086.71,40415
29-03-2015,29384.43,8549.71,2075.86,40010
30-03-2015,29108.0,8432.0,2065.0,39605
31-03-2015,28909.43,8362.29,2062.0,39333.7
01-04-2015,28710.86,8292.57,2059.0,39062.4
02-04-2015,28512.29,8222.86,2056.0,38791.2
03-04-2015,28313.71,8153.14,2053.0,38519.8
04-04-2015,28115.14,8083.43,2050.0,38248.6
05-04-2015,27916.57,8013.71,2047.0,37977.3
06-04-2015,27718.0,7944.0,2044.0,37706
07-04-2015,27542.86,7902.0,2057.43,37502.3
08-04-2015,27367.71,7860.0,2070.86,37298.6
09-04-2015,27192.57,7818.0,2084.29,37094.9
10-04-2015,27017.43,7776.0,2097.71,36891.1
11-04-2015,26842.29,7734.0,2111.14,36687.4
12-04-2015,26667.14,7692.0,2124.57,36483.7
13-04-2015,26492.0,7650.0,2138.0,36280
14-04-2015,26425.43,7698.71,2165.14,36289.3
15-04-2015,26358.86,7747.43,2192.29,36298.6
16-04-2015,26292.29,7796.14,2219.43,36307.9
17-04-2015,26225.71,7844.86,2246.57,36317.1
18-04-2015,26159.14,7893.57,2273.71,36326.4
19-04-2015,26092.57,7942.29,2300.86,36335.7
20-04-2015,26026.0,7991.0,2328.0,36345
21-04-2015,25855.0,8015.86,2358.14,36229
22-04-2015,25684.0,8040.71,2388.29,36113
23-04-2015,25513.0,8065.57,2418.43,35997
24-04-2015,25342.0,8090.43,2448.57,35881
25-04-2015,25171.0,8115.29,2478.71,35765
26-04-2015,25000.0,8140.14,2508.86,35649
27-04-2015,24829.0,8165.0,2539.0,35533
28-04-2015,24918.71,8365.43,2606.29,35890.4
29-04-2015,25008.43,8565.86,2673.57,36247.9
30-04-2015,25098.14,8766.29,2740.86,36605.3
01-05-2015,25187.86,8966.71,2808.14,36962.7
02-05-2015,25277.57,9167.14,2875.43,37320.1
03-05-2015,25367.29,9367.57,2942.71,37677.6
04-05-2015,25457.0,9568.0,3010.0,38035
05-05-2015,25689.71,9853.14,3141.29,38684.1
06-05-2015,25922.43,10138.29,3272.57,39333.3
07-05-2015,26155.14,10423.43,3403.86,39982.4
08-05-2015,26387.86,10708.57,3535.14,40631.6
09-05-2015,26620.57,10993.71,3666.43,41280.7
10-05-2015,26853.29,11278.86,3797.71,41929.9
11-05-2015,27086.0,11564.0,3929.0,42579
12-05-2015,27204.14,11800.0,3971.57,42975.7
13-05-2015,27322.29,12036.0,4014.14,43372.4
14-05-2015,27440.43,12272.0,4056.71,43769.1
15-05-2015,27558.57,12508.0,4099.29,44165.9
16-05-2015,27676.71,12744.0,4141.86,44562.6
17-05-2015,27794.86,12980.0,4184.43,44959.3
18-05-2015,27913.0,13216.0,4227.0,45356
19-05-2015,28136.14,13569.0,4248.57,45953.7
20-05-2015,28359.29,13922.0,4270.14,46551.4
21-05-2015,28582.43,14275.0,4291.71,47149.1
22-05-2015,28805.57,14628.0,4313.29,47746.9
23-05-2015,29028.71,14981.0,4334.86,48344.6
24-05-2015,29251.86,15334.0,4356.43,48942.3
25-05-2015,29475.0,15687.0,4378.0,49540
26-05-2015,29883.57,16141.29,4387.0,50411.9
27-05-2015,30292.14,16595.57,4396.0,51283.7
28-05-2015,30700.71,17049.86,4405.0,52155.6
29-05-2015,31109.29,17504.14,4414.0,53027.4
30-05-2015,31517.86,17958.43,4423.0,53899.3
31-05-2015,31926.43,18412.71,4432.0,54771.1
01-06-2015,32335.0,18867.0,4441.0,55643
02-06-2015,32765.0,19090.86,4440.71,56296.6
03-06-2015,33195.0,19314.71,4440.43,56950.1
04-06-2015,33625.0,19538.57,4440.14,57603.7
05-06-2015,34055.0,19762.43,4439.86,58257.3
06-06-2015,34485.0,19986.29,4439.57,58910.9
07-06-2015,34915.0,20210.14,4439.29,59564.4
08-06-2015,35345.0,20434.0,4439.0,60218
09-06-2015,35703.29,20548.0,4443.71,60695
10-06-2015,36061.57,20662.0,4448.43,61172
11-06-2015,36419.86,20776.0,4453.14,61649
12-06-2015,36778.14,20890.0,4457.86,62126
13-06-2015,37136.43,21004.0,4462.57,62603
14-06-2015,37494.71,21118.0,4467.29,63080
15-06-2015,37853.0,21232.0,4472.0,63557
16-06-2015,38389.86,21486.0,4477.71,64353.6
17-06-2015,38926.71,21740.0,4483.43,65150.1
18-06-2015,39463.57,21994.0,4489.14,65946.7
19-06-2015,40000.43,22248.0,4494.86,66743.3
20-06-2015,40537.29,22502.0,4500.57,67539.9
21-06-2015,41074.14,22756.0,4506.29,68336.4
22-06-2015,41611.0,23010.0,4512.0,69133
23-06-2015,42415.43,23237.29,4511.0,70163.7
24-06-2015,43219.86,23464.57,4510.0,71194.4
25-06-2015,44024.29,23691.86,4509.0,72225.1
26-06-2015,44828.71,23919.14,4508.0,73255.9
27-06-2015,45633.14,24146.43,4507.0,74286.6
28-06-2015,46437.57,24373.71,4506.0,75317.3
29-06-2015,47242.0,24601.0,4505.0,76348
30-06-2015,48218.0,24893.29,4499.14,77610.4
01-07-2015,49194.0,25185.57,4493.29,78872.9
02-07-2015,50170.0,25477.86,4487.43,80135.3
03-07-2015,51146.0,25770.14,4481.57,81397.7
04-07-2015,52122.0,26062.43,4475.71,82660.1
05-07-2015,53098.0,26354.71,4469.86,83922.6
06-07-2015,54074.0,26647.0,4464.0,85185
07-07-2015,54591.0,26796.0,4451.29,85838.3
08-07-2015,55108.0,26945.0,4438.57,86491.6
09-07-2015,55625.0,27094.0,4425.86,87144.9
10-07-2015,56142.0,27243.0,4413.14,87798.1
11-07-2015,56659.0,27392.0,4400.43,88451.4
12-07-2015,57176.0,27541.0,4387.71,89104.7
13-07-2015,57693.0,27690.0,4375.0,89758
14-07-2015,58159.43,27828.43,4372.71,90360.6
15-07-2015,58625.86,27966.86,4370.43,90963.1
16-07-2015,59092.29,28105.29,4368.14,91565.7
17-07-2015,59558.71,28243.71,4365.86,92168.3
18-07-2015,60025.14,28382.14,4363.57,92770.9
19-07-2015,60491.57,28520.57,4361.29,93373.4
20-07-2015,60958.0,28659.0,4359.0,93976
21-07-2015,61343.14,28877.86,4372.43,94593.4
22-07-2015,61728.29,29096.71,4385.86,95210.9
23-07-2015,62113.43,29315.57,4399.29,95828.3
24-07-2015,62498.57,29534.43,4412.71,96445.7
25-07-2015,62883.71,29753.29,4426.14,97063.1
26-07-2015,63268.86,29972.14,4439.57,97680.6
27-07-2015,63654.0,30191.0,4453.0,98298
28-07-2015,64058.86,30227.86,4450.71,98737.4
29-07-2015,64463.71,30264.71,4448.43,99176.9
30-07-2015,64868.57,30301.57,4446.14,99616.3
31-07-2015,65273.43,30338.43,4443.86,100056
01-08-2015,65678.29,30375.29,4441.57,100495
02-08-2015,66083.14,30412.14,4439.29,100935
03-08-2015,66488.0,30449.0,4437.0,101374
04-08-2015,66811.0,30447.0,4429.14,101687
05-08-2015,67134.0,30445.0,4421.29,102000
06-08-2015,67457.0,30443.0,4413.43,102313
07-08-2015,67780.0,30441.0,4405.57,102627
08-08-2015,68103.0,30439.0,4397.71,102940
09-08-2015,68426.0,30437.0,4389.86,103253
10-08-2015,68749.0,30435.0,4382.0,103566
11-08-2015,69002.0,30377.57,4360.0,103740
12-08-2015,69255.0,30320.14,4338.0,103913
13-08-2015,69508.0,30262.71,4316.0,104087
14-08-2015,69761.0,30205.29,4294.0,104260
15-08-2015,70014.0,30147.86,4272.0,104434
16-08-2015,70267.0,30090.43,4250.0,104607
17-08-2015,70520.0,30033.0,4228.0,104781
18-08-2015,70922.71,30028.71,4217.14,105169
19-08-2015,71325.43,30024.43,4206.29,105556
20-08-2015,71728.14,30020.14,4195.43,105944
21-08-2015,72130.86,30015.86,4184.57,106331
22-08-2015,72533.57,30011.57,4173.71,106719
23-08-2015,72936.29,30007.29,4162.86,107106
24-08-2015,73339.0,30003.0,4152.0,107494
25-08-2015,73525.71,29971.86,4142.0,107640
26-08-2015,73712.43,29940.71,4132.0,107785
27-08-2015,73899.14,29909.57,4122.0,107931
28-08-2015,74085.86,29878.43,4112.0,108076
29-08-2015,74272.57,29847.29,4102.0,108222
30-08-2015,74459.29,29816.14,4092.0,108367
31-08-2015,74646.0,29785.0,4082.0,108513
01-09-2015,74560.43,29686.14,4073.14,108320
02-09-2015,74474.86,29587.29,4064.29,108126
03-09-2015,74389.29,29488.43,4055.43,107933
04-09-2015,74303.71,29389.57,4046.57,107740
05-09-2015,74218.14,29290.71,4037.71,107547
06-09-2015,74132.57,29191.86,4028.86,107353
07-09-2015,74047.0,29093.0,4020.0,107160
08-09-2015,74285.86,29153.29,4021.57,107461
09-09-2015,74524.71,29213.57,4023.14,107761
10-09-2015,74763.57,29273.86,4024.71,108062
11-09-2015,75002.43,29334.14,4026.29,108363
12-09-2015,75241.29,29394.43,4027.86,108664
13-09-2015,75480.14,29454.71,4029.43,108964
14-09-2015,75719.0,29515.0,4031.0,109265
15-09-2015,75764.29,29590.57,4045.43,109400
16-09-2015,75809.57,29666.14,4059.86,109536
17-09-2015,75854.86,29741.71,4074.29,109671
18-09-2015,75900.14,29817.29,4088.71,109806
19-09-2015,75945.43,29892.86,4103.14,109941
20-09-2015,75990.71,29968.43,4117.57,110077
21-09-2015,76036.0,30044.0,4132.0,110212
22-09-2015,76058.14,30136.86,4129.57,110325
23-09-2015,76080.29,30229.71,4127.14,110437
24-09-2015,76102.43,30322.57,4124.71,110550
25-09-2015,76124.57,30415.43,4122.29,110662
26-09-2015,76146.71,30508.29,4119.86,110775
27-09-2015,76168.86,30601.14,4117.43,110887
28-09-2015,76191.0,30694.0,4115.0,111000
29-09-2015,76050.14,30643.57,4105.57,110799
30-09-2015,75909.29,30593.14,4096.14,110599
01-10-2015,75768.43,30542.71,4086.71,110398
02-10-2015,75627.57,30492.29,4077.29,110197
03-10-2015,75486.71,30441.86,4067.86,109996
04-10-2015,75345.86,30391.43,4058.43,109796
05-10-2015,75205.0,30341.0,4049.0,109595
06-10-2015,75022.14,30255.29,4039.0,109316
07-10-2015,74839.29,30169.57,4029.0,109038
08-10-2015,74656.43,30083.86,4019.0,108759
09-10-2015,74473.57,29998.14,4009.0,108481
10-10-2015,74290.71,29912.43,3999.0,108202
11-10-2015,74107.86,29826.71,3989.0,107924
12-10-2015,73925.0,29741.0,3979.0,107645
13-10-2015,73862.71,29681.29,3977.43,107521
14-10-2015,73800.43,29621.57,3975.86,107398
15-10-2015,73738.14,29561.86,3974.29,107274
16-10-2015,73675.86,29502.14,3972.71,107151
17-10-2015,73613.57,29442.43,3971.14,107027
18-10-2015,73551.29,29382.71,3969.57,106904
19-10-2015,73489.0,29323.0,3968.0,106780
20-10-2015,73369.29,29237.57,3965.71,106573
21-10-2015,73249.57,29152.14,3963.43,106365
22-10-2015,73129.86,29066.71,3961.14,106158
23-10-2015,73010.14,28981.29,3958.86,105950
24-10-2015,72890.43,28895.86,3956.57,105743
25-10-2015,72770.71,28810.43,3954.29,105535
26-10-2015,72651.0,28725.0,3952.0,105328
27-10-2015,72579.14,28712.57,3948.29,105240
28-10-2015,72507.29,28700.14,3944.57,105152
29-10-2015,72435.43,28687.71,3940.86,105064
30-10-2015,72363.57,28675.29,3937.14,104976
31-10-2015,72291.71,28662.86,3933.43,104888
01-11-2015,72219.86,28650.43,3929.71,104800
02-11-2015,72148.0,28638.0,3926.0,104712
03-11-2015,72171.71,28578.0,3930.0,104680
04-11-2015,72195.43,28518.0,3934.0,104647
05-11-2015,72219.14,28458.0,3938.0,104615
06-11-2015,72242.86,28398.0,3942.0,104583
07-11-2015,72266.57,28338.0,3946.0,104551
08-11-2015,72290.29,28278.0,3950.0,104518
09-11-2015,72314.0,28218.0,3954.0,104486
10-11-2015,72068.0,28097.14,3953.14,104118
11-11-2015,71822.0,27976.29,3952.29,103751
12-11-2015,71576.0,27855.43,3951.43,103383
13-11-2015,71330.0,27734.57,3950.57,103015
14-11-2015,71084.0,27613.71,3949.71,102647
15-11-2015,70838.0,27492.86,3948.86,102280
16-11-2015,70592.0,27372.0,3948.0,101912
17-11-2015,70421.29,27264.57,3949.0,101635
18-11-2015,70250.57,27157.14,3950.0,101358
19-11-2015,70079.86,27049.71,3951.0,101081
20-11-2015,69909.14,26942.29,3952.0,100803
21-11-2015,69738.43,26834.86,3953.0,100526
22-11-2015,69567.71,26727.43,3954.0,100249
23-11-2015,69397.0,26620.0,3955.0,99972
24-11-2015,69436.0,26550.0,3964.57,99950.6
25-11-2015,69475.0,26480.0,3974.14,99929.1
26-11-2015,69514.0,26410.0,3983.71,99907.7
27-11-2015,69553.0,26340.0,3993.29,99886.3
28-11-2015,69592.0,26270.0,4002.86,99864.9
29-11-2015,69631.0,26200.0,4012.43,99843.4
30-11-2015,69670.0,26130.0,4022.0,99822
01-12-2015,69623.43,26023.0,4031.14,99677.6
02-12-2015,69576.86,25916.0,4040.29,99533.1
03-12-2015,69530.29,25809.0,4049.43,99388.7
04-12-2015,69483.71,25702.0,4058.57,99244.3
05-12-2015,69437.14,25595.0,4067.71,99099.9
06-12-2015,69390.57,25488.0,4076.86,98955.4
07-12-2015,69344.0,25381.0,4086.0,98811
08-12-2015,69267.86,25272.14,4094.86,98634.9
09-12-2015,69191.71,25163.29,4103.71,98458.7
10-12-2015,69115.57,25054.43,4112.57,98282.6
11-12-2015,69039.43,24945.57,4121.43,98106.4
12-12-2015,68963.29,24836.71,4130.29,97930.3
13-12-2015,68887.14,24727.86,4139.14,97754.1
14-12-2015,68811.0,24619.0,4148.0,97578
15-12-2015,68891.14,24619.86,4160.57,97671.6
16-12-2015,68971.29,24620.71,4173.14,97765.1
17-12-2015,69051.43,24621.57,4185.71,97858.7
18-12-2015,69131.57,24622.43,4198.29,97952.3
19-12-2015,69211.71,24623.29,4210.86,98045.9
20-12-2015,69291.86,24624.14,4223.43,98139.4
21-12-2015,69372.0,24625.0,4236.0,98233
22-12-2015,69149.71,24513.0,4233.0,97895.7
23-12-2015,68927.43,24401.0,4230.0,97558.4
24-12-2015,68705.14,24289.0,4227.0,97221.1
25-12-2015,68482.86,24177.0,4224.0,96883.9
26-12-2015,68260.57,24065.0,4221.0,96546.6
27-12-2015,68038.29,23953.0,4218.0,96209.3
28-12-2015,67816.0,23841.0,4215.0,95872
29-12-2015,67392.0,23652.57,4200.0,95244.6
30-12-2015,66968.0,23464.14,4185.0,94617.1
31-12-2015,66544.0,23275.71,4170.0,93989.7
01-01-2016,66120.0,23087.29,4155.0,93362.3
02-01-2016,65696.0,22898.86,4140.0,92734.9
03-01-2016,65272.0,22710.43,4125.0,92107.4
04-01-2016,64848.0,22522.0,4110.0,91480
05-01-2016,64391.71,22333.57,4093.71,90819
06-01-2016,63935.43,22145.14,4077.43,90158
07-01-2016,63479.14,21956.71,4061.14,89497
08-01-2016,63022.86,21768.29,4044.86,88836
09-01-2016,62566.57,21579.86,4028.57,88175
10-01-2016,62110.29,21391.43,4012.29,87514
11-01-2016,61654.0,21203.0,3996.0,86853
12-01-2016,61165.57,21004.14,3973.71,86143.4
13-01-2016,60677.14,20805.29,3951.43,85433.9
14-01-2016,60188.71,20606.43,3929.14,84724.3
15-01-2016,59700.29,20407.57,3906.86,84014.7
16-01-2016,59211.86,20208.71,3884.57,83305.1
17-01-2016,58723.43,20009.86,3862.29,82595.6
18-01-2016,58235.0,19811.0,3840.0,81886
19-01-2016,58057.14,19688.86,3826.57,81572.6
20-01-2016,57879.29,19566.71,3813.14,81259.1
21-01-2016,57701.43,19444.57,3799.71,80945.7
22-01-2016,57523.57,19322.43,3786.29,80632.3
23-01-2016,57345.71,19200.29,3772.86,80318.9
24-01-2016,57167.86,19078.14,3759.43,80005.4
25-01-2016,56990.0,18956.0,3746.0,79692
26-01-2016,56743.71,18810.71,3724.86,79279.3
27-01-2016,56497.43,18665.43,3703.71,78866.6
28-01-2016,56251.14,18520.14,3682.57,78453.9
29-01-2016,56004.86,18374.86,3661.43,78041.1
30-01-2016,55758.57,18229.57,3640.29,77628.4
31-01-2016,55512.29,18084.29,3619.14,77215.7
01-02-2016,55266.0,17939.0,3598.0,76803
02-02-2016,54915.71,17778.14,3586.57,76280.4
03-02-2016,54565.43,17617.29,3575.14,75757.9
04-02-2016,54215.14,17456.43,3563.71,75235.3
05-02-2016,53864.86,17295.57,3552.29,74712.7
06-02-2016,53514.57,17134.71,3540.86,74190.1
07-02-2016,53164.29,16973.86,3529.43,73667.6
08-02-2016,52814.0,16813.0,3518.0,73145
09-02-2016,52446.14,16627.29,3495.43,72568.9
10-02-2016,52078.29,16441.57,3472.86,71992.7
11-02-2016,51710.43,16255.86,3450.29,71416.6
12-02-2016,51342.57,16070.14,3427.71,70840.4
13-02-2016,50974.71,15884.43,3405.14,70264.3
14-02-2016,50606.86,15698.71,3382.57,69688.1
15-02-2016,50239.0,15513.0,3360.0,69112
16-02-2016,49836.86,15323.0,3333.0,68492.9
17-02-2016,49434.71,15133.0,3306.0,67873.7
18-02-2016,49032.57,14943.0,3279.0,67254.6
19-02-2016,48630.43,14753.0,3252.0,66635.4
20-02-2016,48228.29,14563.0,3225.0,66016.3
21-02-2016,47826.14,14373.0,3198.0,65397.1
22-02-2016,47424.0,14183.0,3171.0,64778
23-02-2016,47007.0,13996.14,3141.43,64144.6
24-02-2016,46590.0,13809.29,3111.86,63511.2
25-02-2016,46173.0,13622.43,3082.29,62877.7
26-02-2016,45756.0,13435.57,3052.71,62244.3
27-02-2016,45339.0,13248.71,3023.14,61610.8
28-02-2016,44922.0,13061.86,2993.57,60977.4
29-02-2016,44505.0,12875.0,2964.0,60344
01-03-2016,44069.43,12702.14,2938.29,59709.9
02-03-2016,43633.86,12529.29,2912.57,59075.7
03-03-2016,43198.29,12356.43,2886.86,58441.6
04-03-2016,42762.71,12183.57,2861.14,57807.4
05-03-2016,42327.14,12010.71,2835.43,57173.3
06-03-2016,41891.57,11837.86,2809.71,56539.1
07-03-2016,41456.0,11665.0,2784.0,55905
08-03-2016,41157.14,11546.57,2757.86,55461.6
09-03-2016,40858.29,11428.14,2731.71,55018.1
10-03-2016,40559.43,11309.71,2705.57,54574.7
11-03-2016,40260.57,11191.29,2679.43,54131.3
12-03-2016,39961.71,11072.86,2653.29,53687.9
13-03-2016,39662.86,10954.43,2627.14,53244.4
14-03-2016,39364.0,10836.0,2601.0,52801
15-03-2016,39094.57,10716.71,2577.86,52389.1
16-03-2016,38825.14,10597.43,2554.71,51977.3
17-03-2016,38555.71,10478.14,2531.57,51565.4
18-03-2016,38286.29,10358.86,2508.43,51153.6
19-03-2016,38016.86,10239.57,2485.29,50741.7
20-03-2016,37747.43,10120.29,2462.14,50329.9
21-03-2016,37478.0,10001.0,2439.0,49918
22-03-2016,37263.43,9904.57,2423.71,49591.7
23-03-2016,37048.86,9808.14,2408.43,49265.4
24-03-2016,36834.29,9711.71,2393.14,48939.1
25-03-2016,36619.71,9615.29,2377.86,48612.9
26-03-2016,36405.14,9518.86,2362.57,48286.6
27-03-2016,36190.57,9422.43,2347.29,47960.3
28-03-2016,35976.0,9326.0,2332.0,47634
29-03-2016,35765.71,9276.0,2334.57,47376.3
30-03-2016,35555.43,9226.0,2337.14,47118.6
31-03-2016,35345.14,9176.0,2339.71,46860.8
01-04-2016,35134.86,9126.0,2342.29,46603.2
02-04-2016,34924.57,9076.0,2344.86,46345.4
03-04-2016,34714.29,9026.0,2347.43,46087.7
04-04-2016,34504.0,8976.0,2350.0,45830
05-04-2016,34260.71,8917.43,2361.86,45540
06-04-2016,34017.43,8858.86,2373.71,45250
07-04-2016,33774.14,8800.29,2385.57,44960
08-04-2016,33530.86,8741.71,2397.43,44670
09-04-2016,33287.57,8683.14,2409.29,44380
10-04-2016,33044.29,8624.57,2421.14,44090
11-04-2016,32801.0,8566.0,2433.0,43800
12-04-2016,32628.43,8519.57,2455.29,43603.3
13-04-2016,32455.86,8473.14,2477.57,43406.6
14-04-2016,32283.29,8426.71,2499.86,43209.9
15-04-2016,32110.71,8380.29,2522.14,43013.1
16-04-2016,31938.14,8333.86,2544.43,42816.4
17-04-2016,31765.57,8287.43,2566.71,42619.7
18-04-2016,31593.0,8241.0,2589.0,42423
19-04-2016,31354.43,8232.29,2643.57,42230.3
20-04-2016,31115.86,8223.57,2698.14,42037.6
21-04-2016,30877.29,8214.86,2752.71,41844.9
22-04-2016,30638.71,8206.14,2807.29,41652.1
23-04-2016,30400.14,8197.43,2861.86,41459.4
24-04-2016,30161.57,8188.71,2916.43,41266.7
25-04-2016,29923.0,8180.0,2971.0,41074
26-04-2016,29936.0,8357.71,3062.0,41355.7
27-04-2016,29949.0,8535.43,3153.0,41637.4
28-04-2016,29962.0,8713.14,3244.0,41919.1
29-04-2016,29975.0,8890.86,3335.0,42200.9
30-04-2016,29988.0,9068.57,3426.0,42482.6
01-05-2016,30001.0,9246.29,3517.0,42764.3
02-05-2016,30014.0,9424.0,3608.0,43046
03-05-2016,30317.14,9708.57,3667.43,43693.1
04-05-2016,30620.29,9993.14,3726.86,44340.3
05-05-2016,30923.43,10277.71,3786.29,44987.4
06-05-2016,31226.57,10562.29,3845.71,45634.6
07-05-2016,31529.71,10846.86,3905.14,46281.7
08-05-2016,31832.86,11131.43,3964.57,46928.9
09-05-2016,32136.0,11416.0,4024.0,47576
10-05-2016,32357.71,11595.29,4045.43,47998.4
11-05-2016,32579.43,11774.57,4066.86,48420.9
12-05-2016,32801.14,11953.86,4088.29,48843.3
13-05-2016,33022.86,12133.14,4109.71,49265.7
14-05-2016,33244.57,12312.43,4131.14,49688.1
15-05-2016,33466.29,12491.71,4152.57,50110.6
16-05-2016,33688.0,12671.0,4174.0,50533
17-05-2016,34382.43,13082.0,4181.71,51646.1
18-05-2016,35076.86,13493.0,4189.43,52759.3
19-05-2016,35771.29,13904.0,4197.14,53872.4
20-05-2016,36465.71,14315.0,4204.86,54985.6
21-05-2016,37160.14,14726.0,4212.57,56098.7
22-05-2016,37854.57,15137.0,4220.29,57211.9
23-05-2016,38549.0,15548.0,4228.0,58325
24-05-2016,39589.57,15864.43,4222.43,59676.4
25-05-2016,40630.14,16180.86,4216.86,61027.9
26-05-2016,41670.71,16497.29,4211.29,62379.3
27-05-2016,42711.29,16813.71,4205.71,63730.7
28-05-2016,43751.86,17130.14,4200.14,65082.1
29-05-2016,44792.43,17446.57,4194.57,66433.6
30-05-2016,45833.0,17763.0,4189.0,67785
31-05-2016,46298.57,17841.14,4188.0,68327.7
01-06-2016,46764.14,17919.29,4187.0,68870.4
02-06-2016,47229.71,17997.43,4186.0,69413.1
03-06-2016,47695.29,18075.57,4185.0,69955.9
04-06-2016,48160.86,18153.71,4184.0,70498.6
05-06-2016,48626.43,18231.86,4183.0,71041.3
06-06-2016,49092.0,18310.0,4182.0,71584
07-06-2016,49399.14,18372.57,4189.71,71961.4
08-06-2016,49706.29,18435.14,4197.43,72338.9
09-06-2016,50013.43,18497.71,4205.14,72716.3
10-06-2016,50320.57,18560.29,4212.86,73093.7
11-06-2016,50627.71,18622.86,4220.57,73471.1
12-06-2016,50934.86,18685.43,4228.29,73848.6
13-06-2016,51242.0,18748.0,4236.0,74226
14-06-2016,51688.71,18843.57,4238.57,74770.9
15-06-2016,52135.43,18939.14,4241.14,75315.7
16-06-2016,52582.14,19034.71,4243.71,75860.6
17-06-2016,53028.86,19130.29,4246.29,76405.4
18-06-2016,53475.57,19225.86,4248.86,76950.3
19-06-2016,53922.29,19321.43,4251.43,77495.1
20-06-2016,54369.0,19417.0,4254.0,78040
21-06-2016,54890.29,19546.14,4248.71,78685.1
22-06-2016,55411.57,19675.29,4243.43,79330.3
23-06-2016,55932.86,19804.43,4238.14,79975.4
24-06-2016,56454.14,19933.57,4232.86,80620.6
25-06-2016,56975.43,20062.71,4227.57,81265.7
26-06-2016,57496.71,20191.86,4222.29,81910.9
27-06-2016,58018.0,20321.0,4217.0,82556
28-06-2016,58205.29,20406.0,4231.29,82842.6
29-06-2016,58392.57,20491.0,4245.57,83129.1
30-06-2016,58579.86,20576.0,4259.86,83415.7
01-07-2016,58767.14,20661.0,4274.14,83702.3
02-07-2016,58954.43,20746.0,4288.43,83988.9
03-07-2016,59141.71,20831.0,4302.71,84275.4
04-07-2016,59329.0,20916.0,4317.0,84562
05-07-2016,59558.0,20971.0,4321.71,84850.7
06-07-2016,59787.0,21026.0,4326.43,85139.4
07-07-2016,60016.0,21081.0,4331.14,85428.1
08-07-2016,60245.0,21136.0,4335.86,85716.9
09-07-2016,60474.0,21191.0,4340.57,86005.6
10-07-2016,60703.0,21246.0,4345.29,86294.3
11-07-2016,60932.0,21301.0,4350.0,86583
12-07-2016,61093.29,21296.71,4344.86,86734.9
13-07-2016,61254.57,21292.43,4339.71,86886.7
14-07-2016,61415.86,21288.14,4334.57,87038.6
15-07-2016,61577.14,21283.86,4329.43,87190.4
16-07-2016,61738.43,21279.57,4324.29,87342.3
17-07-2016,61899.71,21275.29,4319.14,87494.1
18-07-2016,62061.0,21271.0,4314.0,87646
19-07-2016,62310.43,21292.71,4314.43,87917.6
20-07-2016,62559.86,21314.43,4314.86,88189.2
21-07-2016,62809.29,21336.14,4315.29,88460.7
22-07-2016,63058.71,21357.86,4315.71,88732.3
23-07-2016,63308.14,21379.57,4316.14,89003.8
24-07-2016,63557.57,21401.29,4316.57,89275.4
25-07-2016,63807.0,21423.0,4317.0,89547
26-07-2016,63976.14,21488.29,4326.71,89791.1
27-07-2016,64145.29,21553.57,4336.43,90035.3
28-07-2016,64314.43,21618.86,4346.14,90279.4
29-07-2016,64483.57,21684.14,4355.86,90523.6
30-07-2016,64652.71,21749.43,4365.57,90767.7
31-07-2016,64821.86,21814.71,4375.29,91011.9
01-08-2016,64991.0,21880.0,4385.0,91256
02-08-2016,65277.43,21954.71,4379.0,91611.1
03-08-2016,65563.86,22029.43,4373.0,91966.3
04-08-2016,65850.29,22104.14,4367.0,92321.4
05-08-2016,66136.71,22178.86,4361.0,92676.6
06-08-2016,66423.14,22253.57,4355.0,93031.7
07-08-2016,66709.57,22328.29,4349.0,93386.9
08-08-2016,66996.0,22403.0,4343.0,93742
09-08-2016,67000.71,22410.57,4340.57,93751.9
10-08-2016,67005.43,22418.14,4338.14,93761.7
11-08-2016,67010.14,22425.71,4335.71,93771.6
12-08-2016,67014.86,22433.29,4333.29,93781.4
13-08-2016,67019.57,22440.86,4330.86,93791.3
14-08-2016,67024.29,22448.43,4328.43,93801.1
15-08-2016,67029.0,22456.0,4326.0,93811
16-08-2016,67128.29,22483.29,4325.57,93937.1
17-08-2016,67227.57,22510.57,4325.14,94063.3
18-08-2016,67326.86,22537.86,4324.71,94189.4
19-08-2016,67426.14,22565.14,4324.29,94315.6
20-08-2016,67525.43,22592.43,4323.86,94441.7
21-08-2016,67624.71,22619.71,4323.43,94567.9
22-08-2016,67724.0,22647.0,4323.0,94694
23-08-2016,67866.29,22697.86,4323.0,94887.1
24-08-2016,68008.57,22748.71,4323.0,95080.3
25-08-2016,68150.86,22799.57,4323.0,95273.4
26-08-2016,68293.14,22850.43,4323.0,95466.6
27-08-2016,68435.43,22901.29,4323.0,95659.7
28-08-2016,68577.71,22952.14,4323.0,95852.9
29-08-2016,68720.0,23003.0,4323.0,96046
30-08-2016,68793.57,23045.71,4313.29,96152.6
31-08-2016,68867.14,23088.43,4303.57,96259.1
01-09-2016,68940.71,23131.14,4293.86,96365.7
02-09-2016,69014.29,23173.86,4284.14,96472.3
03-09-2016,69087.86,23216.57,4274.43,96578.9
04-09-2016,69161.43,23259.29,4264.71,96685.4
05-09-2016,69235.0,23302.0,4255.0,96792
06-09-2016,69260.14,23313.57,4246.29,96820
07-09-2016,69285.29,23325.14,4237.57,96848
08-09-2016,69310.43,23336.71,4228.86,96876
09-09-2016,69335.57,23348.29,4220.14,96904
10-09-2016,69360.71,23359.86,4211.43,96932
11-09-2016,69385.86,23371.43,4202.71,96960
12-09-2016,69411.0,23383.0,4194.0,96988
13-09-2016,69287.14,23340.57,4177.86,96805.6
14-09-2016,69163.29,23298.14,4161.71,96623.1
15-09-2016,69039.43,23255.71,4145.57,96440.7
16-09-2016,68915.57,23213.29,4129.43,96258.3
17-09-2016,68791.71,23170.86,4113.29,96075.9
18-09-2016,68667.86,23128.43,4097.14,95893.4
19-09-2016,68544.0,23086.0,4081.0,95711
20-09-2016,68868.29,23109.57,4079.14,96057
21-09-2016,69192.57,23133.14,4077.29,96403
22-09-2016,69516.86,23156.71,4075.43,96749
23-09-2016,69841.14,23180.29,4073.57,97095
24-09-2016,70165.43,23203.86,4071.71,97441
25-09-2016,70489.71,23227.43,4069.86,97787
26-09-2016,70814.0,23251.0,4068.0,98133
27-09-2016,70712.29,23213.71,4055.57,97981.6
28-09-2016,70610.57,23176.43,4043.14,97830.1
29-09-2016,70508.86,23139.14,4030.71,97678.7
30-09-2016,70407.14,23101.86,4018.29,97527.3
01-10-2016,70305.43,23064.57,4005.86,97375.9
02-10-2016,70203.71,23027.29,3993.43,97224.4
03-10-2016,70102.0,22990.0,3981.0,97073
04-10-2016,69849.43,22900.0,3965.14,96714.6
05-10-2016,69596.86,22810.0,3949.29,96356.1
06-10-2016,69344.29,22720.0,3933.43,95997.7
07-10-2016,69091.71,22630.0,3917.57,95639.3
08-10-2016,68839.14,22540.0,3901.71,95280.9
09-10-2016,68586.57,22450.0,3885.86,94922.4
10-10-2016,68334.0,22360.0,3870.0,94564
11-10-2016,68069.86,22277.57,3859.86,94207.3
12-10-2016,67805.71,22195.14,3849.71,93850.6
13-10-2016,67541.57,22112.71,3839.57,93493.9
14-10-2016,67277.43,22030.29,3829.43,93137.1
15-10-2016,67013.29,21947.86,3819.29,92780.4
16-10-2016,66749.14,21865.43,3809.14,92423.7
17-10-2016,66485.0,21783.0,3799.0,92067
18-10-2016,66279.0,21710.86,3795.0,91784.9
19-10-2016,66073.0,21638.71,3791.0,91502.7
20-10-2016,65867.0,21566.57,3787.0,91220.6
21-10-2016,65661.0,21494.43,3783.0,90938.4
22-10-2016,65455.0,21422.29,3779.0,90656.3
23-10-2016,65249.0,21350.14,3775.0,90374.1
24-10-2016,65043.0,21278.0,3771.0,90092
25-10-2016,64818.43,21193.86,3763.14,89775.4
26-10-2016,64593.86,21109.71,3755.29,89458.9
27-10-2016,64369.29,21025.57,3747.43,89142.3
28-10-2016,64144.71,20941.43,3739.57,88825.7
29-10-2016,63920.14,20857.29,3731.71,88509.1
30-10-2016,63695.57,20773.14,3723.86,88192.6
31-10-2016,63471.0,20689.0,3716.0,87876
01-11-2016,63083.0,20550.0,3701.57,87334.6
02-11-2016,62695.0,20411.0,3687.14,86793.1
03-11-2016,62307.0,20272.0,3672.71,86251.7
04-11-2016,61919.0,20133.0,3658.29,85710.3
05-11-2016,61531.0,19994.0,3643.86,85168.9
06-11-2016,61143.0,19855.0,3629.43,84627.4
07-11-2016,60755.0,19716.0,3615.0,84086
08-11-2016,60586.71,19669.43,3611.57,83867.7
09-11-2016,60418.43,19622.86,3608.14,83649.4
10-11-2016,60250.14,19576.29,3604.71,83431.1
11-11-2016,60081.86,19529.71,3601.29,83212.9
12-11-2016,59913.57,19483.14,3597.86,82994.6
13-11-2016,59745.29,19436.57,3594.43,82776.3
14-11-2016,59577.0,19390.0,3591.0,82558
15-11-2016,59444.43,19360.0,3599.43,82403.9
16-11-2016,59311.86,19330.0,3607.86,82249.7
17-11-2016,59179.29,19300.0,3616.29,82095.6
18-11-2016,59046.71,19270.0,3624.71,81941.4
19-11-2016,58914.14,19240.0,3633.14,81787.3
20-11-2016,58781.57,19210.0,3641.57,81633.1
21-11-2016,58649.0,19180.0,3650.0,81479
22-11-2016,58397.86,19110.57,3649.86,81158.3
23-11-2016,58146.71,19041.14,3649.71,80837.6
24-11-2016,57895.57,18971.71,3649.57,80516.9
25-11-2016,57644.43,18902.29,3649.43,80196.1
26-11-2016,57393.29,18832.86,3649.29,79875.4
27-11-2016,57142.14,18763.43,3649.14,79554.7
28-11-2016,56891.0,18694.0,3649.0,79234
29-11-2016,56856.43,18660.43,3644.0,79160.9
30-11-2016,56821.86,18626.86,3639.0,79087.7
01-12-2016,56787.29,18593.29,3634.0,79014.6
02-12-2016,56752.71,18559.71,3629.0,78941.4
03-12-2016,56718.14,18526.14,3624.0,78868.3
04-12-2016,56683.57,18492.57,3619.0,78795.1
05-12-2016,56649.0,18459.0,3614.0,78722
06-12-2016,56335.86,18357.57,3600.0,78293.4
07-12-2016,56022.71,18256.14,3586.0,77864.9
08-12-2016,55709.57,18154.71,3572.0,77436.3
09-12-2016,55396.43,18053.29,3558.0,77007.7
10-12-2016,55083.29,17951.86,3544.0,76579.1
11-12-2016,54770.14,17850.43,3530.0,76150.6
12-12-2016,54457.0,17749.0,3516.0,75722
13-12-2016,54347.0,17756.43,3513.86,75617.3
14-12-2016,54237.0,17763.86,3511.71,75512.6
15-12-2016,54127.0,17771.29,3509.57,75407.9
16-12-2016,54017.0,17778.71,3507.43,75303.1
17-12-2016,53907.0,17786.14,3505.29,75198.4
18-12-2016,53797.0,17793.57,3503.14,75093.7
19-12-2016,53687.0,17801.0,3501.0,74989
20-12-2016,53729.86,17818.57,3502.43,75050.9
21-12-2016,53772.71,17836.14,3503.86,75112.7
22-12-2016,53815.57,17853.71,3505.29,75174.6
23-12-2016,53858.43,17871.29,3506.71,75236.4
24-12-2016,53901.29,17888.86,3508.14,75298.3
25-12-2016,53944.14,17906.43,3509.57,75360.1
26-12-2016,53987.0,17924.0,3511.0,75422
27-12-2016,53697.29,17823.71,3497.29,75018.3
28-12-2016,53407.57,17723.43,3483.57,74614.6
29-12-2016,53117.86,17623.14,3469.86,74210.9
30-12-2016,52828.14,17522.86,3456.14,73807.1
31-12-2016,52538.43,17422.57,3442.43,73403.4
01-01-2017,52248.71,17322.29,3428.71,72999.7
02-01-2017,51959.0,17222.0,3415.0,72596
03-01-2017,51693.71,17123.57,3402.57,72219.9
04-01-2017,51428.43,17025.14,3390.14,71843.7
05-01-2017,51163.14,16926.71,3377.71,71467.6
06-01-2017,50897.86,16828.29,3365.29,71091.4
07-01-2017,50632.57,16729.86,3352.86,70715.3
08-01-2017,50367.29,16631.43,3340.43,70339.1
09-01-2017,50102.0,16533.0,3328.0,69963
10-01-2017,49870.86,16419.0,3311.57,69601.4
11-01-2017,49639.71,16305.0,3295.14,69239.8
12-01-2017,49408.57,16191.0,3278.71,68878.3
13-01-2017,49177.43,16077.0,3262.29,68516.7
14-01-2017,48946.29,15963.0,3245.86,68155.1
15-01-2017,48715.14,15849.0,3229.43,67793.6
16-01-2017,48484.0,15735.0,3213.0,67432
17-01-2017,48240.57,15637.0,3193.0,67070.6
18-01-2017,47997.14,15539.0,3173.0,66709.1
19-01-2017,47753.71,15441.0,3153.0,66347.7
20-01-2017,47510.29,15343.0,3133.0,65986.3
21-01-2017,47266.86,15245.0,3113.0,65624.9
22-01-2017,47023.43,15147.0,3093.0,65263.4
23-01-2017,46780.0,15049.0,3073.0,64902
24-01-2017,46417.14,14921.86,3052.43,64391.4
25-01-2017,46054.29,14794.71,3031.86,63880.9
26-01-2017,45691.43,14667.57,3011.29,63370.3
27-01-2017,45328.57,14540.43,2990.71,62859.7
28-01-2017,44965.71,14413.29,2970.14,62349.1
29-01-2017,44602.86,14286.14,2949.57,61838.6
30-01-2017,44240.0,14159.0,2929.0,61328
31-01-2017,43842.57,13994.29,2905.57,60742.4
01-02-2017,43445.14,13829.57,2882.14,60156.8
02-02-2017,43047.71,13664.86,2858.71,59571.3
03-02-2017,42650.29,13500.14,2835.29,58985.7
04-02-2017,42252.86,13335.43,2811.86,58400.2
05-02-2017,41855.43,13170.71,2788.43,57814.6
06-02-2017,41458.0,13006.0,2765.0,57229
07-02-2017,41113.0,12881.14,2749.57,56743.7
08-02-2017,40768.0,12756.29,2734.14,56258.4
09-02-2017,40423.0,12631.43,2718.71,55773.1
10-02-2017,40078.0,12506.57,2703.29,55287.9
11-02-2017,39733.0,12381.71,2687.86,54802.6
12-02-2017,39388.0,12256.86,2672.43,54317.3
13-02-2017,39043.0,12132.0,2657.0,53832
14-02-2017,38805.57,12028.29,2645.14,53479
15-02-2017,38568.14,11924.57,2633.29,53126
16-02-2017,38330.71,11820.86,2621.43,52773
17-02-2017,38093.29,11717.14,2609.57,52420
18-02-2017,37855.86,11613.43,2597.71,52067
19-02-2017,37618.43,11509.71,2585.86,51714
20-02-2017,37381.0,11406.0,2574.0,51361
21-02-2017,37072.57,11281.43,2557.29,50911.3
22-02-2017,36764.14,11156.86,2540.57,50461.6
23-02-2017,36455.71,11032.29,2523.86,50011.9
24-02-2017,36147.29,10907.71,2507.14,49562.1
25-02-2017,35838.86,10783.14,2490.43,49112.4
26-02-2017,35530.43,10658.57,2473.71,48662.7
27-02-2017,35222.0,10534.0,2457.0,48213
28-02-2017,34864.0,10392.0,2438.43,47694.4
01-03-2017,34506.0,10250.0,2419.86,47175.9
02-03-2017,34148.0,10108.0,2401.29,46657.3
03-03-2017,33790.0,9966.0,2382.71,46138.7
04-03-2017,33432.0,9824.0,2364.14,45620.1
05-03-2017,33074.0,9682.0,2345.57,45101.6
06-03-2017,32716.0,9540.0,2327.0,44583
07-03-2017,32491.14,9443.14,2315.43,44249.7
08-03-2017,32266.29,9346.29,2303.86,43916.4
09-03-2017,32041.43,9249.43,2292.29,43583.2
10-03-2017,31816.57,9152.57,2280.71,43249.8
11-03-2017,31591.71,9055.71,2269.14,42916.6
12-03-2017,31366.86,8958.86,2257.57,42583.3
13-03-2017,31142.0,8862.0,2246.0,42250
14-03-2017,30901.14,8761.14,2229.0,41891.3
15-03-2017,30660.29,8660.29,2212.0,41532.6
16-03-2017,30419.43,8559.43,2195.0,41173.9
17-03-2017,30178.57,8458.57,2178.0,40815.1
18-03-2017,29937.71,8357.71,2161.0,40456.4
19-03-2017,29696.86,8256.86,2144.0,40097.7
20-03-2017,29456.0,8156.0,2127.0,39739
21-03-2017,29333.86,8081.71,2114.57,39530.1
22-03-2017,29211.71,8007.43,2102.14,39321.3
23-03-2017,29089.57,7933.14,2089.71,39112.4
24-03-2017,28967.43,7858.86,2077.29,38903.6
25-03-2017,28845.29,7784.57,2064.86,38694.7
26-03-2017,28723.14,7710.29,2052.43,38485.9
27-03-2017,28601.0,7636.0,2040.0,38277
28-03-2017,28551.0,7602.0,2033.14,38186.1
29-03-2017,28501.0,7568.0,2026.29,38095.3
30-03-2017,28451.0,7534.0,2019.43,38004.4
31-03-2017,28401.0,7500.0,2012.57,37913.6
01-04-2017,28351.0,7466.0,2005.71,37822.7
02-04-2017,28301.0,7432.0,1998.86,37731.9
03-04-2017,28251.0,7398.0,1992.0,37641
04-04-2017,28156.43,7370.14,1991.57,37518.1
05-04-2017,28061.86,7342.29,1991.14,37395.3
06-04-2017,27967.29,7314.43,1990.71,37272.4
07-04-2017,27872.71,7286.57,1990.29,37149.6
08-04-2017,27778.14,7258.71,1989.86,37026.7
09-04-2017,27683.57,7230.86,1989.43,36903.9
10-04-2017,27589.0,7203.0,1989.0,36781
11-04-2017,27383.14,7150.86,1983.71,36517.7
12-04-2017,27177.29,7098.71,1978.43,36254.4
13-04-2017,26971.43,7046.57,1973.14,35991.1
14-04-2017,26765.57,6994.43,1967.86,35727.9
15-04-2017,26559.71,6942.29,1962.57,35464.6
16-04-2017,26353.86,6890.14,1957.29,35201.3
17-04-2017,26148.0,6838.0,1952.0,34938
18-04-2017,25874.86,6771.57,1952.57,34599
19-04-2017,25601.71,6705.14,1953.14,34260
20-04-2017,25328.57,6638.71,1953.71,33921
21-04-2017,25055.43,6572.29,1954.29,33582
22-04-2017,24782.29,6505.86,1954.86,33243
23-04-2017,24509.14,6439.43,1955.43,32904
24-04-2017,24236.0,6373.0,1956.0,32565
25-04-2017,24137.0,6407.57,1975.43,32520
26-04-2017,24038.0,6442.14,1994.86,32475
27-04-2017,23939.0,6476.71,2014.29,32430
28-04-2017,23840.0,6511.29,2033.71,32385
29-04-2017,23741.0,6545.86,2053.14,32340
30-04-2017,23642.0,6580.43,2072.57,32295
01-05-2017,23543.0,6615.0,2092.0,32250
02-05-2017,23491.57,6651.86,2105.14,32248.6
03-05-2017,23440.14,6688.71,2118.29,32247.1
04-05-2017,23388.71,6725.57,2131.43,32245.7
05-05-2017,23337.29,6762.43,2144.57,32244.3
06-05-2017,23285.86,6799.29,2157.71,32242.9
07-05-2017,23234.43,6836.14,2170.86,32241.4
08-05-2017,23183.0,6873.0,2184.0,32240
09-05-2017,23968.57,7101.71,2215.14,33285.4
10-05-2017,24754.14,7330.43,2246.29,34330.9
11-05-2017,25539.71,7559.14,2277.43,35376.3
12-05-2017,26325.29,7787.86,2308.57,36421.7
13-05-2017,27110.86,8016.57,2339.71,37467.1
14-05-2017,27896.43,8245.29,2370.86,38512.6
15-05-2017,28682.0,8474.0,2402.0,39558
16-05-2017,29421.29,8852.43,2492.14,40765.9
17-05-2017,30160.57,9230.86,2582.29,41973.7
18-05-2017,30899.86,9609.29,2672.43,43181.6
19-05-2017,31639.14,9987.71,2762.57,44389.4
20-05-2017,32378.43,10366.14,2852.71,45597.3
21-05-2017,33117.71,10744.57,2942.86,46805.1
22-05-2017,33857.0,11123.0,3033.0,48013
23-05-2017,34443.86,11347.71,3090.0,48881.6
24-05-2017,35030.71,11572.43,3147.0,49750.1
25-05-2017,35617.57,11797.14,3204.0,50618.7
26-05-2017,36204.43,12021.86,3261.0,51487.3
27-05-2017,36791.29,12246.57,3318.0,52355.9
28-05-2017,37378.14,12471.29,3375.0,53224.4
29-05-2017,37965.0,12696.0,3432.0,54093
30-05-2017,38962.86,13051.71,3471.29,55485.9
31-05-2017,39960.71,13407.43,3510.57,56878.7
01-06-2017,40958.57,13763.14,3549.86,58271.6
02-06-2017,41956.43,14118.86,3589.14,59664.4
03-06-2017,42954.29,14474.57,3628.43,61057.3
04-06-2017,43952.14,14830.29,3667.71,62450.1
05-06-2017,44950.0,15186.0,3707.0,63843
06-06-2017,45694.14,15614.43,3725.14,65033.7
07-06-2017,46438.29,16042.86,3743.29,66224.4
08-06-2017,47182.43,16471.29,3761.43,67415.1
09-06-2017,47926.57,16899.71,3779.57,68605.9
10-06-2017,48670.71,17328.14,3797.71,69796.6
11-06-2017,49414.86,17756.57,3815.86,70987.3
12-06-2017,50159.0,18185.0,3834.0,72178
13-06-2017,50655.0,18485.0,3845.0,72985
14-06-2017,51151.0,18785.0,3856.0,73792
15-06-2017,51647.0,19085.0,3867.0,74599
16-06-2017,52143.0,19385.0,3878.0,75406
17-06-2017,52639.0,19685.0,3889.0,76213
18-06-2017,53135.0,19985.0,3900.0,77020
19-06-2017,53631.0,20285.0,3911.0,77827
20-06-2017,53929.43,20494.43,3916.29,78340.1
21-06-2017,54227.86,20703.86,3921.57,78853.3
22-06-2017,54526.29,20913.29,3926.86,79366.4
23-06-2017,54824.71,21122.71,3932.14,79879.6
24-06-2017,55123.14,21332.14,3937.43,80392.7
25-06-2017,55421.57,21541.57,3942.71,80905.9
26-06-2017,55720.0,21751.0,3948.0,81419
27-06-2017,55895.71,21868.86,3942.0,81706.6
28-06-2017,56071.43,21986.71,3936.0,81994.1
29-06-2017,56247.14,22104.57,3930.0,82281.7
30-06-2017,56422.86,22222.43,3924.0,82569.3
01-07-2017,56598.57,22340.29,3918.0,82856.9
02-07-2017,56774.29,22458.14,3912.0,83144.4
03-07-2017,56950.0,22576.0,3906.0,83432
04-07-2017,57201.86,22839.14,3915.14,83956.1
05-07-2017,57453.71,23102.29,3924.29,84480.3
06-07-2017,57705.57,23365.43,3933.43,85004.4
07-07-2017,57957.43,23628.57,3942.57,85528.6
08-07-2017,58209.29,23891.71,3951.71,86052.7
09-07-2017,58461.14,24154.86,3960.86,86576.9
10-07-2017,58713.0,24418.0,3970.0,87101
11-07-2017,58911.43,24565.86,3976.0,87453.3
12-07-2017,59109.86,24713.71,3982.0,87805.6
13-07-2017,59308.29,24861.57,3988.0,88157.9
14-07-2017,59506.71,25009.43,3994.0,88510.1
15-07-2017,59705.14,25157.29,4000.0,88862.4
16-07-2017,59903.57,25305.14,4006.0,89214.7
17-07-2017,60102.0,25453.0,4012.0,89567
18-07-2017,60336.29,25531.14,4007.0,89874.4
19-07-2017,60570.57,25609.29,4002.0,90181.9
20-07-2017,60804.86,25687.43,3997.0,90489.3
21-07-2017,61039.14,25765.57,3992.0,90796.7
22-07-2017,61273.43,25843.71,3987.0,91104.1
23-07-2017,61507.71,25921.86,3982.0,91411.6
24-07-2017,61742.0,26000.0,3977.0,91719
25-07-2017,62065.14,26097.0,3977.57,92139.7
26-07-2017,62388.29,26194.0,3978.14,92560.4
27-07-2017,62711.43,26291.0,3978.71,92981.1
28-07-2017,63034.57,26388.0,3979.29,93401.9
29-07-2017,63357.71,26485.0,3979.86,93822.6
30-07-2017,63680.86,26582.0,3980.43,94243.3
31-07-2017,64004.0,26679.0,3981.0,94664
01-08-2017,64197.29,26710.57,3982.29,94890.1
02-08-2017,64390.57,26742.14,3983.57,95116.3
03-08-2017,64583.86,26773.71,3984.86,95342.4
04-08-2017,64777.14,26805.29,3986.14,95568.6
05-08-2017,64970.43,26836.86,3987.43,95794.7
06-08-2017,65163.71,26868.43,3988.71,96020.9
07-08-2017,65357.0,26900.0,3990.0,96247
08-08-2017,65537.43,26955.71,3985.0,96478.1
09-08-2017,65717.86,27011.43,3980.0,96709.3
10-08-2017,65898.29,27067.14,3975.0,96940.4
11-08-2017,66078.71,27122.86,3970.0,97171.6
12-08-2017,66259.14,27178.57,3965.0,97402.7
13-08-2017,66439.57,27234.29,3960.0,97633.9
14-08-2017,66620.0,27290.0,3955.0,97865
15-08-2017,66628.29,27303.0,3946.71,97878
16-08-2017,66636.57,27316.0,3938.43,97891
17-08-2017,66644.86,27329.0,3930.14,97904
18-08-2017,66653.14,27342.0,3921.86,97917
19-08-2017,66661.43,27355.0,3913.57,97930
20-08-2017,66669.71,27368.0,3905.29,97943
21-08-2017,66678.0,27381.0,3897.0,97956
22-08-2017,66628.86,27361.0,3899.57,97889.4
23-08-2017,66579.71,27341.0,3902.14,97822.9
24-08-2017,66530.57,27321.0,3904.71,97756.3
25-08-2017,66481.43,27301.0,3907.29,97689.7
26-08-2017,66432.29,27281.0,3909.86,97623.1
27-08-2017,66383.14,27261.0,3912.43,97556.6
28-08-2017,66334.0,27241.0,3915.0,97490
29-08-2017,66413.57,27190.43,3909.71,97513.7
30-08-2017,66493.14,27139.86,3904.43,97537.4
31-08-2017,66572.71,27089.29,3899.14,97561.1
01-09-2017,66652.29,27038.71,3893.86,97584.9
02-09-2017,66731.86,26988.14,3888.57,97608.6
03-09-2017,66811.43,26937.57,3883.29,97632.3
04-09-2017,66891.0,26887.0,3878.0,97656
05-09-2017,67103.71,26952.57,3900.86,97957.1
06-09-2017,67316.43,27018.14,3923.71,98258.3
07-09-2017,67529.14,27083.71,3946.57,98559.4
08-09-2017,67741.86,27149.29,3969.43,98860.6
09-09-2017,67954.57,27214.86,3992.29,99161.7
10-09-2017,68167.29,27280.43,4015.14,99462.9
11-09-2017,68380.0,27346.0,4038.0,99764
12-09-2017,68352.71,27322.57,4039.43,99714.7
13-09-2017,68325.43,27299.14,4040.86,99665.4
14-09-2017,68298.14,27275.71,4042.29,99616.1
15-09-2017,68270.86,27252.29,4043.71,99566.9
16-09-2017,68243.57,27228.86,4045.14,99517.6
17-09-2017,68216.29,27205.43,4046.57,99468.3
18-09-2017,68189.0,27182.0,4048.0,99419
19-09-2017,68174.57,27127.0,4040.71,99342.3
20-09-2017,68160.14,27072.0,4033.43,99265.6
21-09-2017,68145.71,27017.0,4026.14,99188.9
22-09-2017,68131.29,26962.0,4018.86,99112.1
23-09-2017,68116.86,26907.0,4011.57,99035.4
24-09-2017,68102.43,26852.0,4004.29,98958.7
25-09-2017,68088.0,26797.0,3997.0,98882
26-09-2017,68417.43,26851.71,3994.86,99264
27-09-2017,68746.86,26906.43,3992.71,99646
28-09-2017,69076.29,26961.14,3990.57,100028
29-09-2017,69405.71,27015.86,3988.43,100410
30-09-2017,69735.14,27070.57,3986.29,100792
01-10-2017,70064.57,27125.29,3984.14,101174
02-10-2017,70394.0,27180.0,3982.0,101556
03-10-2017,70401.86,27192.71,3983.29,101578
04-10-2017,70409.71,27205.43,3984.57,101600
05-10-2017,70417.57,27218.14,3985.86,101622
06-10-2017,70425.43,27230.86,3987.14,101643
07-10-2017,70433.29,27243.57,3988.43,101665
08-10-2017,70441.14,27256.29,3989.71,101687
09-10-2017,70449.0,27269.0,3991.0,101709
10-10-2017,70506.86,27297.71,3994.14,101799
11-10-2017,70564.71,27326.43,3997.29,101888
12-10-2017,70622.57,27355.14,4000.43,101978
13-10-2017,70680.43,27383.86,4003.57,102068
14-10-2017,70738.29,27412.57,4006.71,102158
15-10-2017,70796.14,27441.29,4009.86,102247
16-10-2017,70854.0,27470.0,4013.0,102337
17-10-2017,70900.43,27459.57,4012.14,102372
18-10-2017,70946.86,27449.14,4011.29,102407
19-10-2017,70993.29,27438.71,4010.43,102442
20-10-2017,71039.71,27428.29,4009.57,102478
21-10-2017,71086.14,27417.86,4008.71,102513
22-10-2017,71132.57,27407.43,4007.86,102548
23-10-2017,71179.0,27397.0,4007.0,102583
24-10-2017,71148.86,27375.14,3999.29,102523
25-10-2017,71118.71,27353.29,3991.57,102464
26-10-2017,71088.57,27331.43,3983.86,102404
27-10-2017,71058.43,27309.57,3976.14,102344
28-10-2017,71028.29,27287.71,3968.43,102284
29-10-2017,70998.14,27265.86,3960.71,102225
30-10-2017,70968.0,27244.0,3953.0,102165
31-10-2017,70810.29,27195.0,3964.0,101969
01-11-2017,70652.57,27146.0,3975.0,101774
02-11-2017,70494.86,27097.0,3986.0,101578
03-11-2017,70337.14,27048.0,3997.0,101382
04-11-2017,70179.43,26999.0,4008.0,101186
05-11-2017,70021.71,26950.0,4019.0,100991
06-11-2017,69864.0,26901.0,4030.0,100795
07-11-2017,69642.43,26815.43,4037.0,100495
08-11-2017,69420.86,26729.86,4044.0,100195
09-11-2017,69199.29,26644.29,4051.0,99894.6
10-11-2017,68977.71,26558.71,4058.0,99594.4
11-11-2017,68756.14,26473.14,4065.0,99294.3
12-11-2017,68534.57,26387.57,4072.0,98994.1
13-11-2017,68313.0,26302.0,4079.0,98694
14-11-2017,68135.71,26209.0,4078.71,98423.4
15-11-2017,67958.43,26116.0,4078.43,98152.9
16-11-2017,67781.14,26023.0,4078.14,97882.3
17-11-2017,67603.86,25930.0,4077.86,97611.7
18-11-2017,67426.57,25837.0,4077.57,97341.1
19-11-2017,67249.29,25744.0,4077.29,97070.6
20-11-2017,67072.0,25651.0,4077.0,96800
21-11-2017,66742.0,25543.86,4076.29,96362.1
22-11-2017,66412.0,25436.71,4075.57,95924.3
23-11-2017,66082.0,25329.57,4074.86,95486.4
24-11-2017,65752.0,25222.43,4074.14,95048.6
25-11-2017,65422.0,25115.29,4073.43,94610.7
26-11-2017,65092.0,25008.14,4072.71,94172.9
27-11-2017,64762.0,24901.0,4072.0,93735
28-11-2017,64685.86,24823.71,4073.0,93582.6
29-11-2017,64609.71,24746.43,4074.0,93430.1
30-11-2017,64533.57,24669.14,4075.0,93277.7
01-12-2017,64457.43,24591.86,4076.0,93125.3
02-12-2017,64381.29,24514.57,4077.0,92972.9
03-12-2017,64305.14,24437.29,4078.0,92820.4
04-12-2017,64229.0,24360.0,4079.0,92668
05-12-2017,63855.71,24218.29,4076.29,92150.3
06-12-2017,63482.43,24076.57,4073.57,91632.6
07-12-2017,63109.14,23934.86,4070.86,91114.9
08-12-2017,62735.86,23793.14,4068.14,90597.1
09-12-2017,62362.57,23651.43,4065.43,90079.4
10-12-2017,61989.29,23509.71,4062.71,89561.7
11-12-2017,61616.0,23368.0,4060.0,89044
12-12-2017,61442.0,23279.0,4057.43,88778.4
13-12-2017,61268.0,23190.0,4054.86,88512.9
14-12-2017,61094.0,23101.0,4052.29,88247.3
15-12-2017,60920.0,23012.0,4049.71,87981.7
16-12-2017,60746.0,22923.0,4047.14,87716.1
17-12-2017,60572.0,22834.0,4044.57,87450.6
18-12-2017,60398.0,22745.0,4042.0,87185
19-12-2017,60262.43,22665.43,4041.57,86969.4
20-12-2017,60126.86,22585.86,4041.14,86753.9
21-12-2017,59991.29,22506.29,4040.71,86538.3
22-12-2017,59855.71,22426.71,4040.29,86322.7
23-12-2017,59720.14,22347.14,4039.86,86107.1
24-12-2017,59584.57,22267.57,4039.43,85891.6
25-12-2017,59449.0,22188.0,4039.0,85676
26-12-2017,59313.71,22051.86,4029.29,85394.9
27-12-2017,59178.43,21915.71,4019.57,85113.7
28-12-2017,59043.14,21779.57,4009.86,84832.6
29-12-2017,58907.86,21643.43,4000.14,84551.4
30-12-2017,58772.57,21507.29,3990.43,84270.3
31-12-2017,58637.29,21371.14,3980.71,83989.1
01-01-2018,58502.0,21235.0,3971.0,83708
02-01-2018,58366.71,21098.71,3961.29,83426.7
03-01-2018,58231.43,20962.43,3951.57,83145.4
04-01-2018,58096.14,20826.14,3941.86,82864.1
05-01-2018,57960.86,20689.86,3932.14,82582.9
06-01-2018,57825.57,20553.57,3922.43,82301.6
07-01-2018,57690.29,20417.29,3912.71,82020.3
08-01-2018,57555.0,20281.0,3903.0,81739
09-01-2018,57136.86,20120.71,3884.29,81141.9
10-01-2018,56718.71,19960.43,3865.57,80544.7
11-01-2018,56300.57,19800.14,3846.86,79947.6
12-01-2018,55882.43,19639.86,3828.14,79350.4
13-01-2018,55464.29,19479.57,3809.43,78753.3
14-01-2018,55046.14,19319.29,3790.71,78156.1
15-01-2018,54628.0,19159.0,3772.0,77559
16-01-2018,54268.0,19025.14,3756.0,77049.1
17-01-2018,53908.0,18891.29,3740.0,76539.3
18-01-2018,53548.0,18757.43,3724.0,76029.4
19-01-2018,53188.0,18623.57,3708.0,75519.6
20-01-2018,52828.0,18489.71,3692.0,75009.7
21-01-2018,52468.0,18355.86,3676.0,74499.9
22-01-2018,52108.0,18222.0,3660.0,73990
23-01-2018,51712.43,18069.14,3637.29,73418.9
24-01-2018,51316.86,17916.29,3614.57,72847.7
25-01-2018,50921.29,17763.43,3591.86,72276.6
26-01-2018,50525.71,17610.57,3569.14,71705.4
27-01-2018,50130.14,17457.71,3546.43,71134.3
28-01-2018,49734.57,17304.86,3523.71,70563.1
29-01-2018,49339.0,17152.0,3501.0,69992
30-01-2018,48894.57,16965.0,3475.43,69335
31-01-2018,48450.14,16778.0,3449.86,68678
01-02-2018,48005.71,16591.0,3424.29,68021
02-02-2018,47561.29,16404.0,3398.71,67364
03-02-2018,47116.86,16217.0,3373.14,66707
04-02-2018,46672.43,16030.0,3347.57,66050
05-02-2018,46228.0,15843.0,3322.0,65393
06-02-2018,45793.71,15658.86,3296.43,64749
07-02-2018,45359.43,15474.71,3270.86,64105
08-02-2018,44925.14,15290.57,3245.29,63461
09-02-2018,44490.86,15106.43,3219.71,62817
10-02-2018,44056.57,14922.29,3194.14,62173
11-02-2018,43622.29,14738.14,3168.57,61529
12-02-2018,43188.0,14554.0,3143.0,60885
13-02-2018,42705.57,14363.57,3114.86,60184
14-02-2018,42223.14,14173.14,3086.71,59483
15-02-2018,41740.71,13982.71,3058.57,58782
16-02-2018,41258.29,13792.29,3030.43,58081
17-02-2018,40775.86,13601.86,3002.29,57380
18-02-2018,40293.43,13411.43,2974.14,56679
19-02-2018,39811.0,13221.0,2946.0,55978
20-02-2018,39321.29,13013.57,2915.86,55250.7
21-02-2018,38831.57,12806.14,2885.71,54523.4
22-02-2018,38341.86,12598.71,2855.57,53796.1
23-02-2018,37852.14,12391.29,2825.43,53068.9
24-02-2018,37362.43,12183.86,2795.29,52341.6
25-02-2018,36872.71,11976.43,2765.14,51614.3
26-02-2018,36383.0,11769.0,2735.0,50887
27-02-2018,35940.0,11586.71,2708.71,50235.4
28-02-2018,35497.0,11404.43,2682.43,49583.9
01-03-2018,35054.0,11222.14,2656.14,48932.3
02-03-2018,34611.0,11039.86,2629.86,48280.7
03-03-2018,34168.0,10857.57,2603.57,47629.1
04-03-2018,33725.0,10675.29,2577.29,46977.6
05-03-2018,33282.0,10493.0,2551.0,46326
06-03-2018,32884.29,10321.71,2526.86,45732.9
07-03-2018,32486.57,10150.43,2502.71,45139.7
08-03-2018,32088.86,9979.14,2478.57,44546.6
09-03-2018,31691.14,9807.86,2454.43,43953.4
10-03-2018,31293.43,9636.57,2430.29,43360.3
11-03-2018,30895.71,9465.29,2406.14,42767.1
12-03-2018,30498.0,9294.0,2382.0,42174
13-03-2018,30117.29,9141.86,2357.0,41616.2
14-03-2018,29736.57,8989.71,2332.0,41058.3
15-03-2018,29355.86,8837.57,2307.0,40500.4
16-03-2018,28975.14,8685.43,2282.0,39942.6
17-03-2018,28594.43,8533.29,2257.0,39384.7
18-03-2018,28213.71,8381.14,2232.0,38826.8
19-03-2018,27833.0,8229.0,2207.0,38269
20-03-2018,27480.0,8079.29,2180.29,37739.6
21-03-2018,27127.0,7929.57,2153.57,37210.1
22-03-2018,26774.0,7779.86,2126.86,36680.7
23-03-2018,26421.0,7630.14,2100.14,36151.3
24-03-2018,26068.0,7480.43,2073.43,35621.9
25-03-2018,25715.0,7330.71,2046.71,35092.4
26-03-2018,25362.0,7181.0,2020.0,34563
27-03-2018,25059.43,7066.57,2004.0,34130
28-03-2018,24756.86,6952.14,1988.0,33697
29-03-2018,24454.29,6837.71,1972.0,33264
30-03-2018,24151.71,6723.29,1956.0,32831
31-03-2018,23849.14,6608.86,1940.0,32398
01-04-2018,23546.57,6494.43,1924.0,31965
02-04-2018,23244.0,6380.0,1908.0,31532
03-04-2018,23001.86,6283.57,1893.57,31179
04-04-2018,22759.71,6187.14,1879.14,30826
05-04-2018,22517.57,6090.71,1864.71,30473
06-04-2018,22275.43,5994.29,1850.29,30120
07-04-2018,22033.29,5897.86,1835.86,29767
08-04-2018,21791.14,5801.43,1821.43,29414
09-04-2018,21549.0,5705.0,1807.0,29061
10-04-2018,21673.71,5700.29,1812.14,29186.1
11-04-2018,21798.43,5695.57,1817.29,29311.3
12-04-2018,21923.14,5690.86,1822.43,29436.4
13-04-2018,22047.86,5686.14,1827.57,29561.6
14-04-2018,22172.57,5681.43,1832.71,29686.7
15-04-2018,22297.29,5676.71,1837.86,29811.9
16-04-2018,22422.0,5672.0,1843.0,29937
17-04-2018,22581.0,5827.86,1862.43,30271.3
18-04-2018,22740.0,5983.71,1881.86,30605.6
19-04-2018,22899.0,6139.57,1901.29,30939.9
20-04-2018,23058.0,6295.43,1920.71,31274.1
21-04-2018,23217.0,6451.29,1940.14,31608.4
22-04-2018,23376.0,6607.14,1959.57,31942.7
23-04-2018,23535.0,6763.0,1979.0,32277
24-04-2018,23707.14,7009.71,2042.14,32759
25-04-2018,23879.29,7256.43,2105.29,33241
26-04-2018,24051.43,7503.14,2168.43,33723
27-04-2018,24223.57,7749.86,2231.57,34205
28-04-2018,24395.71,7996.57,2294.71,34687
29-04-2018,24567.86,8243.29,2357.86,35169
30-04-2018,24740.0,8490.0,2421.0,35651
01-05-2018,26036.71,9150.71,2538.43,37725.8
02-05-2018,27333.43,9811.43,2655.86,39800.7
03-05-2018,28630.14,10472.14,2773.29,41875.6
04-05-2018,29926.86,11132.86,2890.71,43950.4
05-05-2018,31223.57,11793.57,3008.14,46025.3
06-05-2018,32520.29,12454.29,3125.57,48100.2
07-05-2018,33817.0,13115.0,3243.0,50175
08-05-2018,34657.86,13736.0,3326.43,51720.3
09-05-2018,35498.71,14357.0,3409.86,53265.6
10-05-2018,36339.57,14978.0,3493.29,54810.9
11-05-2018,37180.43,15599.0,3576.71,56356.1
12-05-2018,38021.29,16220.0,3660.14,57901.4
13-05-2018,38862.14,16841.0,3743.57,59446.7
14-05-2018,39703.0,17462.0,3827.0,60992
15-05-2018,40256.43,17721.86,3841.57,61819.9
16-05-2018,40809.86,17981.71,3856.14,62647.7
17-05-2018,41363.29,18241.57,3870.71,63475.6
18-05-2018,41916.71,18501.43,3885.29,64303.4
19-05-2018,42470.14,18761.29,3899.86,65131.3
20-05-2018,43023.57,19021.14,3914.43,65959.1
21-05-2018,43577.0,19281.0,3929.0,66787
22-05-2018,44205.0,19436.14,3925.57,67566.7
23-05-2018,44833.0,19591.29,3922.14,68346.4
24-05-2018,45461.0,19746.43,3918.71,69126.1
25-05-2018,46089.0,19901.57,3915.29,69905.9
26-05-2018,46717.0,20056.71,3911.86,70685.6
27-05-2018,47345.0,20211.86,3908.43,71465.3
28-05-2018,47973.0,20367.0,3905.0,72245
29-05-2018,48204.14,20385.14,3900.71,72490
30-05-2018,48435.29,20403.29,3896.43,72735
31-05-2018,48666.43,20421.43,3892.14,72980
01-06-2018,48897.57,20439.57,3887.86,73225
02-06-2018,49128.71,20457.71,3883.57,73470
03-06-2018,49359.86,20475.86,3879.29,73715
04-06-2018,49591.0,20494.0,3875.0,73960
05-06-2018,49898.43,20529.0,3870.43,74297.9
06-06-2018,50205.86,20564.0,3865.86,74635.7
07-06-2018,50513.29,20599.0,3861.29,74973.6
08-06-2018,50820.71,20634.0,3856.71,75311.4
09-06-2018,51128.14,20669.0,3852.14,75649.3
10-06-2018,51435.57,20704.0,3847.57,75987.1
11-06-2018,51743.0,20739.0,3843.0,76325
12-06-2018,51976.86,20864.86,3847.43,76689.1
13-06-2018,52210.71,20990.71,3851.86,77053.3
14-06-2018,52444.57,21116.57,3856.29,77417.4
15-06-2018,52678.43,21242.43,3860.71,77781.6
16-06-2018,52912.29,21368.29,3865.14,78145.7
17-06-2018,53146.14,21494.14,3869.57,78509.9
18-06-2018,53380.0,21620.0,3874.0,78874
19-06-2018,53417.14,21628.57,3874.14,78919.8
20-06-2018,53454.29,21637.14,3874.29,78965.7
21-06-2018,53491.43,21645.71,3874.43,79011.6
22-06-2018,53528.57,21654.29,3874.57,79057.4
23-06-2018,53565.71,21662.86,3874.71,79103.3
24-06-2018,53602.86,21671.43,3874.86,79149.2
25-06-2018,53640.0,21680.0,3875.0,79195
26-06-2018,53603.57,21657.71,3872.86,79134.1
27-06-2018,53567.14,21635.43,3870.71,79073.3
28-06-2018,53530.71,21613.14,3868.57,79012.4
29-06-2018,53494.29,21590.86,3866.43,78951.6
30-06-2018,53457.86,21568.57,3864.29,78890.7
01-07-2018,53421.43,21546.29,3862.14,78829.9
02-07-2018,53385.0,21524.0,3860.0,78769
03-07-2018,53303.29,21499.0,3850.57,78652.9
04-07-2018,53221.57,21474.0,3841.14,78536.7
05-07-2018,53139.86,21449.0,3831.71,78420.6
06-07-2018,53058.14,21424.0,3822.29,78304.4
07-07-2018,52976.43,21399.0,3812.86,78188.3
08-07-2018,52894.71,21374.0,3803.43,78072.1
09-07-2018,52813.0,21349.0,3794.0,77956
10-07-2018,52762.86,21350.0,3781.43,77894.3
11-07-2018,52712.71,21351.0,3768.86,77832.6
12-07-2018,52662.57,21352.0,3756.29,77770.9
13-07-2018,52612.43,21353.0,3743.71,77709.1
14-07-2018,52562.29,21354.0,3731.14,77647.4
15-07-2018,52512.14,21355.0,3718.57,77585.7
16-07-2018,52462.0,21356.0,3706.0,77524
17-07-2018,52442.86,21360.86,3696.29,77500
18-07-2018,52423.71,21365.71,3686.57,77476
19-07-2018,52404.57,21370.57,3676.86,77452
20-07-2018,52385.43,21375.43,3667.14,77428
21-07-2018,52366.29,21380.29,3657.43,77404
22-07-2018,52347.14,21385.14,3647.71,77380
23-07-2018,52328.0,21390.0,3638.0,77356
24-07-2018,52421.57,21409.0,3627.29,77457.9
25-07-2018,52515.14,21428.0,3616.57,77559.7
26-07-2018,52608.71,21447.0,3605.86,77661.6
27-07-2018,52702.29,21466.0,3595.14,77763.4
28-07-2018,52795.86,21485.0,3584.43,77865.3
29-07-2018,52889.43,21504.0,3573.71,77967.1
30-07-2018,52983.0,21523.0,3563.0,78069
31-07-2018,53212.71,21549.43,3551.29,78313.4
01-08-2018,53442.43,21575.86,3539.57,78557.9
02-08-2018,53672.14,21602.29,3527.86,78802.3
03-08-2018,53901.86,21628.71,3516.14,79046.7
04-08-2018,54131.57,21655.14,3504.43,79291.1
05-08-2018,54361.29,21681.57,3492.71,79535.6
06-08-2018,54591.0,21708.0,3481.0,79780
07-08-2018,54870.57,21737.0,3473.29,80080.9
08-08-2018,55150.14,21766.0,3465.57,80381.7
09-08-2018,55429.71,21795.0,3457.86,80682.6
10-08-2018,55709.29,21824.0,3450.14,80983.4
11-08-2018,55988.86,21853.0,3442.43,81284.3
12-08-2018,56268.43,21882.0,3434.71,81585.1
13-08-2018,56548.0,21911.0,3427.0,81886
14-08-2018,56660.29,21941.71,3421.14,82023.1
15-08-2018,56772.57,21972.43,3415.29,82160.3
16-08-2018,56884.86,22003.14,3409.43,82297.4
17-08-2018,56997.14,22033.86,3403.57,82434.6
18-08-2018,57109.43,22064.57,3397.71,82571.7
19-08-2018,57221.71,22095.29,3391.86,82708.9
20-08-2018,57334.0,22126.0,3386.0,82846
21-08-2018,57275.57,22105.86,3379.43,82760.9
22-08-2018,57217.14,22085.71,3372.86,82675.7
23-08-2018,57158.71,22065.57,3366.29,82590.6
24-08-2018,57100.29,22045.43,3359.71,82505.4
25-08-2018,57041.86,22025.29,3353.14,82420.3
26-08-2018,56983.43,22005.14,3346.57,82335.1
27-08-2018,56925.0,21985.0,3340.0,82250
28-08-2018,56956.14,21923.14,3329.14,82208.4
29-08-2018,56987.29,21861.29,3318.29,82166.9
30-08-2018,57018.43,21799.43,3307.43,82125.3
31-08-2018,57049.57,21737.57,3296.57,82083.7
01-09-2018,57080.71,21675.71,3285.71,82042.1
02-09-2018,57111.86,21613.86,3274.86,82000.6
03-09-2018,57143.0,21552.0,3264.0,81959
04-09-2018,57646.14,21536.29,3266.43,82448.9
05-09-2018,58149.29,21520.57,3268.86,82938.7
06-09-2018,58652.43,21504.86,3271.29,83428.6
07-09-2018,59155.57,21489.14,3273.71,83918.4
08-09-2018,59658.71,21473.43,3276.14,84408.3
09-09-2018,60161.86,21457.71,3278.57,84898.1
10-09-2018,60665.0,21442.0,3281.0,85388
11-09-2018,61178.29,21512.86,3282.71,85973.9
12-09-2018,61691.57,21583.71,3284.43,86559.7
13-09-2018,62204.86,21654.57,3286.14,87145.6
14-09-2018,62718.14,21725.43,3287.86,87731.4
15-09-2018,63231.43,21796.29,3289.57,88317.3
16-09-2018,63744.71,21867.14,3291.29,88903.1
17-09-2018,64258.0,21938.0,3293.0,89489
18-09-2018,64616.43,22071.29,3293.29,89981
19-09-2018,64974.86,22204.57,3293.57,90473
20-09-2018,65333.29,22337.86,3293.86,90965
21-09-2018,65691.71,22471.14,3294.14,91457
22-09-2018,66050.14,22604.43,3294.43,91949
23-09-2018,66408.57,22737.71,3294.71,92441
24-09-2018,66767.0,22871.0,3295.0,92933
25-09-2018,66782.0,22914.57,3289.14,92985.7
26-09-2018,66797.0,22958.14,3283.29,93038.4
27-09-2018,66812.0,23001.71,3277.43,93091.1
28-09-2018,66827.0,23045.29,3271.57,93143.9
29-09-2018,66842.0,23088.86,3265.71,93196.6
30-09-2018,66857.0,23132.43,3259.86,93249.3
01-10-2018,66872.0,23176.0,3254.0,93302
02-10-2018,67310.57,23231.43,3255.29,93797.3
03-10-2018,67749.14,23286.86,3256.57,94292.6
04-10-2018,68187.71,23342.29,3257.86,94787.9
05-10-2018,68626.29,23397.71,3259.14,95283.1
06-10-2018,69064.86,23453.14,3260.43,95778.4
07-10-2018,69503.43,23508.57,3261.71,96273.7
08-10-2018,69942.0,23564.0,3263.0,96769
09-10-2018,70046.43,23621.29,3263.57,96931.3
10-10-2018,70150.86,23678.57,3264.14,97093.6
11-10-2018,70255.29,23735.86,3264.71,97255.9
12-10-2018,70359.71,23793.14,3265.29,97418.1
13-10-2018,70464.14,23850.43,3265.86,97580.4
14-10-2018,70568.57,23907.71,3266.43,97742.7
15-10-2018,70673.0,23965.0,3267.0,97905
16-10-2018,70662.43,23963.57,3267.14,97893.1
17-10-2018,70651.86,23962.14,3267.29,97881.3
18-10-2018,70641.29,23960.71,3267.43,97869.4
19-10-2018,70630.71,23959.29,3267.57,97857.6
20-10-2018,70620.14,23957.86,3267.71,97845.7
21-10-2018,70609.57,23956.43,3267.86,97833.9
22-10-2018,70599.0,23955.0,3268.0,97822
23-10-2018,70420.14,23924.29,3263.86,97608.3
24-10-2018,70241.29,23893.57,3259.71,97394.6
25-10-2018,70062.43,23862.86,3255.57,97180.9
26-10-2018,69883.57,23832.14,3251.43,96967.1
27-10-2018,69704.71,23801.43,3247.29,96753.4
28-10-2018,69525.86,23770.71,3243.14,96539.7
29-10-2018,69347.0,23740.0,3239.0,96326
30-10-2018,69250.43,23709.29,3240.57,96200.3
31-10-2018,69153.86,23678.57,3242.14,96074.6
01-11-2018,69057.29,23647.86,3243.71,95948.9
02-11-2018,68960.71,23617.14,3245.29,95823.1
03-11-2018,68864.14,23586.43,3246.86,95697.4
04-11-2018,68767.57,23555.71,3248.43,95571.7
05-11-2018,68671.0,23525.0,3250.0,95446
06-11-2018,68711.14,23563.57,3253.71,95528.4
07-11-2018,68751.29,23602.14,3257.43,95610.9
08-11-2018,68791.43,23640.71,3261.14,95693.3
09-11-2018,68831.57,23679.29,3264.86,95775.7
10-11-2018,68871.71,23717.86,3268.57,95858.1
11-11-2018,68911.86,23756.43,3272.29,95940.6
12-11-2018,68952.0,23795.0,3276.0,96023
13-11-2018,68610.86,23692.86,3262.57,95566.3
14-11-2018,68269.71,23590.71,3249.14,95109.6
15-11-2018,67928.57,23488.57,3235.71,94652.9
16-11-2018,67587.43,23386.43,3222.29,94196.1
17-11-2018,67246.29,23284.29,3208.86,93739.4
18-11-2018,66905.14,23182.14,3195.43,93282.7
19-11-2018,66564.0,23080.0,3182.0,92826
20-11-2018,66282.0,22955.86,3174.71,92412.6
21-11-2018,66000.0,22831.71,3167.43,91999.1
22-11-2018,65718.0,22707.57,3160.14,91585.7
23-11-2018,65436.0,22583.43,3152.86,91172.3
24-11-2018,65154.0,22459.29,3145.57,90758.9
25-11-2018,64872.0,22335.14,3138.29,90345.4
26-11-2018,64590.0,22211.0,3131.0,89932
27-11-2018,64332.0,22130.71,3126.57,89589.3
28-11-2018,64074.0,22050.43,3122.14,89246.6
29-11-2018,63816.0,21970.14,3117.71,88903.9
30-11-2018,63558.0,21889.86,3113.29,88561.1
01-12-2018,63300.0,21809.57,3108.86,88218.4
02-12-2018,63042.0,21729.29,3104.43,87875.7
03-12-2018,62784.0,21649.0,3100.0,87533
04-12-2018,62346.29,21501.86,3085.71,86933.9
05-12-2018,61908.57,21354.71,3071.43,86334.7
06-12-2018,61470.86,21207.57,3057.14,85735.6
07-12-2018,61033.14,21060.43,3042.86,85136.4
08-12-2018,60595.43,20913.29,3028.57,84537.3
09-12-2018,60157.71,20766.14,3014.29,83938.1
10-12-2018,59720.0,20619.0,3000.0,83339
11-12-2018,59334.71,20453.57,2982.86,82771.1
12-12-2018,58949.43,20288.14,2965.71,82203.3
13-12-2018,58564.14,20122.71,2948.57,81635.4
14-12-2018,58178.86,19957.29,2931.43,81067.6
15-12-2018,57793.57,19791.86,2914.29,80499.7
16-12-2018,57408.29,19626.43,2897.14,79931.9
17-12-2018,57023.0,19461.0,2880.0,79364
18-12-2018,56808.57,19346.86,2864.86,79020.3
19-12-2018,56594.14,19232.71,2849.71,78676.6
20-12-2018,56379.71,19118.57,2834.57,78332.9
21-12-2018,56165.29,19004.43,2819.43,77989.1
22-12-2018,55950.86,18890.29,2804.29,77645.4
23-12-2018,55736.43,18776.14,2789.14,77301.7
24-12-2018,55522.0,18662.0,2774.0,76958
25-12-2018,55347.43,18572.43,2768.57,76688.4
26-12-2018,55172.86,18482.86,2763.14,76418.9
27-12-2018,54998.29,18393.29,2757.71,76149.3
28-12-2018,54823.71,18303.71,2752.29,75879.7
29-12-2018,54649.14,18214.14,2746.86,75610.1
30-12-2018,54474.57,18124.57,2741.43,75340.6
31-12-2018,54300.0,18035.0,2736.0,75071
01-01-2019,54058.43,17930.14,2726.14,74714.7
02-01-2019,53816.86,17825.29,2716.29,74358.4
03-01-2019,53575.29,17720.43,2706.43,74002.1
04-01-2019,53333.71,17615.57,2696.57,73645.9
05-01-2019,53092.14,17510.71,2686.71,73289.6
06-01-2019,52850.57,17405.86,2676.86,72933.3
07-01-2019,52609.0,17301.0,2667.0,72577
08-01-2019,52239.86,17149.29,2653.29,72042.4
09-01-2019,51870.71,16997.57,2639.57,71507.9
10-01-2019,51501.57,16845.86,2625.86,70973.3
11-01-2019,51132.43,16694.14,2612.14,70438.7
12-01-2019,50763.29,16542.43,2598.43,69904.1
13-01-2019,50394.14,16390.71,2584.71,69369.6
14-01-2019,50025.0,16239.0,2571.0,68835
15-01-2019,49578.14,16062.43,2548.43,68189
16-01-2019,49131.29,15885.86,2525.86,67543
17-01-2019,48684.43,15709.29,2503.29,66897
18-01-2019,48237.57,15532.71,2480.71,66251
19-01-2019,47790.71,15356.14,2458.14,65605
20-01-2019,47343.86,15179.57,2435.57,64959
21-01-2019,46897.0,15003.0,2413.0,64313
22-01-2019,46467.29,14830.14,2397.57,63695
23-01-2019,46037.57,14657.29,2382.14,63077
24-01-2019,45607.86,14484.43,2366.71,62459
25-01-2019,45178.14,14311.57,2351.29,61841
26-01-2019,44748.43,14138.71,2335.86,61223
27-01-2019,44318.71,13965.86,2320.43,60605
28-01-2019,43889.0,13793.0,2305.0,59987
29-01-2019,43534.14,13658.0,2295.71,59487.8
30-01-2019,43179.29,13523.0,2286.43,58988.7
31-01-2019,42824.43,13388.0,2277.14,58489.6
01-02-2019,42469.57,13253.0,2267.86,57990.4
02-02-2019,42114.71,13118.0,2258.57,57491.3
03-02-2019,41759.86,12983.0,2249.29,56992.2
04-02-2019,41405.0,12848.0,2240.0,56493
05-02-2019,41159.14,12736.14,2231.43,56126.7
06-02-2019,40913.29,12624.29,2222.86,55760.4
07-02-2019,40667.43,12512.43,2214.29,55394.2
08-02-2019,40421.57,12400.57,2205.71,55027.8
09-02-2019,40175.71,12288.71,2197.14,54661.6
10-02-2019,39929.86,12176.86,2188.57,54295.3
11-02-2019,39684.0,12065.0,2180.0,53929
12-02-2019,39476.14,11942.43,2167.71,53586.3
13-02-2019,39268.29,11819.86,2155.43,53243.6
14-02-2019,39060.43,11697.29,2143.14,52900.9
15-02-2019,38852.57,11574.71,2130.86,52558.1
16-02-2019,38644.71,11452.14,2118.57,52215.4
17-02-2019,38436.86,11329.57,2106.29,51872.7
18-02-2019,38229.0,11207.0,2094.0,51530
19-02-2019,38029.43,11100.71,2078.14,51208.3
20-02-2019,37829.86,10994.43,2062.29,50886.6
21-02-2019,37630.29,10888.14,2046.43,50564.9
22-02-2019,37430.71,10781.86,2030.57,50243.1
23-02-2019,37231.14,10675.57,2014.71,49921.4
24-02-2019,37031.57,10569.29,1998.86,49599.7
25-02-2019,36832.0,10463.0,1983.0,49278
26-02-2019,36569.0,10352.57,1970.14,48891.7
27-02-2019,36306.0,10242.14,1957.29,48505.4
28-02-2019,36043.0,10131.71,1944.43,48119.1
01-03-2019,35780.0,10021.29,1931.57,47732.9
02-03-2019,35517.0,9910.86,1918.71,47346.6
03-03-2019,35254.0,9800.43,1905.86,46960.3
04-03-2019,34991.0,9690.0,1893.0,46574
05-03-2019,34719.86,9550.14,1878.43,46148.4
06-03-2019,34448.71,9410.29,1863.86,45722.9
07-03-2019,34177.57,9270.43,1849.29,45297.3
08-03-2019,33906.43,9130.57,1834.71,44871.7
09-03-2019,33635.29,8990.71,1820.14,44446.1
10-03-2019,33364.14,8850.86,1805.57,44020.6
11-03-2019,33093.0,8711.0,1791.0,43595
12-03-2019,32924.14,8608.43,1785.43,43318
13-03-2019,32755.29,8505.86,1779.86,43041
14-03-2019,32586.43,8403.29,1774.29,42764
15-03-2019,32417.57,8300.71,1768.71,42487
16-03-2019,32248.71,8198.14,1763.14,42210
17-03-2019,32079.86,8095.57,1757.57,41933
18-03-2019,31911.0,7993.0,1752.0,41656
19-03-2019,31834.0,7925.14,1740.86,41500
20-03-2019,31757.0,7857.29,1729.71,41344
21-03-2019,31680.0,7789.43,1718.57,41188
22-03-2019,31603.0,7721.57,1707.43,41032
23-03-2019,31526.0,7653.71,1696.29,40876
24-03-2019,31449.0,7585.86,1685.14,40720
25-03-2019,31372.0,7518.0,1674.0,40564
26-03-2019,31183.43,7430.57,1664.0,40278
27-03-2019,30994.86,7343.14,1654.0,39992
28-03-2019,30806.29,7255.71,1644.0,39706
29-03-2019,30617.71,7168.29,1634.0,39420
30-03-2019,30429.14,7080.86,1624.0,39134
31-03-2019,30240.57,6993.43,1614.0,38848
01-04-2019,30052.0,6906.0,1604.0,38562
02-04-2019,29788.71,6794.14,1597.71,38180.6
03-04-2019,29525.43,6682.29,1591.43,37799.2
04-04-2019,29262.14,6570.43,1585.14,37417.7
05-04-2019,28998.86,6458.57,1578.86,37036.3
06-04-2019,28735.57,6346.71,1572.57,36654.8
07-04-2019,28472.29,6234.86,1566.29,36273.4
08-04-2019,28209.0,6123.0,1560.0,35892
09-04-2019,28075.14,6062.14,1565.29,35702.6
10-04-2019,27941.29,6001.29,1570.57,35513.2
11-04-2019,27807.43,5940.43,1575.86,35323.7
12-04-2019,27673.57,5879.57,1581.14,35134.3
13-04-2019,27539.71,5818.71,1586.43,34944.8
14-04-2019,27405.86,5757.86,1591.71,34755.4
15-04-2019,27272.0,5697.0,1597.0,34566
16-04-2019,27815.86,5976.0,1654.43,35446.3
17-04-2019,28359.71,6255.0,1711.86,36326.6
18-04-2019,28903.57,6534.0,1769.29,37206.9
19-04-2019,29447.43,6813.0,1826.71,38087.1
20-04-2019,29991.29,7092.0,1884.14,38967.4
21-04-2019,30535.14,7371.0,1941.57,39847.7
22-04-2019,31079.0,7650.0,1999.0,40728
23-04-2019,31605.71,7992.86,2068.71,41667.3
24-04-2019,32132.43,8335.71,2138.43,42606.6
25-04-2019,32659.14,8678.57,2208.14,43545.8
26-04-2019,33185.86,9021.43,2277.86,44485.2
27-04-2019,33712.57,9364.29,2347.57,45424.4
28-04-2019,34239.29,9707.14,2417.29,46363.7
29-04-2019,34766.0,10050.0,2487.0,47303
30-04-2019,34786.86,10214.43,2539.29,47540.6
01-05-2019,34807.71,10378.86,2591.57,47778.1
02-05-2019,34828.57,10543.29,2643.86,48015.7
03-05-2019,34849.43,10707.71,2696.14,48253.3
04-05-2019,34870.29,10872.14,2748.43,48490.9
05-05-2019,34891.14,11036.57,2800.71,48728.4
06-05-2019,34912.0,11201.0,2853.0,48966
07-05-2019,35172.71,11401.0,2931.0,49504.7
08-05-2019,35433.43,11601.0,3009.0,50043.4
09-05-2019,35694.14,11801.0,3087.0,50582.1
10-05-2019,35954.86,12001.0,3165.0,51120.9
11-05-2019,36215.57,12201.0,3243.0,51659.6
12-05-2019,36476.29,12401.0,3321.0,52198.3
13-05-2019,36737.0,12601.0,3399.0,52737
14-05-2019,37722.57,12991.0,3422.86,54136.4
15-05-2019,38708.14,13381.0,3446.71,55535.8
16-05-2019,39693.71,13771.0,3470.57,56935.3
17-05-2019,40679.29,14161.0,3494.43,58334.7
18-05-2019,41664.86,14551.0,3518.29,59734.2
19-05-2019,42650.43,14941.0,3542.14,61133.6
20-05-2019,43636.0,15331.0,3566.0,62533
21-05-2019,43937.57,15593.86,3589.43,63120.9
22-05-2019,44239.14,15856.71,3612.86,63708.7
23-05-2019,44540.71,16119.57,3636.29,64296.6
24-05-2019,44842.29,16382.43,3659.71,64884.4
25-05-2019,45143.86,16645.29,3683.14,65472.3
26-05-2019,45445.43,16908.14,3706.57,66060.1
27-05-2019,45747.0,17171.0,3730.0,66648
28-05-2019,46673.29,17551.57,3742.43,67967.3
29-05-2019,47599.57,17932.14,3754.86,69286.6
30-05-2019,48525.86,18312.71,3767.29,70605.9
31-05-2019,49452.14,18693.29,3779.71,71925.1
01-06-2019,50378.43,19073.86,3792.14,73244.4
02-06-2019,51304.71,19454.43,3804.57,74563.7
03-06-2019,52231.0,19835.0,3817.0,75883
04-06-2019,52816.29,20198.43,3825.57,76840.3
05-06-2019,53401.57,20561.86,3834.14,77797.6
06-06-2019,53986.86,20925.29,3842.71,78754.9
07-06-2019,54572.14,21288.71,3851.29,79712.1
08-06-2019,55157.43,21652.14,3859.86,80669.4
09-06-2019,55742.71,22015.57,3868.43,81626.7
10-06-2019,56328.0,22379.0,3877.0,82584
11-06-2019,56776.0,22646.0,3881.0,83303
12-06-2019,57224.0,22913.0,3885.0,84022
13-06-2019,57672.0,23180.0,3889.0,84741
14-06-2019,58120.0,23447.0,3893.0,85460
15-06-2019,58568.0,23714.0,3897.0,86179
16-06-2019,59016.0,23981.0,3901.0,86898
17-06-2019,59464.0,24248.0,3905.0,87617
18-06-2019,59731.14,24398.29,3903.71,88033.1
19-06-2019,59998.29,24548.57,3902.43,88449.3
20-06-2019,60265.43,24698.86,3901.14,88865.4
21-06-2019,60532.57,24849.14,3899.86,89281.6
22-06-2019,60799.71,24999.43,3898.57,89697.7
23-06-2019,61066.86,25149.71,3897.29,90113.9
24-06-2019,61334.0,25300.0,3896.0,90530
25-06-2019,61545.86,25392.14,3895.43,90833.4
26-06-2019,61757.71,25484.29,3894.86,91136.9
27-06-2019,61969.57,25576.43,3894.29,91440.3
28-06-2019,62181.43,25668.57,3893.71,91743.7
29-06-2019,62393.29,25760.71,3893.14,92047.1
30-06-2019,62605.14,25852.86,3892.57,92350.6
01-07-2019,62817.0,25945.0,3892.0,92654
02-07-2019,62822.43,25970.57,3883.43,92676.4
03-07-2019,62827.86,25996.14,3874.86,92698.9
04-07-2019,62833.29,26021.71,3866.29,92721.3
05-07-2019,62838.71,26047.29,3857.71,92743.7
06-07-2019,62844.14,26072.86,3849.14,92766.1
07-07-2019,62849.57,26098.43,3840.57,92788.6
08-07-2019,62855.0,26124.0,3832.0,92811
09-07-2019,62905.29,26118.29,3821.43,92845
10-07-2019,62955.57,26112.57,3810.86,92879
11-07-2019,63005.86,26106.86,3800.29,92913
12-07-2019,63056.14,26101.14,3789.71,92947
13-07-2019,63106.43,26095.43,3779.14,92981
14-07-2019,63156.71,26089.71,3768.57,93015
15-07-2019,63207.0,26084.0,3758.0,93049
16-07-2019,63356.0,26105.0,3743.43,93204.4
17-07-2019,63505.0,26126.0,3728.86,93359.9
18-07-2019,63654.0,26147.0,3714.29,93515.3
19-07-2019,63803.0,26168.0,3699.71,93670.7
20-07-2019,63952.0,26189.0,3685.14,93826.1
21-07-2019,64101.0,26210.0,3670.57,93981.6
22-07-2019,64250.0,26231.0,3656.0,94137
23-07-2019,64214.29,26189.0,3638.14,94041.4
24-07-2019,64178.57,26147.0,3620.29,93945.9
25-07-2019,64142.86,26105.0,3602.43,93850.3
26-07-2019,64107.14,26063.0,3584.57,93754.7
27-07-2019,64071.43,26021.0,3566.71,93659.1
28-07-2019,64035.71,25979.0,3548.86,93563.6
29-07-2019,64000.0,25937.0,3531.0,93468
30-07-2019,64001.43,25898.71,3520.0,93420.1
31-07-2019,64002.86,25860.43,3509.0,93372.3
01-08-2019,64004.29,25822.14,3498.0,93324.4
02-08-2019,64005.71,25783.86,3487.0,93276.6
03-08-2019,64007.14,25745.57,3476.0,93228.7
04-08-2019,64008.57,25707.29,3465.0,93180.9
05-08-2019,64010.0,25669.0,3454.0,93133
06-08-2019,64247.86,25696.86,3451.14,93395.9
07-08-2019,64485.71,25724.71,3448.29,93658.7
08-08-2019,64723.57,25752.57,3445.43,93921.6
09-08-2019,64961.43,25780.43,3442.57,94184.4
10-08-2019,65199.29,25808.29,3439.71,94447.3
11-08-2019,65437.14,25836.14,3436.86,94710.1
12-08-2019,65675.0,25864.0,3434.0,94973
13-08-2019,65904.43,25889.71,3426.71,95220.8
14-08-2019,66133.86,25915.43,3419.43,95468.7
15-08-2019,66363.29,25941.14,3412.14,95716.6
16-08-2019,66592.71,25966.86,3404.86,95964.4
17-08-2019,66822.14,25992.57,3397.57,96212.3
18-08-2019,67051.57,26018.29,3390.29,96460.2
19-08-2019,67281.0,26044.0,3383.0,96708
20-08-2019,67434.57,26052.57,3374.14,96861.3
21-08-2019,67588.14,26061.14,3365.29,97014.6
22-08-2019,67741.71,26069.71,3356.43,97167.9
23-08-2019,67895.29,26078.29,3347.57,97321.1
24-08-2019,68048.86,26086.86,3338.71,97474.4
25-08-2019,68202.43,26095.43,3329.86,97627.7
26-08-2019,68356.0,26104.0,3321.0,97781
27-08-2019,68469.43,26142.86,3310.29,97922.6
28-08-2019,68582.86,26181.71,3299.57,98064.1
29-08-2019,68696.29,26220.57,3288.86,98205.7
30-08-2019,68809.71,26259.43,3278.14,98347.3
31-08-2019,68923.14,26298.29,3267.43,98488.9
01-09-2019,69036.57,26337.14,3256.71,98630.4
02-09-2019,69150.0,26376.0,3246.0,98772
03-09-2019,69420.86,26439.0,3233.14,99093
04-09-2019,69691.71,26502.0,3220.29,99414
05-09-2019,69962.57,26565.0,3207.43,99735
06-09-2019,70233.43,26628.0,3194.57,100056
07-09-2019,70504.29,26691.0,3181.71,100377
08-09-2019,70775.14,26754.0,3168.86,100698
09-09-2019,71046.0,26817.0,3156.0,101019
10-09-2019,71170.0,26872.71,3142.57,101185
11-09-2019,71294.0,26928.43,3129.14,101352
12-09-2019,71418.0,26984.14,3115.71,101518
13-09-2019,71542.0,27039.86,3102.29,101684
14-09-2019,71666.0,27095.57,3088.86,101850
15-09-2019,71790.0,27151.29,3075.43,102017
16-09-2019,71914.0,27207.0,3062.0,102183
17-09-2019,71862.71,27207.14,3045.57,102115
18-09-2019,71811.43,27207.29,3029.14,102048
19-09-2019,71760.14,27207.43,3012.71,101980
20-09-2019,71708.86,27207.57,2996.29,101913
21-09-2019,71657.57,27207.71,2979.86,101845
22-09-2019,71606.29,27207.86,2963.43,101778
23-09-2019,71555.0,27208.0,2947.0,101710
24-09-2019,71439.14,27184.57,2947.29,101571
25-09-2019,71323.29,27161.14,2947.57,101432
26-09-2019,71207.43,27137.71,2947.86,101293
27-09-2019,71091.57,27114.29,2948.14,101154
28-09-2019,70975.71,27090.86,2948.43,101015
29-09-2019,70859.86,27067.43,2948.71,100876
30-09-2019,70744.0,27044.0,2949.0,100737
01-10-2019,70705.0,26985.43,2945.43,100636
02-10-2019,70666.0,26926.86,2941.86,100535
03-10-2019,70627.0,26868.29,2938.29,100434
04-10-2019,70588.0,26809.71,2934.71,100332
05-10-2019,70549.0,26751.14,2931.14,100231
06-10-2019,70510.0,26692.57,2927.57,100130
07-10-2019,70471.0,26634.0,2924.0,100029
08-10-2019,70432.86,26582.0,2922.86,99937.7
09-10-2019,70394.71,26530.0,2921.71,99846.4
10-10-2019,70356.57,26478.0,2920.57,99755.1
11-10-2019,70318.43,26426.0,2919.43,99663.9
12-10-2019,70280.29,26374.0,2918.29,99572.6
13-10-2019,70242.14,26322.0,2917.14,99481.3
14-10-2019,70204.0,26270.0,2916.0,99390
15-10-2019,70270.57,26276.43,2928.14,99475.1
16-10-2019,70337.14,26282.86,2940.29,99560.3
17-10-2019,70403.71,26289.29,2952.43,99645.4
18-10-2019,70470.29,26295.71,2964.57,99730.6
19-10-2019,70536.86,26302.14,2976.71,99815.7
20-10-2019,70603.43,26308.57,2988.86,99900.9
21-10-2019,70670.0,26315.0,3001.0,99986
22-10-2019,70499.71,26248.0,3002.43,99750.1
23-10-2019,70329.43,26181.0,3003.86,99514.3
24-10-2019,70159.14,26114.0,3005.29,99278.4
25-10-2019,69988.86,26047.0,3006.71,99042.6
26-10-2019,69818.57,25980.0,3008.14,98806.7
27-10-2019,69648.29,25913.0,3009.57,98570.9
28-10-2019,69478.0,25846.0,3011.0,98335
29-10-2019,69127.43,25708.71,3005.29,97841.4
30-10-2019,68776.86,25571.43,2999.57,97347.9
31-10-2019,68426.29,25434.14,2993.86,96854.3
01-11-2019,68075.71,25296.86,2988.14,96360.7
02-11-2019,67725.14,25159.57,2982.43,95867.1
03-11-2019,67374.57,25022.29,2976.71,95373.6
04-11-2019,67024.0,24885.0,2971.0,94880
05-11-2019,66698.29,24783.86,2977.43,94459.6
06-11-2019,66372.57,24682.71,2983.86,94039.1
07-11-2019,66046.86,24581.57,2990.29,93618.7
08-11-2019,65721.14,24480.43,2996.71,93198.3
09-11-2019,65395.43,24379.29,3003.14,92777.9
10-11-2019,65069.71,24278.14,3009.57,92357.4
11-11-2019,64744.0,24177.0,3016.0,91937
12-11-2019,64481.57,24104.14,3023.14,91608.8
13-11-2019,64219.14,24031.29,3030.29,91280.7
14-11-2019,63956.71,23958.43,3037.43,90952.6
15-11-2019,63694.29,23885.57,3044.57,90624.4
16-11-2019,63431.86,23812.71,3051.71,90296.3
17-11-2019,63169.43,23739.86,3058.86,89968.2
18-11-2019,62907.0,23667.0,3066.0,89640
19-11-2019,62594.0,23560.43,3073.0,89227.4
20-11-2019,62281.0,23453.86,3080.0,88814.9
21-11-2019,61968.0,23347.29,3087.0,88402.3
22-11-2019,61655.0,23240.71,3094.0,87989.7
23-11-2019,61342.0,23134.14,3101.0,87577.1
24-11-2019,61029.0,23027.57,3108.0,87164.6
25-11-2019,60716.0,22921.0,3115.0,86752
26-11-2019,60556.14,22850.71,3120.29,86527.1
27-11-2019,60396.29,22780.43,3125.57,86302.3
28-11-2019,60236.43,22710.14,3130.86,86077.4
29-11-2019,60076.57,22639.86,3136.14,85852.6
30-11-2019,59916.71,22569.57,3141.43,85627.7
01-12-2019,59756.86,22499.29,3146.71,85402.9
02-12-2019,59597.0,22429.0,3152.0,85178
03-12-2019,59396.14,22341.57,3155.86,84893.6
04-12-2019,59195.29,22254.14,3159.71,84609.1
05-12-2019,58994.43,22166.71,3163.57,84324.7
06-12-2019,58793.57,22079.29,3167.43,84040.3
07-12-2019,58592.71,21991.86,3171.29,83755.9
08-12-2019,58391.86,21904.43,3175.14,83471.4
09-12-2019,58191.0,21817.0,3179.0,83187
10-12-2019,57954.0,21706.57,3178.86,82839.4
11-12-2019,57717.0,21596.14,3178.71,82491.9
12-12-2019,57480.0,21485.71,3178.57,82144.3
13-12-2019,57243.0,21375.29,3178.43,81796.7
14-12-2019,57006.0,21264.86,3178.29,81449.1
15-12-2019,56769.0,21154.43,3178.14,81101.6
16-12-2019,56532.0,21044.0,3178.0,80754
17-12-2019,56489.0,21020.29,3181.81,80691.1
18-12-2019,56446.0,20996.57,3185.62,80628.2
19-12-2019,56403.0,20972.86,3189.43,80565.3
20-12-2019,56360.0,20949.14,3193.24,80502.4
21-12-2019,56317.0,20925.43,3197.05,80439.5
22-12-2019,56274.0,20901.71,3200.86,80376.6
23-12-2019,56231.0,20878.0,3204.67,80313.7
24-12-2019,56188.0,20854.29,3208.48,80250.8
25-12-2019,56145.0,20830.57,3212.29,80187.9
26-12-2019,56102.0,20806.86,3216.1,80125
27-12-2019,56059.0,20783.14,3219.9,80062
28-12-2019,56016.0,20759.43,3223.71,79999.1
29-12-2019,55973.0,20735.71,3227.52,79936.2
30-12-2019,55930.0,20712.0,3231.33,79873.3
31-12-2019,55887.0,20688.29,3235.14,79810.4
