Date,System Price
01-01-2014,28.25
02-01-2014,29.89
03-01-2014,29.3
04-01-2014,27.96
05-01-2014,29.05
06-01-2014,28.19
07-01-2014,29.16
08-01-2014,29.36
09-01-2014,29.72
10-01-2014,30.17
11-01-2014,29.82
12-01-2014,30.4
13-01-2014,39.16
14-01-2014,41.65
15-01-2014,41.6
16-01-2014,32.53
17-01-2014,34.21
18-01-2014,30.9
19-01-2014,30.7
20-01-2014,34.59
21-01-2014,42.12
22-01-2014,42.43
23-01-2014,40.4
24-01-2014,41.52
25-01-2014,32.52
26-01-2014,31.56
27-01-2014,33.02
28-01-2014,33.87
29-01-2014,34.45
30-01-2014,35.93
31-01-2014,37.15
01-02-2014,31.1
02-02-2014,30.27
03-02-2014,33.24
04-02-2014,32.41
05-02-2014,31.85
06-02-2014,31.42
07-02-2014,30.41
08-02-2014,28.84
09-02-2014,28.17
10-02-2014,31.08
11-02-2014,31.84
12-02-2014,31.42
13-02-2014,31.0
14-02-2014,31.02
15-02-2014,27.74
16-02-2014,27.64
17-02-2014,30.47
18-02-2014,31.67
19-02-2014,33.79
20-02-2014,32.01
21-02-2014,29.79
22-02-2014,27.72
23-02-2014,26.18
24-02-2014,27.55
25-02-2014,28.2
26-02-2014,30.18
27-02-2014,29.63
28-02-2014,29.83
01-03-2014,28.89
02-03-2014,27.79
03-03-2014,28.17
04-03-2014,30.61
05-03-2014,31.27
06-03-2014,28.57
07-03-2014,26.37
08-03-2014,25.62
09-03-2014,23.53
10-03-2014,26.51
11-03-2014,27.21
12-03-2014,26.99
13-03-2014,27.19
14-03-2014,26.35
15-03-2014,23.47
16-03-2014,23.98
17-03-2014,25.9
18-03-2014,26.85
19-03-2014,25.54
20-03-2014,24.43
21-03-2014,23.49
22-03-2014,24.13
23-03-2014,23.76
24-03-2014,27.59
25-03-2014,27.32
26-03-2014,27.33
27-03-2014,28.08
28-03-2014,28.57
29-03-2014,27.09
30-03-2014,26.78
31-03-2014,29.47
01-04-2014,31.66
02-04-2014,31.3
03-04-2014,29.77
04-04-2014,28.07
05-04-2014,27.09
06-04-2014,25.85
07-04-2014,28.1
08-04-2014,25.96
09-04-2014,25.51
10-04-2014,29.17
11-04-2014,26.82
12-04-2014,24.18
13-04-2014,19.39
14-04-2014,22.95
15-04-2014,24.1
16-04-2014,25.75
17-04-2014,23.27
18-04-2014,23.31
19-04-2014,24.0
20-04-2014,21.76
21-04-2014,21.94
22-04-2014,24.14
23-04-2014,24.04
24-04-2014,25.56
25-04-2014,26.02
26-04-2014,24.15
27-04-2014,22.13
28-04-2014,25.96
29-04-2014,26.02
30-04-2014,27.73
01-05-2014,23.38
02-05-2014,26.2
03-05-2014,24.68
04-05-2014,25.35
05-05-2014,29.78
06-05-2014,28.96
07-05-2014,29.79
08-05-2014,30.66
09-05-2014,30.83
10-05-2014,26.69
11-05-2014,26.42
12-05-2014,32.66
13-05-2014,32.09
14-05-2014,31.72
15-05-2014,30.95
16-05-2014,28.5
17-05-2014,23.48
18-05-2014,22.08
19-05-2014,27.64
20-05-2014,27.69
21-05-2014,26.36
22-05-2014,24.31
23-05-2014,24.63
24-05-2014,18.77
25-05-2014,17.56
26-05-2014,28.08
27-05-2014,25.88
28-05-2014,25.24
29-05-2014,20.86
30-05-2014,25.56
31-05-2014,18.64
01-06-2014,19.35
02-06-2014,28.42
03-06-2014,28.98
04-06-2014,28.31
05-06-2014,26.11
06-06-2014,24.6
07-06-2014,20.55
08-06-2014,18.87
09-06-2014,23.27
10-06-2014,25.68
11-06-2014,26.62
12-06-2014,26.63
13-06-2014,22.34
14-06-2014,18.72
15-06-2014,18.9
16-06-2014,25.44
17-06-2014,27.96
18-06-2014,26.85
19-06-2014,23.62
20-06-2014,22.17
21-06-2014,20.71
22-06-2014,20.19
23-06-2014,26.69
24-06-2014,30.25
25-06-2014,30.86
26-06-2014,30.7
27-06-2014,29.68
28-06-2014,27.13
29-06-2014,26.02
30-06-2014,30.11
01-07-2014,30.5
02-07-2014,29.63
03-07-2014,27.66
04-07-2014,27.94
05-07-2014,26.44
06-07-2014,24.78
07-07-2014,27.91
08-07-2014,27.18
09-07-2014,25.98
10-07-2014,27.47
11-07-2014,27.94
12-07-2014,26.79
13-07-2014,24.84
14-07-2014,27.44
15-07-2014,28.88
16-07-2014,29.3
17-07-2014,29.3
18-07-2014,28.94
19-07-2014,27.66
20-07-2014,24.87
21-07-2014,28.14
22-07-2014,29.23
23-07-2014,29.71
24-07-2014,29.51
25-07-2014,29.93
26-07-2014,30.39
27-07-2014,29.98
28-07-2014,31.68
29-07-2014,31.85
30-07-2014,31.33
31-07-2014,31.04
01-08-2014,31.03
02-08-2014,29.24
03-08-2014,29.51
04-08-2014,31.89
05-08-2014,32.21
06-08-2014,32.46
07-08-2014,32.66
08-08-2014,32.46
09-08-2014,29.06
10-08-2014,28.83
11-08-2014,29.73
12-08-2014,31.66
13-08-2014,32.61
14-08-2014,32.75
15-08-2014,32.87
16-08-2014,30.61
17-08-2014,29.73
18-08-2014,32.57
19-08-2014,33.12
20-08-2014,32.74
21-08-2014,33.09
22-08-2014,32.97
23-08-2014,30.76
24-08-2014,30.43
25-08-2014,33.84
26-08-2014,36.32
27-08-2014,35.23
28-08-2014,34.59
29-08-2014,33.84
30-08-2014,32.53
31-08-2014,32.87
01-09-2014,34.95
02-09-2014,35.66
03-09-2014,34.96
04-09-2014,34.46
05-09-2014,35.42
06-09-2014,33.76
07-09-2014,33.69
08-09-2014,34.71
09-09-2014,34.51
10-09-2014,34.74
11-09-2014,34.94
12-09-2014,34.61
13-09-2014,34.07
14-09-2014,33.69
15-09-2014,36.44
16-09-2014,37.57
17-09-2014,36.56
18-09-2014,36.71
19-09-2014,36.6
20-09-2014,35.09
21-09-2014,33.72
22-09-2014,34.25
23-09-2014,37.22
24-09-2014,36.45
25-09-2014,35.12
26-09-2014,33.62
27-09-2014,31.86
28-09-2014,32.33
29-09-2014,34.02
30-09-2014,35.58
01-10-2014,35.45
02-10-2014,35.45
03-10-2014,33.59
04-10-2014,32.01
05-10-2014,31.83
06-10-2014,32.37
07-10-2014,32.03
08-10-2014,32.4
09-10-2014,32.8
10-10-2014,32.29
11-10-2014,32.69
12-10-2014,32.41
13-10-2014,33.86
14-10-2014,34.21
15-10-2014,33.97
16-10-2014,34.19
17-10-2014,33.45
18-10-2014,31.52
19-10-2014,28.55
20-10-2014,28.66
21-10-2014,30.98
22-10-2014,30.73
23-10-2014,31.12
24-10-2014,28.27
25-10-2014,26.06
26-10-2014,21.21
27-10-2014,22.68
28-10-2014,21.39
29-10-2014,25.01
30-10-2014,28.77
31-10-2014,29.43
01-11-2014,23.18
02-11-2014,18.68
03-11-2014,22.08
04-11-2014,26.13
05-11-2014,30.03
06-11-2014,31.0
07-11-2014,30.56
08-11-2014,27.33
09-11-2014,25.72
10-11-2014,29.42
11-11-2014,30.14
12-11-2014,29.96
13-11-2014,31.13
14-11-2014,30.73
15-11-2014,28.87
16-11-2014,28.01
17-11-2014,30.89
18-11-2014,31.83
19-11-2014,33.35
20-11-2014,34.13
21-11-2014,34.36
22-11-2014,32.13
23-11-2014,30.2
24-11-2014,30.56
25-11-2014,33.23
26-11-2014,33.73
27-11-2014,32.88
28-11-2014,32.18
29-11-2014,31.71
30-11-2014,31.88
01-12-2014,32.95
02-12-2014,33.88
03-12-2014,34.29
04-12-2014,35.36
05-12-2014,33.26
06-12-2014,32.0
07-12-2014,30.36
08-12-2014,32.33
09-12-2014,33.3
10-12-2014,30.34
11-12-2014,30.53
12-12-2014,30.99
13-12-2014,30.59
14-12-2014,30.39
15-12-2014,30.43
16-12-2014,31.44
17-12-2014,32.22
18-12-2014,31.44
19-12-2014,30.31
20-12-2014,28.99
21-12-2014,29.43
22-12-2014,29.24
23-12-2014,29.49
24-12-2014,29.45
25-12-2014,29.92
26-12-2014,31.08
27-12-2014,31.48
28-12-2014,32.94
29-12-2014,42.91
30-12-2014,31.35
31-12-2014,29.09
01-01-2015,26.99
02-01-2015,26.45
03-01-2015,26.81
04-01-2015,28.12
05-01-2015,36.55
06-01-2015,29.72
07-01-2015,30.55
08-01-2015,28.16
09-01-2015,27.79
10-01-2015,26.48
11-01-2015,25.82
12-01-2015,29.3
13-01-2015,29.67
14-01-2015,29.69
15-01-2015,28.09
16-01-2015,27.97
17-01-2015,28.09
18-01-2015,28.15
19-01-2015,34.36
20-01-2015,35.54
21-01-2015,38.88
22-01-2015,39.73
23-01-2015,39.56
24-01-2015,28.43
25-01-2015,28.7
26-01-2015,29.15
27-01-2015,29.73
28-01-2015,27.81
29-01-2015,27.74
30-01-2015,30.44
31-01-2015,28.05
01-02-2015,27.83
02-02-2015,32.95
03-02-2015,37.28
04-02-2015,43.21
05-02-2015,36.48
06-02-2015,30.94
07-02-2015,26.75
08-02-2015,26.78
09-02-2015,28.44
10-02-2015,28.53
11-02-2015,32.2
12-02-2015,32.78
13-02-2015,31.37
14-02-2015,27.51
15-02-2015,26.45
16-02-2015,27.9
17-02-2015,29.32
18-02-2015,27.36
19-02-2015,26.13
20-02-2015,25.83
21-02-2015,25.92
22-02-2015,25.62
23-02-2015,25.68
24-02-2015,26.04
25-02-2015,26.68
26-02-2015,26.33
27-02-2015,25.76
28-02-2015,25.3
01-03-2015,22.82
02-03-2015,25.32
03-03-2015,25.76
04-03-2015,26.62
05-03-2015,28.67
06-03-2015,26.37
07-03-2015,22.59
08-03-2015,21.32
09-03-2015,25.35
10-03-2015,24.56
11-03-2015,26.08
12-03-2015,27.36
13-03-2015,25.75
14-03-2015,24.33
15-03-2015,24.13
16-03-2015,24.65
17-03-2015,25.26
18-03-2015,26.66
19-03-2015,26.42
20-03-2015,26.44
21-03-2015,24.22
22-03-2015,24.33
23-03-2015,25.03
24-03-2015,28.26
25-03-2015,27.53
26-03-2015,25.92
27-03-2015,26.7
28-03-2015,24.41
29-03-2015,23.19
30-03-2015,24.52
31-03-2015,24.93
01-04-2015,25.06
02-04-2015,25.13
03-04-2015,24.73
04-04-2015,25.57
05-04-2015,25.23
06-04-2015,25.4
07-04-2015,26.07
08-04-2015,25.75
09-04-2015,26.7
10-04-2015,26.36
11-04-2015,24.66
12-04-2015,21.86
13-04-2015,24.02
14-04-2015,26.42
15-04-2015,25.76
16-04-2015,25.49
17-04-2015,25.98
18-04-2015,24.2
19-04-2015,23.62
20-04-2015,25.87
21-04-2015,24.99
22-04-2015,24.56
23-04-2015,22.28
24-04-2015,24.93
25-04-2015,23.15
26-04-2015,22.57
27-04-2015,29.66
28-04-2015,29.29
29-04-2015,26.5
30-04-2015,27.34
01-05-2015,24.75
02-05-2015,24.14
03-05-2015,23.91
04-05-2015,27.27
05-05-2015,25.76
06-05-2015,24.32
07-05-2015,23.41
08-05-2015,24.51
09-05-2015,20.12
10-05-2015,18.81
11-05-2015,23.13
12-05-2015,23.24
13-05-2015,20.59
14-05-2015,18.88
15-05-2015,21.97
16-05-2015,20.0
17-05-2015,14.14
18-05-2015,26.3
19-05-2015,25.09
20-05-2015,28.09
21-05-2015,28.98
22-05-2015,23.09
23-05-2015,18.23
24-05-2015,19.78
25-05-2015,22.27
26-05-2015,24.46
27-05-2015,22.68
28-05-2015,22.88
29-05-2015,21.19
30-05-2015,16.77
31-05-2015,13.51
01-06-2015,19.47
02-06-2015,16.47
03-06-2015,15.77
04-06-2015,18.75
05-06-2015,17.17
06-06-2015,10.09
07-06-2015,8.39
08-06-2015,17.67
09-06-2015,18.55
10-06-2015,17.22
11-06-2015,16.47
12-06-2015,15.08
13-06-2015,9.94
14-06-2015,8.01
15-06-2015,12.7
16-06-2015,14.45
17-06-2015,14.4
18-06-2015,11.1
19-06-2015,10.54
20-06-2015,9.31
21-06-2015,11.42
22-06-2015,17.27
23-06-2015,16.31
24-06-2015,11.83
25-06-2015,13.17
26-06-2015,17.26
27-06-2015,15.33
28-06-2015,15.12
29-06-2015,17.15
30-06-2015,16.57
01-07-2015,15.94
02-07-2015,11.74
03-07-2015,11.14
04-07-2015,9.91
05-07-2015,11.27
06-07-2015,11.03
07-07-2015,10.79
08-07-2015,8.83
09-07-2015,6.23
10-07-2015,6.3
11-07-2015,9.06
12-07-2015,8.43
13-07-2015,11.51
14-07-2015,12.12
15-07-2015,10.23
16-07-2015,12.33
17-07-2015,10.37
18-07-2015,6.95
19-07-2015,9.23
20-07-2015,10.58
21-07-2015,9.31
22-07-2015,10.29
23-07-2015,9.73
24-07-2015,10.28
25-07-2015,7.08
26-07-2015,3.88
27-07-2015,9.66
28-07-2015,9.88
29-07-2015,7.98
30-07-2015,7.48
31-07-2015,6.43
01-08-2015,6.71
02-08-2015,7.52
03-08-2015,9.25
04-08-2015,8.57
05-08-2015,9.0
06-08-2015,8.65
07-08-2015,8.3
08-08-2015,6.34
09-08-2015,7.84
10-08-2015,11.66
11-08-2015,10.46
12-08-2015,11.66
13-08-2015,12.65
14-08-2015,10.82
15-08-2015,10.96
16-08-2015,11.13
17-08-2015,11.88
18-08-2015,12.86
19-08-2015,17.73
20-08-2015,21.41
21-08-2015,19.93
22-08-2015,17.44
23-08-2015,16.08
24-08-2015,19.95
25-08-2015,18.18
26-08-2015,18.31
27-08-2015,16.03
28-08-2015,16.13
29-08-2015,13.92
30-08-2015,15.26
31-08-2015,18.05
01-09-2015,16.46
02-09-2015,16.1
03-09-2015,17.75
04-09-2015,19.34
05-09-2015,15.18
06-09-2015,11.05
07-09-2015,20.62
08-09-2015,21.49
09-09-2015,21.57
10-09-2015,21.83
11-09-2015,20.13
12-09-2015,16.37
13-09-2015,17.05
14-09-2015,19.25
15-09-2015,18.6
16-09-2015,20.33
17-09-2015,18.75
18-09-2015,14.67
19-09-2015,13.21
20-09-2015,14.9
21-09-2015,20.88
22-09-2015,18.53
23-09-2015,18.92
24-09-2015,16.71
25-09-2015,15.26
26-09-2015,14.58
27-09-2015,14.69
28-09-2015,17.72
29-09-2015,16.49
30-09-2015,15.16
01-10-2015,13.54
02-10-2015,11.75
03-10-2015,12.72
04-10-2015,13.61
05-10-2015,16.18
06-10-2015,13.84
07-10-2015,15.61
08-10-2015,19.74
09-10-2015,21.78
10-10-2015,20.79
11-10-2015,20.21
12-10-2015,23.08
13-10-2015,22.89
14-10-2015,23.27
15-10-2015,23.59
16-10-2015,23.92
17-10-2015,23.34
18-10-2015,23.77
19-10-2015,30.57
20-10-2015,30.47
21-10-2015,25.11
22-10-2015,23.85
23-10-2015,23.89
24-10-2015,23.84
25-10-2015,23.09
26-10-2015,26.66
27-10-2015,26.86
28-10-2015,26.66
29-10-2015,29.37
30-10-2015,27.29
31-10-2015,24.84
01-11-2015,24.52
02-11-2015,25.41
03-11-2015,25.91
04-11-2015,25.83
05-11-2015,26.06
06-11-2015,25.74
07-11-2015,23.15
08-11-2015,22.44
09-11-2015,22.91
10-11-2015,22.71
11-11-2015,24.23
12-11-2015,24.28
13-11-2015,23.28
14-11-2015,20.67
15-11-2015,22.65
16-11-2015,23.92
17-11-2015,24.76
18-11-2015,24.34
19-11-2015,24.83
20-11-2015,27.5
21-11-2015,24.91
22-11-2015,24.36
23-11-2015,41.14
24-11-2015,25.72
25-11-2015,31.0
26-11-2015,28.24
27-11-2015,22.72
28-11-2015,20.68
29-11-2015,19.59
30-11-2015,22.73
01-12-2015,23.83
02-12-2015,25.32
03-12-2015,24.6
04-12-2015,20.71
05-12-2015,16.06
06-12-2015,12.78
07-12-2015,21.14
08-12-2015,21.86
09-12-2015,19.68
10-12-2015,18.62
11-12-2015,20.08
12-12-2015,19.79
13-12-2015,21.96
14-12-2015,34.0
15-12-2015,27.81
16-12-2015,30.16
17-12-2015,26.69
18-12-2015,18.51
19-12-2015,15.53
20-12-2015,12.82
21-12-2015,13.46
22-12-2015,12.94
23-12-2015,11.89
24-12-2015,10.51
25-12-2015,8.74
26-12-2015,11.97
27-12-2015,13.83
28-12-2015,21.19
29-12-2015,16.44
30-12-2015,16.01
31-12-2015,15.47
01-01-2016,16.61
02-01-2016,15.7
03-01-2016,16.8
04-01-2016,19.21
05-01-2016,22.88
06-01-2016,30.09
07-01-2016,38.94
08-01-2016,32.76
09-01-2016,26.64
10-01-2016,22.1
11-01-2016,33.38
12-01-2016,31.33
13-01-2016,33.59
14-01-2016,43.04
15-01-2016,41.92
16-01-2016,26.94
17-01-2016,25.45
18-01-2016,49.26
19-01-2016,55.36
20-01-2016,50.38
21-01-2016,80.99
22-01-2016,37.5
23-01-2016,24.58
24-01-2016,22.56
25-01-2016,26.42
26-01-2016,18.5
27-01-2016,17.08
28-01-2016,17.16
29-01-2016,16.72
30-01-2016,14.85
31-01-2016,16.56
01-02-2016,19.23
02-02-2016,17.22
03-02-2016,18.39
04-02-2016,18.69
05-02-2016,23.01
06-02-2016,16.24
07-02-2016,14.95
08-02-2016,15.48
09-02-2016,17.18
10-02-2016,20.02
11-02-2016,20.55
12-02-2016,21.81
13-02-2016,18.83
14-02-2016,17.51
15-02-2016,22.9
16-02-2016,26.86
17-02-2016,18.75
18-02-2016,24.14
19-02-2016,21.34
20-02-2016,16.77
21-02-2016,16.22
22-02-2016,18.61
23-02-2016,19.75
24-02-2016,20.42
25-02-2016,25.89
26-02-2016,23.86
27-02-2016,19.64
28-02-2016,19.04
29-02-2016,24.91
01-03-2016,20.57
02-03-2016,23.95
03-03-2016,25.56
04-03-2016,23.78
05-03-2016,20.1
06-03-2016,19.79
07-03-2016,23.45
08-03-2016,25.45
09-03-2016,24.28
10-03-2016,25.01
11-03-2016,26.74
12-03-2016,22.54
13-03-2016,21.52
14-03-2016,22.58
15-03-2016,22.23
16-03-2016,21.76
17-03-2016,21.89
18-03-2016,21.83
19-03-2016,21.44
20-03-2016,20.38
21-03-2016,21.71
22-03-2016,21.86
23-03-2016,21.74
24-03-2016,21.32
25-03-2016,20.58
26-03-2016,19.53
27-03-2016,16.88
28-03-2016,16.81
29-03-2016,19.88
30-03-2016,21.78
31-03-2016,22.42
01-04-2016,22.87
02-04-2016,20.54
03-04-2016,19.77
04-04-2016,23.11
05-04-2016,22.69
06-04-2016,20.99
07-04-2016,20.24
08-04-2016,21.58
09-04-2016,21.25
10-04-2016,20.44
11-04-2016,22.92
12-04-2016,22.18
13-04-2016,24.29
14-04-2016,23.97
15-04-2016,22.52
16-04-2016,20.68
17-04-2016,18.97
18-04-2016,21.18
19-04-2016,20.58
20-04-2016,21.7
21-04-2016,21.82
22-04-2016,21.75
23-04-2016,21.71
24-04-2016,21.45
25-04-2016,24.93
26-04-2016,24.83
27-04-2016,24.23
28-04-2016,25.38
29-04-2016,22.65
30-04-2016,22.45
01-05-2016,21.67
02-05-2016,24.18
03-05-2016,24.1
04-05-2016,25.05
05-05-2016,21.32
06-05-2016,21.84
07-05-2016,18.55
08-05-2016,16.25
09-05-2016,21.21
10-05-2016,23.82
11-05-2016,24.25
12-05-2016,23.32
13-05-2016,25.06
14-05-2016,20.32
15-05-2016,20.04
16-05-2016,22.42
17-05-2016,24.73
18-05-2016,27.46
19-05-2016,29.39
20-05-2016,25.08
21-05-2016,23.03
22-05-2016,22.11
23-05-2016,24.25
24-05-2016,23.95
25-05-2016,24.14
26-05-2016,25.17
27-05-2016,25.92
28-05-2016,23.05
29-05-2016,20.84
30-05-2016,22.56
31-05-2016,24.28
01-06-2016,25.56
02-06-2016,24.63
03-06-2016,24.52
04-06-2016,22.85
05-06-2016,22.3
06-06-2016,26.92
07-06-2016,27.4
08-06-2016,26.56
09-06-2016,27.05
10-06-2016,26.49
11-06-2016,25.7
12-06-2016,25.26
13-06-2016,27.85
14-06-2016,27.69
15-06-2016,28.63
16-06-2016,28.65
17-06-2016,27.72
18-06-2016,24.71
19-06-2016,23.67
20-06-2016,27.58
21-06-2016,27.78
22-06-2016,28.17
23-06-2016,27.94
24-06-2016,27.0
25-06-2016,25.46
26-06-2016,23.76
27-06-2016,28.41
28-06-2016,29.67
29-06-2016,28.84
30-06-2016,27.15
01-07-2016,25.32
02-07-2016,21.54
03-07-2016,21.16
04-07-2016,25.94
05-07-2016,24.91
06-07-2016,22.18
07-07-2016,25.07
08-07-2016,25.66
09-07-2016,23.57
10-07-2016,23.63
11-07-2016,24.85
12-07-2016,25.51
13-07-2016,26.16
14-07-2016,25.48
15-07-2016,24.79
16-07-2016,24.51
17-07-2016,23.66
18-07-2016,26.5
19-07-2016,27.84
20-07-2016,27.0
21-07-2016,27.6
22-07-2016,27.15
23-07-2016,26.13
24-07-2016,25.6
25-07-2016,27.81
26-07-2016,27.22
27-07-2016,27.06
28-07-2016,26.33
29-07-2016,26.1
30-07-2016,24.61
31-07-2016,23.95
01-08-2016,25.6
02-08-2016,26.37
03-08-2016,25.41
04-08-2016,24.54
05-08-2016,25.6
06-08-2016,22.74
07-08-2016,20.81
08-08-2016,22.27
09-08-2016,23.23
10-08-2016,25.02
11-08-2016,26.08
12-08-2016,24.97
13-08-2016,20.68
14-08-2016,22.0
15-08-2016,25.54
16-08-2016,25.65
17-08-2016,26.75
18-08-2016,26.27
19-08-2016,27.49
20-08-2016,24.98
21-08-2016,23.63
22-08-2016,28.51
23-08-2016,27.47
24-08-2016,27.73
25-08-2016,26.92
26-08-2016,25.86
27-08-2016,23.33
28-08-2016,23.02
29-08-2016,26.83
30-08-2016,28.43
31-08-2016,26.72
01-09-2016,25.51
02-09-2016,24.89
03-09-2016,23.76
04-09-2016,22.91
05-09-2016,26.72
06-09-2016,25.98
07-09-2016,24.88
08-09-2016,26.13
09-09-2016,25.43
10-09-2016,24.27
11-09-2016,23.01
12-09-2016,25.61
13-09-2016,25.8
14-09-2016,26.09
15-09-2016,25.86
16-09-2016,24.66
17-09-2016,23.99
18-09-2016,23.74
19-09-2016,28.07
20-09-2016,27.28
21-09-2016,27.35
22-09-2016,26.56
23-09-2016,26.09
24-09-2016,24.86
25-09-2016,23.5
26-09-2016,27.18
27-09-2016,25.99
28-09-2016,23.02
29-09-2016,23.26
30-09-2016,23.39
01-10-2016,25.35
02-10-2016,25.76
03-10-2016,27.45
04-10-2016,27.6
05-10-2016,27.71
06-10-2016,28.28
07-10-2016,28.87
08-10-2016,28.94
09-10-2016,29.29
10-10-2016,32.71
11-10-2016,32.23
12-10-2016,33.18
13-10-2016,33.56
14-10-2016,31.44
15-10-2016,29.82
16-10-2016,30.8
17-10-2016,32.97
18-10-2016,34.7
19-10-2016,35.58
20-10-2016,36.87
21-10-2016,35.24
22-10-2016,34.2
23-10-2016,34.23
24-10-2016,38.17
25-10-2016,40.99
26-10-2016,40.05
27-10-2016,37.04
28-10-2016,33.65
29-10-2016,32.66
30-10-2016,35.77
31-10-2016,41.01
01-11-2016,36.29
02-11-2016,37.36
03-11-2016,41.72
04-11-2016,40.07
05-11-2016,38.47
06-11-2016,36.93
07-11-2016,42.59
08-11-2016,47.8
09-11-2016,46.65
10-11-2016,47.03
11-11-2016,45.85
12-11-2016,39.94
13-11-2016,38.83
14-11-2016,39.87
15-11-2016,38.89
16-11-2016,39.29
17-11-2016,37.3
18-11-2016,36.05
19-11-2016,34.97
20-11-2016,34.31
21-11-2016,37.44
22-11-2016,38.2
23-11-2016,38.36
24-11-2016,38.0
25-11-2016,36.96
26-11-2016,32.53
27-11-2016,32.52
28-11-2016,39.08
29-11-2016,36.95
30-11-2016,34.52
01-12-2016,34.08
02-12-2016,35.65
03-12-2016,35.9
04-12-2016,34.31
05-12-2016,34.91
06-12-2016,41.9
07-12-2016,33.46
08-12-2016,30.85
09-12-2016,30.45
10-12-2016,30.09
11-12-2016,30.23
12-12-2016,36.55
13-12-2016,33.92
14-12-2016,36.68
15-12-2016,35.54
16-12-2016,36.55
17-12-2016,32.48
18-12-2016,31.65
19-12-2016,32.99
20-12-2016,31.98
21-12-2016,29.81
22-12-2016,29.28
23-12-2016,27.87
24-12-2016,25.59
25-12-2016,24.94
26-12-2016,24.54
27-12-2016,26.66
28-12-2016,30.63
29-12-2016,30.28
30-12-2016,29.1
31-12-2016,26.76
01-01-2017,28.14
02-01-2017,32.53
03-01-2017,31.59
04-01-2017,30.67
05-01-2017,39.11
06-01-2017,32.14
07-01-2017,30.3
08-01-2017,30.69
09-01-2017,30.9
10-01-2017,29.64
11-01-2017,27.72
12-01-2017,28.13
13-01-2017,32.78
14-01-2017,30.24
15-01-2017,30.47
16-01-2017,42.69
17-01-2017,32.76
18-01-2017,29.6
19-01-2017,28.73
20-01-2017,28.59
21-01-2017,28.43
22-01-2017,28.76
23-01-2017,29.37
24-01-2017,31.47
25-01-2017,29.56
26-01-2017,29.7
27-01-2017,30.35
28-01-2017,29.18
29-01-2017,28.44
30-01-2017,30.57
31-01-2017,31.99
01-02-2017,31.33
02-02-2017,31.43
03-02-2017,32.45
04-02-2017,31.61
05-02-2017,31.45
06-02-2017,33.37
07-02-2017,35.41
08-02-2017,39.05
09-02-2017,43.95
10-02-2017,36.94
11-02-2017,32.14
12-02-2017,31.37
13-02-2017,32.87
14-02-2017,33.36
15-02-2017,35.77
16-02-2017,31.5
17-02-2017,31.26
18-02-2017,30.22
19-02-2017,28.95
20-02-2017,29.78
21-02-2017,30.1
22-02-2017,29.18
23-02-2017,29.82
24-02-2017,30.68
25-02-2017,30.2
26-02-2017,29.13
27-02-2017,30.59
28-02-2017,29.87
01-03-2017,30.84
02-03-2017,30.8
03-03-2017,31.49
04-03-2017,30.34
05-03-2017,29.81
06-03-2017,32.99
07-03-2017,39.29
08-03-2017,33.11
09-03-2017,32.07
10-03-2017,31.37
11-03-2017,30.65
12-03-2017,28.75
13-03-2017,31.42
14-03-2017,29.5
15-03-2017,28.53
16-03-2017,29.95
17-03-2017,28.17
18-03-2017,28.21
19-03-2017,28.64
20-03-2017,30.42
21-03-2017,28.76
22-03-2017,29.78
23-03-2017,30.77
24-03-2017,30.61
25-03-2017,28.03
26-03-2017,27.45
27-03-2017,29.47
28-03-2017,31.17
29-03-2017,30.63
30-03-2017,30.15
31-03-2017,29.19
01-04-2017,27.16
02-04-2017,27.24
03-04-2017,30.73
04-04-2017,28.36
05-04-2017,27.24
06-04-2017,27.85
07-04-2017,27.92
08-04-2017,27.93
09-04-2017,26.12
10-04-2017,25.92
11-04-2017,25.6
12-04-2017,27.18
13-04-2017,27.23
14-04-2017,27.87
15-04-2017,27.8
16-04-2017,28.47
17-04-2017,28.44
18-04-2017,32.55
19-04-2017,33.49
20-04-2017,29.49
21-04-2017,26.99
22-04-2017,25.81
23-04-2017,27.4
24-04-2017,30.68
25-04-2017,34.45
26-04-2017,37.24
27-04-2017,35.82
28-04-2017,35.26
29-04-2017,30.41
30-04-2017,28.34
01-05-2017,27.19
02-05-2017,30.55
03-05-2017,30.52
04-05-2017,29.59
05-05-2017,30.17
06-05-2017,30.09
07-05-2017,28.31
08-05-2017,30.09
09-05-2017,34.75
10-05-2017,36.33
11-05-2017,33.7
12-05-2017,31.16
13-05-2017,30.0
14-05-2017,28.45
15-05-2017,31.86
16-05-2017,30.16
17-05-2017,27.85
18-05-2017,27.54
19-05-2017,28.0
20-05-2017,23.82
21-05-2017,18.94
22-05-2017,27.88
23-05-2017,26.89
24-05-2017,26.12
25-05-2017,24.91
26-05-2017,26.46
27-05-2017,25.22
28-05-2017,21.01
29-05-2017,28.27
30-05-2017,29.76
31-05-2017,26.73
01-06-2017,27.6
02-06-2017,28.73
03-06-2017,26.42
04-06-2017,24.63
05-06-2017,25.45
06-06-2017,22.56
07-06-2017,19.57
08-06-2017,24.15
09-06-2017,26.99
10-06-2017,24.8
11-06-2017,21.2
12-06-2017,23.08
13-06-2017,22.87
14-06-2017,27.29
15-06-2017,26.48
16-06-2017,24.02
17-06-2017,21.84
18-06-2017,23.73
19-06-2017,26.06
20-06-2017,25.49
21-06-2017,26.65
22-06-2017,27.56
23-06-2017,25.21
24-06-2017,22.48
25-06-2017,19.98
26-06-2017,23.46
27-06-2017,25.44
28-06-2017,25.35
29-06-2017,24.89
30-06-2017,24.34
01-07-2017,24.15
02-07-2017,22.97
03-07-2017,24.8
04-07-2017,26.09
05-07-2017,27.3
06-07-2017,28.12
07-07-2017,28.14
08-07-2017,27.16
09-07-2017,27.0
10-07-2017,27.93
11-07-2017,27.66
12-07-2017,27.57
13-07-2017,26.56
14-07-2017,27.36
15-07-2017,26.77
16-07-2017,25.32
17-07-2017,25.57
18-07-2017,25.76
19-07-2017,26.08
20-07-2017,26.72
21-07-2017,27.39
22-07-2017,26.93
23-07-2017,25.61
24-07-2017,27.45
25-07-2017,27.3
26-07-2017,26.56
27-07-2017,27.3
28-07-2017,27.24
29-07-2017,22.27
30-07-2017,23.66
31-07-2017,26.66
01-08-2017,27.03
02-08-2017,27.3
03-08-2017,26.23
04-08-2017,24.52
05-08-2017,23.61
06-08-2017,20.45
07-08-2017,26.72
08-08-2017,26.68
09-08-2017,25.8
10-08-2017,26.56
11-08-2017,26.8
12-08-2017,23.38
13-08-2017,21.85
14-08-2017,27.29
15-08-2017,27.11
16-08-2017,27.5
17-08-2017,27.16
18-08-2017,27.02
19-08-2017,25.07
20-08-2017,23.92
21-08-2017,27.39
22-08-2017,29.39
23-08-2017,31.63
24-08-2017,30.81
25-08-2017,30.17
26-08-2017,29.53
27-08-2017,29.85
28-08-2017,34.97
29-08-2017,32.41
30-08-2017,33.17
31-08-2017,33.63
01-09-2017,33.71
02-09-2017,31.99
03-09-2017,31.37
04-09-2017,34.43
05-09-2017,34.69
06-09-2017,33.5
07-09-2017,32.94
08-09-2017,31.19
09-09-2017,29.93
10-09-2017,28.6
11-09-2017,28.7
12-09-2017,29.5
13-09-2017,29.83
14-09-2017,30.46
15-09-2017,31.23
16-09-2017,31.34
17-09-2017,31.31
18-09-2017,33.82
19-09-2017,33.2
20-09-2017,33.56
21-09-2017,33.45
22-09-2017,32.09
23-09-2017,30.81
24-09-2017,30.64
25-09-2017,31.26
26-09-2017,31.77
27-09-2017,32.25
28-09-2017,31.3
29-09-2017,30.64
30-09-2017,28.1
01-10-2017,27.03
02-10-2017,25.93
03-10-2017,25.86
04-10-2017,24.4
05-10-2017,28.31
06-10-2017,30.14
07-10-2017,27.78
08-10-2017,28.7
09-10-2017,34.41
10-10-2017,31.83
11-10-2017,31.92
12-10-2017,28.69
13-10-2017,30.42
14-10-2017,26.89
15-10-2017,26.48
16-10-2017,27.33
17-10-2017,27.67
18-10-2017,29.75
19-10-2017,31.67
20-10-2017,30.72
21-10-2017,28.9
22-10-2017,28.87
23-10-2017,32.21
24-10-2017,30.83
25-10-2017,28.55
26-10-2017,29.57
27-10-2017,28.42
28-10-2017,23.89
29-10-2017,22.0
30-10-2017,27.59
31-10-2017,31.7
01-11-2017,28.9
02-11-2017,27.85
03-11-2017,29.47
04-11-2017,27.72
05-11-2017,27.33
06-11-2017,29.93
07-11-2017,30.9
08-11-2017,32.03
09-11-2017,29.38
10-11-2017,29.31
11-11-2017,28.7
12-11-2017,29.99
13-11-2017,34.46
14-11-2017,32.27
15-11-2017,31.63
16-11-2017,31.13
17-11-2017,29.29
18-11-2017,28.15
19-11-2017,28.53
20-11-2017,39.22
21-11-2017,44.49
22-11-2017,31.38
23-11-2017,28.6
24-11-2017,31.64
25-11-2017,30.57
26-11-2017,28.63
27-11-2017,32.9
28-11-2017,37.25
29-11-2017,51.88
30-11-2017,44.68
01-12-2017,40.67
02-12-2017,30.47
03-12-2017,29.15
04-12-2017,34.88
05-12-2017,31.1
06-12-2017,31.31
07-12-2017,28.71
08-12-2017,27.95
09-12-2017,27.17
10-12-2017,28.34
11-12-2017,40.57
12-12-2017,33.27
13-12-2017,29.55
14-12-2017,30.71
15-12-2017,37.71
16-12-2017,31.12
17-12-2017,30.55
18-12-2017,37.69
19-12-2017,42.02
20-12-2017,32.69
21-12-2017,29.52
22-12-2017,29.21
23-12-2017,23.5
24-12-2017,24.55
25-12-2017,25.63
26-12-2017,25.72
27-12-2017,30.28
28-12-2017,32.17
29-12-2017,28.69
30-12-2017,26.93
31-12-2017,26.66
01-01-2018,25.77
02-01-2018,31.95
03-01-2018,28.58
04-01-2018,32.28
05-01-2018,31.96
06-01-2018,31.55
07-01-2018,28.49
08-01-2018,31.94
09-01-2018,30.61
10-01-2018,40.06
11-01-2018,42.31
12-01-2018,35.96
13-01-2018,31.02
14-01-2018,29.76
15-01-2018,29.2
16-01-2018,31.07
17-01-2018,34.14
18-01-2018,37.17
19-01-2018,42.44
20-01-2018,32.7
21-01-2018,33.09
22-01-2018,42.58
23-01-2018,41.21
24-01-2018,28.83
25-01-2018,29.67
26-01-2018,34.12
27-01-2018,31.1
28-01-2018,27.87
29-01-2018,30.08
30-01-2018,32.64
31-01-2018,30.74
01-02-2018,31.19
02-02-2018,35.74
03-02-2018,34.09
04-02-2018,33.43
05-02-2018,48.25
06-02-2018,46.03
07-02-2018,44.58
08-02-2018,38.89
09-02-2018,32.66
10-02-2018,32.22
11-02-2018,29.5
12-02-2018,32.06
13-02-2018,36.61
14-02-2018,35.64
15-02-2018,32.95
16-02-2018,36.6
17-02-2018,38.17
18-02-2018,36.17
19-02-2018,48.07
20-02-2018,49.42
21-02-2018,47.66
22-02-2018,48.08
23-02-2018,44.66
24-02-2018,38.02
25-02-2018,38.51
26-02-2018,46.64
27-02-2018,44.86
28-02-2018,47.6
01-03-2018,65.42
02-03-2018,53.58
03-03-2018,42.27
04-03-2018,40.5
05-03-2018,52.88
06-03-2018,48.62
07-03-2018,47.12
08-03-2018,40.16
09-03-2018,40.27
10-03-2018,37.31
11-03-2018,36.28
12-03-2018,42.38
13-03-2018,41.81
14-03-2018,47.55
15-03-2018,40.59
16-03-2018,40.41
17-03-2018,37.69
18-03-2018,37.15
19-03-2018,42.45
20-03-2018,43.34
21-03-2018,42.4
22-03-2018,41.45
23-03-2018,46.67
24-03-2018,40.25
25-03-2018,39.81
26-03-2018,47.71
27-03-2018,45.89
28-03-2018,42.89
29-03-2018,40.66
30-03-2018,40.68
31-03-2018,39.9
01-04-2018,39.24
02-04-2018,39.67
03-04-2018,43.16
04-04-2018,42.69
05-04-2018,41.94
06-04-2018,40.34
07-04-2018,38.85
08-04-2018,39.48
09-04-2018,43.14
10-04-2018,40.07
11-04-2018,40.11
12-04-2018,40.07
13-04-2018,39.58
14-04-2018,38.9
15-04-2018,39.79
16-04-2018,46.56
17-04-2018,43.11
18-04-2018,42.0
19-04-2018,39.84
20-04-2018,36.9
21-04-2018,32.49
22-04-2018,35.33
23-04-2018,36.03
24-04-2018,34.92
25-04-2018,37.31
26-04-2018,36.92
27-04-2018,37.85
28-04-2018,35.85
29-04-2018,35.07
30-04-2018,32.77
01-05-2018,28.34
02-05-2018,36.96
03-05-2018,37.36
04-05-2018,37.26
05-05-2018,32.39
06-05-2018,24.9
07-05-2018,30.21
08-05-2018,29.36
09-05-2018,20.88
10-05-2018,16.51
11-05-2018,27.86
12-05-2018,30.62
13-05-2018,18.93
14-05-2018,33.58
15-05-2018,36.41
16-05-2018,36.62
17-05-2018,29.97
18-05-2018,34.57
19-05-2018,35.12
20-05-2018,25.51
21-05-2018,28.89
22-05-2018,39.19
23-05-2018,40.27
24-05-2018,40.33
25-05-2018,40.26
26-05-2018,38.95
27-05-2018,37.8
28-05-2018,41.24
29-05-2018,41.55
30-05-2018,42.3
31-05-2018,42.98
01-06-2018,44.16
02-06-2018,42.21
03-06-2018,42.34
04-06-2018,42.71
05-06-2018,45.38
06-06-2018,46.97
07-06-2018,47.72
08-06-2018,48.74
09-06-2018,46.14
10-06-2018,45.94
11-06-2018,46.58
12-06-2018,46.8
13-06-2018,48.15
14-06-2018,46.5
15-06-2018,44.75
16-06-2018,44.04
17-06-2018,43.19
18-06-2018,44.05
19-06-2018,42.39
20-06-2018,42.94
21-06-2018,42.6
22-06-2018,40.41
23-06-2018,40.12
24-06-2018,42.41
25-06-2018,45.35
26-06-2018,46.47
27-06-2018,46.92
28-06-2018,46.5
29-06-2018,45.64
30-06-2018,45.93
01-07-2018,45.49
02-07-2018,49.54
03-07-2018,50.53
04-07-2018,50.98
05-07-2018,51.62
06-07-2018,49.52
07-07-2018,47.79
08-07-2018,49.08
09-07-2018,50.47
10-07-2018,51.51
11-07-2018,51.96
12-07-2018,52.49
13-07-2018,52.99
14-07-2018,51.66
15-07-2018,51.41
16-07-2018,53.19
17-07-2018,52.51
18-07-2018,51.82
19-07-2018,52.05
20-07-2018,53.48
21-07-2018,52.73
22-07-2018,52.58
23-07-2018,54.45
24-07-2018,54.51
25-07-2018,54.52
26-07-2018,53.7
27-07-2018,53.24
28-07-2018,50.46
29-07-2018,50.17
30-07-2018,53.03
31-07-2018,53.32
01-08-2018,53.88
02-08-2018,53.29
03-08-2018,53.52
04-08-2018,51.58
05-08-2018,49.53
06-08-2018,52.25
07-08-2018,53.52
08-08-2018,51.14
09-08-2018,50.53
10-08-2018,48.22
11-08-2018,47.18
12-08-2018,45.5
13-08-2018,50.81
14-08-2018,52.11
15-08-2018,51.13
16-08-2018,50.61
17-08-2018,49.84
18-08-2018,47.52
19-08-2018,45.77
20-08-2018,49.79
21-08-2018,51.9
22-08-2018,51.08
23-08-2018,52.59
24-08-2018,50.99
25-08-2018,50.84
26-08-2018,50.83
27-08-2018,51.65
28-08-2018,59.54
29-08-2018,59.25
30-08-2018,57.42
31-08-2018,59.72
01-09-2018,57.74
02-09-2018,56.26
03-09-2018,59.28
04-09-2018,60.86
05-09-2018,61.34
06-09-2018,60.79
07-09-2018,58.24
08-09-2018,54.41
09-09-2018,53.81
10-09-2018,55.7
11-09-2018,54.0
12-09-2018,53.07
13-09-2018,55.23
14-09-2018,54.8
15-09-2018,49.1
16-09-2018,48.74
17-09-2018,52.19
18-09-2018,49.97
19-09-2018,47.37
20-09-2018,43.86
21-09-2018,36.94
22-09-2018,20.93
23-09-2018,34.65
24-09-2018,37.19
25-09-2018,43.6
26-09-2018,29.7
27-09-2018,35.21
28-09-2018,40.86
29-09-2018,39.07
30-09-2018,34.41
01-10-2018,47.16
02-10-2018,46.92
03-10-2018,45.59
04-10-2018,49.34
05-10-2018,47.25
06-10-2018,46.72
07-10-2018,47.58
08-10-2018,46.65
09-10-2018,44.79
10-10-2018,46.76
11-10-2018,43.69
12-10-2018,44.35
13-10-2018,34.56
14-10-2018,20.07
15-10-2018,37.27
16-10-2018,44.26
17-10-2018,43.52
18-10-2018,43.25
19-10-2018,43.33
20-10-2018,42.12
21-10-2018,40.59
22-10-2018,38.05
23-10-2018,36.04
24-10-2018,41.65
25-10-2018,44.46
26-10-2018,49.04
27-10-2018,44.15
28-10-2018,44.06
29-10-2018,44.93
30-10-2018,42.78
31-10-2018,43.16
01-11-2018,44.67
02-11-2018,44.5
03-11-2018,43.82
04-11-2018,43.6
05-11-2018,45.83
06-11-2018,48.19
07-11-2018,48.07
08-11-2018,48.68
09-11-2018,47.92
10-11-2018,42.63
11-11-2018,40.36
12-11-2018,45.38
13-11-2018,47.85
14-11-2018,50.39
15-11-2018,47.76
16-11-2018,47.18
17-11-2018,46.02
18-11-2018,46.99
19-11-2018,48.52
20-11-2018,47.72
21-11-2018,50.19
22-11-2018,59.36
23-11-2018,52.63
24-11-2018,49.14
25-11-2018,49.39
26-11-2018,57.17
27-11-2018,64.29
28-11-2018,50.47
29-11-2018,46.48
30-11-2018,45.99
01-12-2018,45.92
02-12-2018,44.96
03-12-2018,47.48
04-12-2018,46.41
05-12-2018,51.38
06-12-2018,52.56
07-12-2018,48.65
08-12-2018,44.92
09-12-2018,44.4
10-12-2018,47.62
11-12-2018,51.74
12-12-2018,61.59
13-12-2018,57.89
14-12-2018,59.29
15-12-2018,52.14
16-12-2018,49.92
17-12-2018,65.15
18-12-2018,60.0
19-12-2018,53.31
20-12-2018,53.69
21-12-2018,52.37
22-12-2018,51.4
23-12-2018,53.32
24-12-2018,51.01
25-12-2018,47.27
26-12-2018,49.33
27-12-2018,51.64
28-12-2018,53.0
29-12-2018,50.19
30-12-2018,50.95
31-12-2018,48.88
01-01-2019,41.45
02-01-2019,47.53
03-01-2019,53.91
04-01-2019,51.1
05-01-2019,50.68
06-01-2019,51.08
07-01-2019,51.83
08-01-2019,49.5
09-01-2019,50.31
10-01-2019,53.8
11-01-2019,49.31
12-01-2019,49.11
13-01-2019,48.48
14-01-2019,48.48
15-01-2019,51.85
16-01-2019,52.39
17-01-2019,52.72
18-01-2019,57.35
19-01-2019,54.53
20-01-2019,54.38
21-01-2019,63.09
22-01-2019,60.05
23-01-2019,62.5
24-01-2019,68.65
25-01-2019,60.66
26-01-2019,53.86
27-01-2019,52.02
28-01-2019,55.97
29-01-2019,58.52
30-01-2019,55.77
31-01-2019,56.26
01-02-2019,54.43
02-02-2019,51.15
03-02-2019,50.32
04-02-2019,52.79
05-02-2019,52.58
06-02-2019,52.88
07-02-2019,49.84
08-02-2019,49.14
09-02-2019,46.87
10-02-2019,46.57
11-02-2019,47.3
12-02-2019,48.07
13-02-2019,46.07
14-02-2019,44.73
15-02-2019,43.82
16-02-2019,41.23
17-02-2019,42.49
18-02-2019,44.08
19-02-2019,42.69
20-02-2019,43.6
21-02-2019,44.07
22-02-2019,43.38
23-02-2019,40.24
24-02-2019,39.81
25-02-2019,41.43
26-02-2019,42.05
27-02-2019,41.18
28-02-2019,41.29
01-03-2019,44.81
02-03-2019,42.09
03-03-2019,40.22
04-03-2019,42.01
05-03-2019,43.73
06-03-2019,44.78
07-03-2019,43.82
08-03-2019,41.35
09-03-2019,40.51
10-03-2019,41.61
11-03-2019,45.46
12-03-2019,44.91
13-03-2019,42.18
14-03-2019,42.31
15-03-2019,42.74
16-03-2019,40.68
17-03-2019,36.38
18-03-2019,41.48
19-03-2019,45.88
20-03-2019,41.63
21-03-2019,39.69
22-03-2019,40.33
23-03-2019,36.16
24-03-2019,36.35
25-03-2019,39.35
26-03-2019,40.24
27-03-2019,40.07
28-03-2019,38.87
29-03-2019,36.2
30-03-2019,35.44
31-03-2019,35.05
01-04-2019,39.42
02-04-2019,37.37
03-04-2019,40.44
04-04-2019,39.67
05-04-2019,40.01
06-04-2019,39.27
07-04-2019,39.72
08-04-2019,41.33
09-04-2019,42.52
10-04-2019,44.09
11-04-2019,47.29
12-04-2019,47.01
13-04-2019,43.95
14-04-2019,42.69
15-04-2019,45.4
16-04-2019,45.05
17-04-2019,44.03
18-04-2019,43.61
19-04-2019,42.09
20-04-2019,41.75
21-04-2019,40.25
22-04-2019,38.4
23-04-2019,38.07
24-04-2019,36.94
25-04-2019,40.26
26-04-2019,41.25
27-04-2019,33.48
28-04-2019,29.26
29-04-2019,40.2
30-04-2019,39.73
01-05-2019,28.89
02-05-2019,31.11
03-05-2019,39.25
04-05-2019,40.53
05-05-2019,40.38
06-05-2019,43.4
07-05-2019,43.98
08-05-2019,42.67
09-05-2019,43.04
10-05-2019,42.89
11-05-2019,40.59
12-05-2019,33.21
13-05-2019,41.89
14-05-2019,42.9
15-05-2019,42.45
16-05-2019,40.1
17-05-2019,39.21
18-05-2019,36.44
19-05-2019,37.04
20-05-2019,41.52
21-05-2019,39.98
22-05-2019,38.67
23-05-2019,38.51
24-05-2019,38.38
25-05-2019,35.42
26-05-2019,29.92
27-05-2019,35.45
28-05-2019,37.64
29-05-2019,37.03
30-05-2019,25.85
31-05-2019,31.9
01-06-2019,31.49
02-06-2019,27.55
03-06-2019,33.77
04-06-2019,32.62
05-06-2019,31.35
06-06-2019,24.06
07-06-2019,28.23
08-06-2019,9.79
09-06-2019,15.01
10-06-2019,23.93
11-06-2019,30.14
12-06-2019,29.84
13-06-2019,29.18
14-06-2019,31.34
15-06-2019,26.29
16-06-2019,26.22
17-06-2019,30.58
18-06-2019,30.92
19-06-2019,32.28
20-06-2019,30.11
21-06-2019,29.89
22-06-2019,27.25
23-06-2019,24.68
24-06-2019,31.36
25-06-2019,32.01
26-06-2019,31.48
27-06-2019,28.69
28-06-2019,30.69
29-06-2019,26.84
30-06-2019,21.28
01-07-2019,27.25
02-07-2019,27.6
03-07-2019,29.0
04-07-2019,29.28
05-07-2019,29.45
06-07-2019,28.59
07-07-2019,27.67
08-07-2019,30.63
09-07-2019,32.28
10-07-2019,33.35
11-07-2019,35.34
12-07-2019,36.85
13-07-2019,36.57
14-07-2019,36.23
15-07-2019,38.3
16-07-2019,37.73
17-07-2019,38.74
18-07-2019,38.74
19-07-2019,38.61
20-07-2019,36.45
21-07-2019,35.38
22-07-2019,37.41
23-07-2019,38.02
24-07-2019,38.97
25-07-2019,39.8
26-07-2019,39.28
27-07-2019,37.19
28-07-2019,35.45
29-07-2019,39.66
30-07-2019,40.0
31-07-2019,39.91
01-08-2019,40.13
02-08-2019,40.51
03-08-2019,39.09
04-08-2019,39.17
05-08-2019,41.44
06-08-2019,40.4
07-08-2019,39.92
08-08-2019,38.31
09-08-2019,38.16
10-08-2019,33.56
11-08-2019,29.83
12-08-2019,36.61
13-08-2019,36.84
14-08-2019,35.32
15-08-2019,33.67
16-08-2019,34.34
17-08-2019,30.85
18-08-2019,33.37
19-08-2019,34.2
20-08-2019,35.38
21-08-2019,35.79
22-08-2019,35.13
23-08-2019,34.37
24-08-2019,33.42
25-08-2019,32.61
26-08-2019,37.4
27-08-2019,37.95
28-08-2019,37.98
29-08-2019,36.46
30-08-2019,34.89
31-08-2019,32.21
01-09-2019,31.13
02-09-2019,35.18
03-09-2019,35.69
04-09-2019,35.79
05-09-2019,32.59
06-09-2019,32.67
07-09-2019,33.3
08-09-2019,34.06
09-09-2019,36.48
10-09-2019,34.35
11-09-2019,32.32
12-09-2019,31.55
13-09-2019,31.74
14-09-2019,29.89
15-09-2019,21.99
16-09-2019,29.6
17-09-2019,33.84
18-09-2019,34.3
19-09-2019,35.37
20-09-2019,34.73
21-09-2019,31.5
22-09-2019,31.22
23-09-2019,33.78
24-09-2019,35.69
25-09-2019,35.18
26-09-2019,34.88
27-09-2019,33.84
28-09-2019,31.32
29-09-2019,30.9
30-09-2019,32.77
01-10-2019,33.9
02-10-2019,34.93
03-10-2019,36.03
04-10-2019,37.32
05-10-2019,36.13
06-10-2019,35.53
07-10-2019,44.1
08-10-2019,39.12
09-10-2019,39.08
10-10-2019,36.36
11-10-2019,34.14
12-10-2019,33.82
13-10-2019,34.78
14-10-2019,36.48
15-10-2019,36.86
16-10-2019,37.37
17-10-2019,37.51
18-10-2019,37.7
19-10-2019,35.37
20-10-2019,36.52
21-10-2019,39.31
22-10-2019,36.61
23-10-2019,37.82
24-10-2019,37.41
25-10-2019,35.44
26-10-2019,33.71
27-10-2019,36.2
28-10-2019,40.38
29-10-2019,40.32
30-10-2019,40.55
31-10-2019,39.48
01-11-2019,37.79
02-11-2019,36.36
03-11-2019,37.22
04-11-2019,40.74
05-11-2019,43.86
06-11-2019,52.42
07-11-2019,47.58
08-11-2019,49.41
09-11-2019,41.72
10-11-2019,42.12
11-11-2019,43.87
12-11-2019,41.84
13-11-2019,43.8
14-11-2019,44.93
15-11-2019,41.13
16-11-2019,39.95
17-11-2019,39.59
18-11-2019,42.28
19-11-2019,41.0
20-11-2019,45.06
21-11-2019,42.11
22-11-2019,40.12
23-11-2019,37.67
24-11-2019,38.53
25-11-2019,43.3
26-11-2019,45.54
27-11-2019,42.32
28-11-2019,40.86
29-11-2019,40.96
30-11-2019,40.33
01-12-2019,40.24
02-12-2019,42.65
03-12-2019,42.6
04-12-2019,40.19
05-12-2019,37.71
06-12-2019,36.26
07-12-2019,35.31
08-12-2019,34.01
09-12-2019,36.05
10-12-2019,40.98
11-12-2019,36.34
12-12-2019,38.46
13-12-2019,36.83
14-12-2019,35.03
15-12-2019,34.54
16-12-2019,39.93
17-12-2019,38.71
18-12-2019,38.63
19-12-2019,37.38
20-12-2019,36.47
21-12-2019,35.35
22-12-2019,36.22
23-12-2019,36.51
24-12-2019,36.05
25-12-2019,35.52
26-12-2019,36.39
27-12-2019,38.14
28-12-2019,34.48
29-12-2019,31.52
30-12-2019,30.95
31-12-2019,31.15
