Date,SYS,Tr.heim
01-01-2014,28.25,28.45
02-01-2014,29.89,29.99
03-01-2014,29.3,29.25
04-01-2014,27.96,27.92
05-01-2014,29.05,29.21
06-01-2014,28.19,28.39
07-01-2014,29.16,29.1
08-01-2014,29.36,29.18
09-01-2014,29.72,29.47
10-01-2014,30.17,29.79
11-01-2014,29.82,29.75
12-01-2014,30.4,30.97
13-01-2014,39.16,37.62
14-01-2014,41.65,36.08
15-01-2014,41.6,40.67
16-01-2014,32.53,31.74
17-01-2014,34.21,32.4
18-01-2014,30.9,30.64
19-01-2014,30.7,30.76
20-01-2014,34.59,32.59
21-01-2014,42.12,42.24
22-01-2014,42.43,42.16
23-01-2014,40.4,38.63
24-01-2014,41.52,39.02
25-01-2014,32.52,32.36
26-01-2014,31.56,31.71
27-01-2014,33.02,32.49
28-01-2014,33.87,32.98
29-01-2014,34.45,33.35
30-01-2014,35.93,34.09
31-01-2014,37.15,35.0
01-02-2014,31.1,31.41
02-02-2014,30.27,30.71
03-02-2014,33.24,32.99
04-02-2014,32.41,32.1
05-02-2014,31.85,31.45
06-02-2014,31.42,31.22
07-02-2014,30.41,30.39
08-02-2014,28.84,29.32
09-02-2014,28.17,29.03
10-02-2014,31.08,31.0
11-02-2014,31.84,31.91
12-02-2014,31.42,31.34
13-02-2014,31.0,30.99
14-02-2014,31.02,30.65
15-02-2014,27.74,28.38
16-02-2014,27.64,28.22
17-02-2014,30.47,30.21
18-02-2014,31.67,31.79
19-02-2014,33.79,34.38
20-02-2014,32.01,32.86
21-02-2014,29.79,29.73
22-02-2014,27.72,28.17
23-02-2014,26.18,27.32
24-02-2014,27.55,26.9
25-02-2014,28.2,28.13
26-02-2014,30.18,30.12
27-02-2014,29.63,29.48
28-02-2014,29.83,29.21
01-03-2014,28.89,28.78
02-03-2014,27.79,27.78
03-03-2014,28.17,28.04
04-03-2014,30.61,29.79
05-03-2014,31.27,30.33
06-03-2014,28.57,28.5
07-03-2014,26.37,26.33
08-03-2014,25.62,25.56
09-03-2014,23.53,23.64
10-03-2014,26.51,26.71
11-03-2014,27.21,27.81
12-03-2014,26.99,27.22
13-03-2014,27.19,27.27
14-03-2014,26.35,26.4
15-03-2014,23.47,24.96
16-03-2014,23.98,25.45
17-03-2014,25.9,26.4
18-03-2014,26.85,27.21
19-03-2014,25.54,26.99
20-03-2014,24.43,26.93
21-03-2014,23.49,25.43
22-03-2014,24.13,25.7
23-03-2014,23.76,25.62
24-03-2014,27.59,27.98
25-03-2014,27.32,27.98
26-03-2014,27.33,27.66
27-03-2014,28.08,28.19
28-03-2014,28.57,28.98
29-03-2014,27.09,26.95
30-03-2014,26.78,26.62
31-03-2014,29.47,30.52
01-04-2014,31.66,35.76
02-04-2014,31.3,35.37
03-04-2014,29.77,33.32
04-04-2014,28.07,29.27
05-04-2014,27.09,27.94
06-04-2014,25.85,26.93
07-04-2014,28.1,28.88
08-04-2014,25.96,27.04
09-04-2014,25.51,27.19
10-04-2014,29.17,32.96
11-04-2014,26.82,29.53
12-04-2014,24.18,25.13
13-04-2014,19.39,22.58
14-04-2014,22.95,24.36
15-04-2014,24.1,25.52
16-04-2014,25.75,27.74
17-04-2014,23.27,23.86
18-04-2014,23.31,23.71
19-04-2014,24.0,24.68
20-04-2014,21.76,22.59
21-04-2014,21.94,23.06
22-04-2014,24.14,25.26
23-04-2014,24.04,26.17
24-04-2014,25.56,28.47
25-04-2014,26.02,28.46
26-04-2014,24.15,26.83
27-04-2014,22.13,24.4
28-04-2014,25.96,28.67
29-04-2014,26.02,28.61
30-04-2014,27.73,35.89
01-05-2014,23.38,26.78
02-05-2014,26.2,31.22
03-05-2014,24.68,30.05
04-05-2014,25.35,30.02
05-05-2014,29.78,41.25
06-05-2014,28.96,33.06
07-05-2014,29.79,34.33
08-05-2014,30.66,38.44
09-05-2014,30.83,40.6
10-05-2014,26.69,31.49
11-05-2014,26.42,31.92
12-05-2014,32.66,44.0
13-05-2014,32.09,40.28
14-05-2014,31.72,42.72
15-05-2014,30.95,38.9
16-05-2014,28.5,35.04
17-05-2014,23.48,29.49
18-05-2014,22.08,28.73
19-05-2014,27.64,39.0
20-05-2014,27.69,36.75
21-05-2014,26.36,40.63
22-05-2014,24.31,31.2
23-05-2014,24.63,37.08
24-05-2014,18.77,29.21
25-05-2014,17.56,27.37
26-05-2014,28.08,40.81
27-05-2014,25.88,35.69
28-05-2014,25.24,31.34
29-05-2014,20.86,29.75
30-05-2014,25.56,34.1
31-05-2014,18.64,26.94
01-06-2014,19.35,26.11
02-06-2014,28.42,38.93
03-06-2014,28.98,40.21
04-06-2014,28.31,39.71
05-06-2014,26.11,34.49
06-06-2014,24.6,30.8
07-06-2014,20.55,28.66
08-06-2014,18.87,24.98
09-06-2014,23.27,28.97
10-06-2014,25.68,31.47
11-06-2014,26.62,32.91
12-06-2014,26.63,34.39
13-06-2014,22.34,28.61
14-06-2014,18.72,25.25
15-06-2014,18.9,24.81
16-06-2014,25.44,31.38
17-06-2014,27.96,32.54
18-06-2014,26.85,32.47
19-06-2014,23.62,28.12
20-06-2014,22.17,24.87
21-06-2014,20.71,22.36
22-06-2014,20.19,22.48
23-06-2014,26.69,30.35
24-06-2014,30.25,33.88
25-06-2014,30.86,35.59
26-06-2014,30.7,35.34
27-06-2014,29.68,32.71
28-06-2014,27.13,30.57
29-06-2014,26.02,28.36
30-06-2014,30.11,32.16
01-07-2014,30.5,31.87
02-07-2014,29.63,31.09
03-07-2014,27.66,28.9
04-07-2014,27.94,29.06
05-07-2014,26.44,26.7
06-07-2014,24.78,25.54
07-07-2014,27.91,29.51
08-07-2014,27.18,28.66
09-07-2014,25.98,27.43
10-07-2014,27.47,29.55
11-07-2014,27.94,30.03
12-07-2014,26.79,29.02
13-07-2014,24.84,25.51
14-07-2014,27.44,28.78
15-07-2014,28.88,30.97
16-07-2014,29.3,31.09
17-07-2014,29.3,31.12
18-07-2014,28.94,30.96
19-07-2014,27.66,28.87
20-07-2014,24.87,24.43
21-07-2014,28.14,28.49
22-07-2014,29.23,30.33
23-07-2014,29.71,30.52
24-07-2014,29.51,30.26
25-07-2014,29.93,30.7
26-07-2014,30.39,30.44
27-07-2014,29.98,30.9
28-07-2014,31.68,32.43
29-07-2014,31.85,32.18
30-07-2014,31.33,32.04
31-07-2014,31.04,31.56
01-08-2014,31.03,31.22
02-08-2014,29.24,28.99
03-08-2014,29.51,29.42
04-08-2014,31.89,32.84
05-08-2014,32.21,33.46
06-08-2014,32.46,33.28
07-08-2014,32.66,33.39
08-08-2014,32.46,33.4
09-08-2014,29.06,32.11
10-08-2014,28.83,30.72
11-08-2014,29.73,31.61
12-08-2014,31.66,33.71
13-08-2014,32.61,33.46
14-08-2014,32.75,34.44
15-08-2014,32.87,34.05
16-08-2014,30.61,32.08
17-08-2014,29.73,31.41
18-08-2014,32.57,33.22
19-08-2014,33.12,34.19
20-08-2014,32.74,35.56
21-08-2014,33.09,34.86
22-08-2014,32.97,34.67
23-08-2014,30.76,32.62
24-08-2014,30.43,32.11
25-08-2014,33.84,34.8
26-08-2014,36.32,35.15
27-08-2014,35.23,34.61
28-08-2014,34.59,34.88
29-08-2014,33.84,35.05
30-08-2014,32.53,33.6
31-08-2014,32.87,33.47
01-09-2014,34.95,37.38
02-09-2014,35.66,37.92
03-09-2014,34.96,36.91
04-09-2014,34.46,35.68
05-09-2014,35.42,37.29
06-09-2014,33.76,34.43
07-09-2014,33.69,34.44
08-09-2014,34.71,36.36
09-09-2014,34.51,35.95
10-09-2014,34.74,35.54
11-09-2014,34.94,36.54
12-09-2014,34.61,37.37
13-09-2014,34.07,35.03
14-09-2014,33.69,34.23
15-09-2014,36.44,38.11
16-09-2014,37.57,39.54
17-09-2014,36.56,39.21
18-09-2014,36.71,39.35
19-09-2014,36.6,40.31
20-09-2014,35.09,36.47
21-09-2014,33.72,34.44
22-09-2014,34.25,35.24
23-09-2014,37.22,39.81
24-09-2014,36.45,38.55
25-09-2014,35.12,36.16
26-09-2014,33.62,33.96
27-09-2014,31.86,31.83
28-09-2014,32.33,32.38
29-09-2014,34.02,35.1
30-09-2014,35.58,36.97
01-10-2014,35.45,37.25
02-10-2014,35.45,37.34
03-10-2014,33.59,34.09
04-10-2014,32.01,32.35
05-10-2014,31.83,32.19
06-10-2014,32.37,33.39
07-10-2014,32.03,32.93
08-10-2014,32.4,33.29
09-10-2014,32.8,33.72
10-10-2014,32.29,32.95
11-10-2014,32.69,33.16
12-10-2014,32.41,32.98
13-10-2014,33.86,35.81
14-10-2014,34.21,35.79
15-10-2014,33.97,35.31
16-10-2014,34.19,36.42
17-10-2014,33.45,34.29
18-10-2014,31.52,31.77
19-10-2014,28.55,29.6
20-10-2014,28.66,31.84
21-10-2014,30.98,31.83
22-10-2014,30.73,30.71
23-10-2014,31.12,31.43
24-10-2014,28.27,29.15
25-10-2014,26.06,29.73
26-10-2014,21.21,27.96
27-10-2014,22.68,27.9
28-10-2014,21.39,30.35
29-10-2014,25.01,31.38
30-10-2014,28.77,31.05
31-10-2014,29.43,31.1
01-11-2014,23.18,27.81
02-11-2014,18.68,28.47
03-11-2014,22.08,29.92
04-11-2014,26.13,30.54
05-11-2014,30.03,31.18
06-11-2014,31.0,31.72
07-11-2014,30.56,31.25
08-11-2014,27.33,29.62
09-11-2014,25.72,29.38
10-11-2014,29.42,31.32
11-11-2014,30.14,31.81
12-11-2014,29.96,31.9
13-11-2014,31.13,31.96
14-11-2014,30.73,31.9
15-11-2014,28.87,30.39
16-11-2014,28.01,30.01
17-11-2014,30.89,31.96
18-11-2014,31.83,32.24
19-11-2014,33.35,33.35
20-11-2014,34.13,33.87
21-11-2014,34.36,34.06
22-11-2014,32.13,32.32
23-11-2014,30.2,30.96
24-11-2014,30.56,32.21
25-11-2014,33.23,33.7
26-11-2014,33.73,36.4
27-11-2014,32.88,34.95
28-11-2014,32.18,32.8
29-11-2014,31.71,32.1
30-11-2014,31.88,32.25
01-12-2014,32.95,33.27
02-12-2014,33.88,33.46
03-12-2014,34.29,33.64
04-12-2014,35.36,34.76
05-12-2014,33.26,33.27
06-12-2014,32.0,31.87
07-12-2014,30.36,30.51
08-12-2014,32.33,32.53
09-12-2014,33.3,32.88
10-12-2014,30.34,30.66
11-12-2014,30.53,30.72
12-12-2014,30.99,31.32
13-12-2014,30.59,30.72
14-12-2014,30.39,30.51
15-12-2014,30.43,31.0
16-12-2014,31.44,31.79
17-12-2014,32.22,32.74
18-12-2014,31.44,31.6
19-12-2014,30.31,30.67
20-12-2014,28.99,29.8
21-12-2014,29.43,29.77
22-12-2014,29.24,29.97
23-12-2014,29.49,30.11
24-12-2014,29.45,29.69
25-12-2014,29.92,30.07
26-12-2014,31.08,30.93
27-12-2014,31.48,31.53
28-12-2014,32.94,32.68
29-12-2014,42.91,34.52
30-12-2014,31.35,30.99
31-12-2014,29.09,29.03
01-01-2015,26.99,28.43
02-01-2015,26.45,28.79
03-01-2015,26.81,28.41
04-01-2015,28.12,28.57
05-01-2015,36.55,33.05
06-01-2015,29.72,29.84
07-01-2015,30.55,31.33
08-01-2015,28.16,28.85
09-01-2015,27.79,28.59
10-01-2015,26.48,27.83
11-01-2015,25.82,27.43
12-01-2015,29.3,29.55
13-01-2015,29.67,33.07
14-01-2015,29.69,29.96
15-01-2015,28.09,29.19
16-01-2015,27.97,28.94
17-01-2015,28.09,28.69
18-01-2015,28.15,28.61
19-01-2015,34.36,31.34
20-01-2015,35.54,33.73
21-01-2015,38.88,39.35
22-01-2015,39.73,40.83
23-01-2015,39.56,38.5
24-01-2015,28.43,28.77
25-01-2015,28.7,29.18
26-01-2015,29.15,29.13
27-01-2015,29.73,29.23
28-01-2015,27.81,28.02
29-01-2015,27.74,28.13
30-01-2015,30.44,29.96
31-01-2015,28.05,28.17
01-02-2015,27.83,28.44
02-02-2015,32.95,30.76
03-02-2015,37.28,33.1
04-02-2015,43.21,42.69
05-02-2015,36.48,32.08
06-02-2015,30.94,29.77
07-02-2015,26.75,28.17
08-02-2015,26.78,28.84
09-02-2015,28.44,28.77
10-02-2015,28.53,28.65
11-02-2015,32.2,29.1
12-02-2015,32.78,28.61
13-02-2015,31.37,28.52
14-02-2015,27.51,27.46
15-02-2015,26.45,26.54
16-02-2015,27.9,27.63
17-02-2015,29.32,27.86
18-02-2015,27.36,27.33
19-02-2015,26.13,26.1
20-02-2015,25.83,25.82
21-02-2015,25.92,25.9
22-02-2015,25.62,25.64
23-02-2015,25.68,26.1
24-02-2015,26.04,25.92
25-02-2015,26.68,26.48
26-02-2015,26.33,26.32
27-02-2015,25.76,25.73
28-02-2015,25.3,25.38
01-03-2015,22.82,23.63
02-03-2015,25.32,25.27
03-03-2015,25.76,25.6
04-03-2015,26.62,26.39
05-03-2015,28.67,27.34
06-03-2015,26.37,26.16
07-03-2015,22.59,22.59
08-03-2015,21.32,21.64
09-03-2015,25.35,25.25
10-03-2015,24.56,24.47
11-03-2015,26.08,25.71
12-03-2015,27.36,26.88
13-03-2015,25.75,25.42
14-03-2015,24.33,24.69
15-03-2015,24.13,25.08
16-03-2015,24.65,24.44
17-03-2015,25.26,25.24
18-03-2015,26.66,27.45
19-03-2015,26.42,26.01
20-03-2015,26.44,26.81
21-03-2015,24.22,24.4
22-03-2015,24.33,24.38
23-03-2015,25.03,24.94
24-03-2015,28.26,26.59
25-03-2015,27.53,26.75
26-03-2015,25.92,25.78
27-03-2015,26.7,26.91
28-03-2015,24.41,25.0
29-03-2015,23.19,23.31
30-03-2015,24.52,25.22
31-03-2015,24.93,25.34
01-04-2015,25.06,25.42
02-04-2015,25.13,25.17
03-04-2015,24.73,24.74
04-04-2015,25.57,25.57
05-04-2015,25.23,25.23
06-04-2015,25.4,25.39
07-04-2015,26.07,25.81
08-04-2015,25.75,25.54
09-04-2015,26.7,25.73
10-04-2015,26.36,26.66
11-04-2015,24.66,25.6
12-04-2015,21.86,24.44
13-04-2015,24.02,25.58
14-04-2015,26.42,30.81
15-04-2015,25.76,25.94
16-04-2015,25.49,25.36
17-04-2015,25.98,25.72
18-04-2015,24.2,24.21
19-04-2015,23.62,24.09
20-04-2015,25.87,25.75
21-04-2015,24.99,24.95
22-04-2015,24.56,24.46
23-04-2015,22.28,23.52
24-04-2015,24.93,24.39
25-04-2015,23.15,23.65
26-04-2015,22.57,23.26
27-04-2015,29.66,30.02
28-04-2015,29.29,29.31
29-04-2015,26.5,26.41
30-04-2015,27.34,26.53
01-05-2015,24.75,25.47
02-05-2015,24.14,25.91
03-05-2015,23.91,25.7
04-05-2015,27.27,27.69
05-05-2015,25.76,26.35
06-05-2015,24.32,25.08
07-05-2015,23.41,25.46
08-05-2015,24.51,26.06
09-05-2015,20.12,23.19
10-05-2015,18.81,21.86
11-05-2015,23.13,26.67
12-05-2015,23.24,25.46
13-05-2015,20.59,23.72
14-05-2015,18.88,22.68
15-05-2015,21.97,22.17
16-05-2015,20.0,20.91
17-05-2015,14.14,20.97
18-05-2015,26.3,26.35
19-05-2015,25.09,24.94
20-05-2015,28.09,28.63
21-05-2015,28.98,31.05
22-05-2015,23.09,22.92
23-05-2015,18.23,18.23
24-05-2015,19.78,19.78
25-05-2015,22.27,22.0
26-05-2015,24.46,26.2
27-05-2015,22.68,24.13
28-05-2015,22.88,23.0
29-05-2015,21.19,20.79
30-05-2015,16.77,16.72
31-05-2015,13.51,13.51
01-06-2015,19.47,18.77
02-06-2015,16.47,16.76
03-06-2015,15.77,15.35
04-06-2015,18.75,18.81
05-06-2015,17.17,17.63
06-06-2015,10.09,10.05
07-06-2015,8.39,8.64
08-06-2015,17.67,18.64
09-06-2015,18.55,18.38
10-06-2015,17.22,16.78
11-06-2015,16.47,16.08
12-06-2015,15.08,14.41
13-06-2015,9.94,9.89
14-06-2015,8.01,8.01
15-06-2015,12.7,11.69
16-06-2015,14.45,12.97
17-06-2015,14.4,13.9
18-06-2015,11.1,11.1
19-06-2015,10.54,10.83
20-06-2015,9.31,9.31
21-06-2015,11.42,11.27
22-06-2015,17.27,18.18
23-06-2015,16.31,23.47
24-06-2015,11.83,12.37
25-06-2015,13.17,13.51
26-06-2015,17.26,17.34
27-06-2015,15.33,15.15
28-06-2015,15.12,15.27
29-06-2015,17.15,18.6
30-06-2015,16.57,16.61
01-07-2015,15.94,16.57
02-07-2015,11.74,11.49
03-07-2015,11.14,10.62
04-07-2015,9.91,9.57
05-07-2015,11.27,11.04
06-07-2015,11.03,10.28
07-07-2015,10.79,10.07
08-07-2015,8.83,8.08
09-07-2015,6.23,5.84
10-07-2015,6.3,5.43
11-07-2015,9.06,8.46
12-07-2015,8.43,8.47
13-07-2015,11.51,11.0
14-07-2015,12.12,11.53
15-07-2015,10.23,9.94
16-07-2015,12.33,10.93
17-07-2015,10.37,9.91
18-07-2015,6.95,6.43
19-07-2015,9.23,8.92
20-07-2015,10.58,9.68
21-07-2015,9.31,8.73
22-07-2015,10.29,9.79
23-07-2015,9.73,9.27
24-07-2015,10.28,9.45
25-07-2015,7.08,6.48
26-07-2015,3.88,4.1
27-07-2015,9.66,9.23
28-07-2015,9.88,9.24
29-07-2015,7.98,7.64
30-07-2015,7.48,7.16
31-07-2015,6.43,6.2
01-08-2015,6.71,6.3
02-08-2015,7.52,6.86
03-08-2015,9.25,7.81
04-08-2015,8.57,7.24
05-08-2015,9.0,7.67
06-08-2015,8.65,8.26
07-08-2015,8.3,8.42
08-08-2015,6.34,5.77
09-08-2015,7.84,6.98
10-08-2015,11.66,8.95
11-08-2015,10.46,8.48
12-08-2015,11.66,8.86
13-08-2015,12.65,9.63
14-08-2015,10.82,10.12
15-08-2015,10.96,10.54
16-08-2015,11.13,11.01
17-08-2015,11.88,11.36
18-08-2015,12.86,12.09
19-08-2015,17.73,21.72
20-08-2015,21.41,25.1
21-08-2015,19.93,21.57
22-08-2015,17.44,19.33
23-08-2015,16.08,16.85
24-08-2015,19.95,22.77
25-08-2015,18.18,20.18
26-08-2015,18.31,24.04
27-08-2015,16.03,17.62
28-08-2015,16.13,18.53
29-08-2015,13.92,16.66
30-08-2015,15.26,19.2
31-08-2015,18.05,24.47
01-09-2015,16.46,19.93
02-09-2015,16.1,18.65
03-09-2015,17.75,22.6
04-09-2015,19.34,26.25
05-09-2015,15.18,19.01
06-09-2015,11.05,18.12
07-09-2015,20.62,22.84
08-09-2015,21.49,22.89
09-09-2015,21.57,26.75
10-09-2015,21.83,24.09
11-09-2015,20.13,22.24
12-09-2015,16.37,20.86
13-09-2015,17.05,20.62
14-09-2015,19.25,20.1
15-09-2015,18.6,21.07
16-09-2015,20.33,22.09
17-09-2015,18.75,22.29
18-09-2015,14.67,21.77
19-09-2015,13.21,15.71
20-09-2015,14.9,17.1
21-09-2015,20.88,22.74
22-09-2015,18.53,21.8
23-09-2015,18.92,22.01
24-09-2015,16.71,20.07
25-09-2015,15.26,17.99
26-09-2015,14.58,14.5
27-09-2015,14.69,14.94
28-09-2015,17.72,18.86
29-09-2015,16.49,17.54
30-09-2015,15.16,14.94
01-10-2015,13.54,13.06
02-10-2015,11.75,10.9
03-10-2015,12.72,12.54
04-10-2015,13.61,13.13
05-10-2015,16.18,16.52
06-10-2015,13.84,13.44
07-10-2015,15.61,15.02
08-10-2015,19.74,18.22
09-10-2015,21.78,19.86
10-10-2015,20.79,20.48
11-10-2015,20.21,20.13
12-10-2015,23.08,24.7
13-10-2015,22.89,21.61
14-10-2015,23.27,22.44
15-10-2015,23.59,23.07
16-10-2015,23.92,23.47
17-10-2015,23.34,23.36
18-10-2015,23.77,23.96
19-10-2015,30.57,36.33
20-10-2015,30.47,35.58
21-10-2015,25.11,25.57
22-10-2015,23.85,23.8
23-10-2015,23.89,23.31
24-10-2015,23.84,23.94
25-10-2015,23.09,23.01
26-10-2015,26.66,27.34
27-10-2015,26.86,27.65
28-10-2015,26.66,27.07
29-10-2015,29.37,29.15
30-10-2015,27.29,26.57
31-10-2015,24.84,24.91
01-11-2015,24.52,24.48
02-11-2015,25.41,24.7
03-11-2015,25.91,25.11
04-11-2015,25.83,25.3
05-11-2015,26.06,25.19
06-11-2015,25.74,25.28
07-11-2015,23.15,22.99
08-11-2015,22.44,22.11
09-11-2015,22.91,22.66
10-11-2015,22.71,22.24
11-11-2015,24.23,24.35
12-11-2015,24.28,24.33
13-11-2015,23.28,23.29
14-11-2015,20.67,20.71
15-11-2015,22.65,22.82
16-11-2015,23.92,23.8
17-11-2015,24.76,24.98
18-11-2015,24.34,24.18
19-11-2015,24.83,24.64
20-11-2015,27.5,26.79
21-11-2015,24.91,24.85
22-11-2015,24.36,24.41
23-11-2015,41.14,25.72
24-11-2015,25.72,24.3
25-11-2015,31.0,25.64
26-11-2015,28.24,24.97
27-11-2015,22.72,22.57
28-11-2015,20.68,20.68
29-11-2015,19.59,19.89
30-11-2015,22.73,22.61
01-12-2015,23.83,23.2
02-12-2015,25.32,27.0
03-12-2015,24.6,23.29
04-12-2015,20.71,20.77
05-12-2015,16.06,18.51
06-12-2015,12.78,18.65
07-12-2015,21.14,20.63
08-12-2015,21.86,23.54
09-12-2015,19.68,20.15
10-12-2015,18.62,19.46
11-12-2015,20.08,20.06
12-12-2015,19.79,19.93
13-12-2015,21.96,22.26
14-12-2015,34.0,27.33
15-12-2015,27.81,21.94
16-12-2015,30.16,27.37
17-12-2015,26.69,27.65
18-12-2015,18.51,18.19
19-12-2015,15.53,15.52
20-12-2015,12.82,12.84
21-12-2015,13.46,14.19
22-12-2015,12.94,13.09
23-12-2015,11.89,11.89
24-12-2015,10.51,10.94
25-12-2015,8.74,8.99
26-12-2015,11.97,12.13
27-12-2015,13.83,14.73
28-12-2015,21.19,17.99
29-12-2015,16.44,16.22
30-12-2015,16.01,15.66
31-12-2015,15.47,15.28
01-01-2016,16.61,16.59
02-01-2016,15.7,15.63
03-01-2016,16.8,17.03
04-01-2016,19.21,18.69
05-01-2016,22.88,21.18
06-01-2016,30.09,28.7
07-01-2016,38.94,49.99
08-01-2016,32.76,30.48
09-01-2016,26.64,24.79
10-01-2016,22.1,21.51
11-01-2016,33.38,24.69
12-01-2016,31.33,24.39
13-01-2016,33.59,30.69
14-01-2016,43.04,25.96
15-01-2016,41.92,25.85
16-01-2016,26.94,24.87
17-01-2016,25.45,24.26
18-01-2016,49.26,42.92
19-01-2016,55.36,57.16
20-01-2016,50.38,50.92
21-01-2016,80.99,88.1
22-01-2016,37.5,41.86
23-01-2016,24.58,23.86
24-01-2016,22.56,22.27
25-01-2016,26.42,23.43
26-01-2016,18.5,18.2
27-01-2016,17.08,16.66
28-01-2016,17.16,16.79
29-01-2016,16.72,16.51
30-01-2016,14.85,15.4
31-01-2016,16.56,16.46
01-02-2016,19.23,17.66
02-02-2016,17.22,16.93
03-02-2016,18.39,17.75
04-02-2016,18.69,18.1
05-02-2016,23.01,20.55
06-02-2016,16.24,16.02
07-02-2016,14.95,15.66
08-02-2016,15.48,16.93
09-02-2016,17.18,17.17
10-02-2016,20.02,19.66
11-02-2016,20.55,19.31
12-02-2016,21.81,18.96
13-02-2016,18.83,18.64
14-02-2016,17.51,17.53
15-02-2016,22.9,20.82
16-02-2016,26.86,25.72
17-02-2016,18.75,18.58
18-02-2016,24.14,23.1
19-02-2016,21.34,20.71
20-02-2016,16.77,17.96
21-02-2016,16.22,18.18
22-02-2016,18.61,19.01
23-02-2016,19.75,19.78
24-02-2016,20.42,20.02
25-02-2016,25.89,25.83
26-02-2016,23.86,22.7
27-02-2016,19.64,19.52
28-02-2016,19.04,18.94
29-02-2016,24.91,22.22
01-03-2016,20.57,19.98
02-03-2016,23.95,21.77
03-03-2016,25.56,22.41
04-03-2016,23.78,22.19
05-03-2016,20.1,20.09
06-03-2016,19.79,19.79
07-03-2016,23.45,23.49
08-03-2016,25.45,25.62
09-03-2016,24.28,22.87
10-03-2016,25.01,23.83
11-03-2016,26.74,26.8
12-03-2016,22.54,23.1
13-03-2016,21.52,21.88
14-03-2016,22.58,22.67
15-03-2016,22.23,22.47
16-03-2016,21.76,21.86
17-03-2016,21.89,22.17
18-03-2016,21.83,21.86
19-03-2016,21.44,21.46
20-03-2016,20.38,20.38
21-03-2016,21.71,21.46
22-03-2016,21.86,22.12
23-03-2016,21.74,21.59
24-03-2016,21.32,21.17
25-03-2016,20.58,20.52
26-03-2016,19.53,19.54
27-03-2016,16.88,16.91
28-03-2016,16.81,17.03
29-03-2016,19.88,19.66
30-03-2016,21.78,21.4
31-03-2016,22.42,21.86
01-04-2016,22.87,22.28
02-04-2016,20.54,20.54
03-04-2016,19.77,19.78
04-04-2016,23.11,22.84
05-04-2016,22.69,24.94
06-04-2016,20.99,21.09
07-04-2016,20.24,20.61
08-04-2016,21.58,21.64
09-04-2016,21.25,21.49
10-04-2016,20.44,20.51
11-04-2016,22.92,22.46
12-04-2016,22.18,22.16
13-04-2016,24.29,24.42
14-04-2016,23.97,24.95
15-04-2016,22.52,22.32
16-04-2016,20.68,21.53
17-04-2016,18.97,21.58
18-04-2016,21.18,21.38
19-04-2016,20.58,21.71
20-04-2016,21.7,22.07
21-04-2016,21.82,21.42
22-04-2016,21.75,21.46
23-04-2016,21.71,22.14
24-04-2016,21.45,22.39
25-04-2016,24.93,24.55
26-04-2016,24.83,24.21
27-04-2016,24.23,24.1
28-04-2016,25.38,25.69
29-04-2016,22.65,22.37
30-04-2016,22.45,22.68
01-05-2016,21.67,22.19
02-05-2016,24.18,25.0
03-05-2016,24.1,24.43
04-05-2016,25.05,25.36
05-05-2016,21.32,21.29
06-05-2016,21.84,21.77
07-05-2016,18.55,18.56
08-05-2016,16.25,16.85
09-05-2016,21.21,21.15
10-05-2016,23.82,23.35
11-05-2016,24.25,24.47
12-05-2016,23.32,24.61
13-05-2016,25.06,23.95
14-05-2016,20.32,20.33
15-05-2016,20.04,20.03
16-05-2016,22.42,22.09
17-05-2016,24.73,25.4
18-05-2016,27.46,29.39
19-05-2016,29.39,32.45
20-05-2016,25.08,24.85
21-05-2016,23.03,22.88
22-05-2016,22.11,22.15
23-05-2016,24.25,24.23
24-05-2016,23.95,24.06
25-05-2016,24.14,24.31
26-05-2016,25.17,25.29
27-05-2016,25.92,25.44
28-05-2016,23.05,23.44
29-05-2016,20.84,20.84
30-05-2016,22.56,22.72
31-05-2016,24.28,26.5
01-06-2016,25.56,27.68
02-06-2016,24.63,26.92
03-06-2016,24.52,26.46
04-06-2016,22.85,24.9
05-06-2016,22.3,24.78
06-06-2016,26.92,28.68
07-06-2016,27.4,31.19
08-06-2016,26.56,27.94
09-06-2016,27.05,32.58
10-06-2016,26.49,31.11
11-06-2016,25.7,29.37
12-06-2016,25.26,28.85
13-06-2016,27.85,30.85
14-06-2016,27.69,36.72
15-06-2016,28.63,32.25
16-06-2016,28.65,36.81
17-06-2016,27.72,34.51
18-06-2016,24.71,25.28
19-06-2016,23.67,25.4
20-06-2016,27.58,33.07
21-06-2016,27.78,33.24
22-06-2016,28.17,35.85
23-06-2016,27.94,32.89
24-06-2016,27.0,30.03
25-06-2016,25.46,28.59
26-06-2016,23.76,27.08
27-06-2016,28.41,43.04
28-06-2016,29.67,34.87
29-06-2016,28.84,30.97
30-06-2016,27.15,30.06
01-07-2016,25.32,28.18
02-07-2016,21.54,23.09
03-07-2016,21.16,22.99
04-07-2016,25.94,30.28
05-07-2016,24.91,29.86
06-07-2016,22.18,28.98
07-07-2016,25.07,29.75
08-07-2016,25.66,30.4
09-07-2016,23.57,29.03
10-07-2016,23.63,29.07
11-07-2016,24.85,29.69
12-07-2016,25.51,30.82
13-07-2016,26.16,33.27
14-07-2016,25.48,31.46
15-07-2016,24.79,30.92
16-07-2016,24.51,30.16
17-07-2016,23.66,26.04
18-07-2016,26.5,29.77
19-07-2016,27.84,30.71
20-07-2016,27.0,30.33
21-07-2016,27.6,31.07
22-07-2016,27.15,31.31
23-07-2016,26.13,30.12
24-07-2016,25.6,29.28
25-07-2016,27.81,31.61
26-07-2016,27.22,31.15
27-07-2016,27.06,30.95
28-07-2016,26.33,29.77
29-07-2016,26.1,29.51
30-07-2016,24.61,27.84
31-07-2016,23.95,25.79
01-08-2016,25.6,29.13
02-08-2016,26.37,31.03
03-08-2016,25.41,29.61
04-08-2016,24.54,29.53
05-08-2016,25.6,31.16
06-08-2016,22.74,27.43
07-08-2016,20.81,25.65
08-08-2016,22.27,26.58
09-08-2016,23.23,28.09
10-08-2016,25.02,30.66
11-08-2016,26.08,29.73
12-08-2016,24.97,28.69
13-08-2016,20.68,24.75
14-08-2016,22.0,26.13
15-08-2016,25.54,28.26
16-08-2016,25.65,30.87
17-08-2016,26.75,30.79
18-08-2016,26.27,31.95
19-08-2016,27.49,34.86
20-08-2016,24.98,28.6
21-08-2016,23.63,28.77
22-08-2016,28.51,34.2
23-08-2016,27.47,35.71
24-08-2016,27.73,30.78
25-08-2016,26.92,31.89
26-08-2016,25.86,30.38
27-08-2016,23.33,26.51
28-08-2016,23.02,27.32
29-08-2016,26.83,30.96
30-08-2016,28.43,32.44
31-08-2016,26.72,26.79
01-09-2016,25.51,27.58
02-09-2016,24.89,29.78
03-09-2016,23.76,27.14
04-09-2016,22.91,25.58
05-09-2016,26.72,28.04
06-09-2016,25.98,28.03
07-09-2016,24.88,26.93
08-09-2016,26.13,28.75
09-09-2016,25.43,28.51
10-09-2016,24.27,27.19
11-09-2016,23.01,24.74
12-09-2016,25.61,28.97
13-09-2016,25.8,30.34
14-09-2016,26.09,30.14
15-09-2016,25.86,29.03
16-09-2016,24.66,27.49
17-09-2016,23.99,26.33
18-09-2016,23.74,26.68
19-09-2016,28.07,32.98
20-09-2016,27.28,31.83
21-09-2016,27.35,31.54
22-09-2016,26.56,31.42
23-09-2016,26.09,30.15
24-09-2016,24.86,28.04
25-09-2016,23.5,25.6
26-09-2016,27.18,31.07
27-09-2016,25.99,29.25
28-09-2016,23.02,25.1
29-09-2016,23.26,24.85
30-09-2016,23.39,24.64
01-10-2016,25.35,27.01
02-10-2016,25.76,27.61
03-10-2016,27.45,29.81
04-10-2016,27.6,30.6
05-10-2016,27.71,31.71
06-10-2016,28.28,33.15
07-10-2016,28.87,33.22
08-10-2016,28.94,33.06
09-10-2016,29.29,33.15
10-10-2016,32.71,36.64
11-10-2016,32.23,36.6
12-10-2016,33.18,39.48
13-10-2016,33.56,42.65
14-10-2016,31.44,35.51
15-10-2016,29.82,31.81
16-10-2016,30.8,31.81
17-10-2016,32.97,36.06
18-10-2016,34.7,37.04
19-10-2016,35.58,38.87
20-10-2016,36.87,40.89
21-10-2016,35.24,39.07
22-10-2016,34.2,36.56
23-10-2016,34.23,36.62
24-10-2016,38.17,41.16
25-10-2016,40.99,51.57
26-10-2016,40.05,44.63
27-10-2016,37.04,38.92
28-10-2016,33.65,34.56
29-10-2016,32.66,32.47
30-10-2016,35.77,36.2
31-10-2016,41.01,43.78
01-11-2016,36.29,38.52
02-11-2016,37.36,38.54
03-11-2016,41.72,44.28
04-11-2016,40.07,41.88
05-11-2016,38.47,39.22
06-11-2016,36.93,39.76
07-11-2016,42.59,46.57
08-11-2016,47.8,54.63
09-11-2016,46.65,50.33
10-11-2016,47.03,54.83
11-11-2016,45.85,55.42
12-11-2016,39.94,43.03
13-11-2016,38.83,42.23
14-11-2016,39.87,43.33
15-11-2016,38.89,41.58
16-11-2016,39.29,42.75
17-11-2016,37.3,41.67
18-11-2016,36.05,40.4
19-11-2016,34.97,39.23
20-11-2016,34.31,38.86
21-11-2016,37.44,41.1
22-11-2016,38.2,42.34
23-11-2016,38.36,41.39
24-11-2016,38.0,40.53
25-11-2016,36.96,38.42
26-11-2016,32.53,32.56
27-11-2016,32.52,34.04
28-11-2016,39.08,40.55
29-11-2016,36.95,39.41
30-11-2016,34.52,36.47
01-12-2016,34.08,37.15
02-12-2016,35.65,38.21
03-12-2016,35.9,38.21
04-12-2016,34.31,35.12
05-12-2016,34.91,36.69
06-12-2016,41.9,42.71
07-12-2016,33.46,35.76
08-12-2016,30.85,30.91
09-12-2016,30.45,31.24
10-12-2016,30.09,31.48
11-12-2016,30.23,31.79
12-12-2016,36.55,37.55
13-12-2016,33.92,33.43
14-12-2016,36.68,35.58
15-12-2016,35.54,37.27
16-12-2016,36.55,39.93
17-12-2016,32.48,33.21
18-12-2016,31.65,31.79
19-12-2016,32.99,31.61
20-12-2016,31.98,31.67
21-12-2016,29.81,29.9
22-12-2016,29.28,29.16
23-12-2016,27.87,27.61
24-12-2016,25.59,24.77
25-12-2016,24.94,24.57
26-12-2016,24.54,22.69
27-12-2016,26.66,27.25
28-12-2016,30.63,29.82
29-12-2016,30.28,30.16
30-12-2016,29.1,28.78
31-12-2016,26.76,25.57
01-01-2017,28.14,27.54
02-01-2017,32.53,31.18
03-01-2017,31.59,32.19
04-01-2017,30.67,31.61
05-01-2017,39.11,32.89
06-01-2017,32.14,31.15
07-01-2017,30.3,30.14
08-01-2017,30.69,30.79
09-01-2017,30.9,30.53
10-01-2017,29.64,29.57
11-01-2017,27.72,27.33
12-01-2017,28.13,27.99
13-01-2017,32.78,30.55
14-01-2017,30.24,30.22
15-01-2017,30.47,29.89
16-01-2017,42.69,41.73
17-01-2017,32.76,30.69
18-01-2017,29.6,29.19
19-01-2017,28.73,28.23
20-01-2017,28.59,28.11
21-01-2017,28.43,27.92
22-01-2017,28.76,28.31
23-01-2017,29.37,29.06
24-01-2017,31.47,29.55
25-01-2017,29.56,29.19
26-01-2017,29.7,29.25
27-01-2017,30.35,30.37
28-01-2017,29.18,29.28
29-01-2017,28.44,28.7
30-01-2017,30.57,30.53
31-01-2017,31.99,31.66
01-02-2017,31.33,31.65
02-02-2017,31.43,31.84
03-02-2017,32.45,33.4
04-02-2017,31.61,31.83
05-02-2017,31.45,31.71
06-02-2017,33.37,33.46
07-02-2017,35.41,35.77
08-02-2017,39.05,45.68
09-02-2017,43.95,46.58
10-02-2017,36.94,38.81
11-02-2017,32.14,32.27
12-02-2017,31.37,31.63
13-02-2017,32.87,32.45
14-02-2017,33.36,34.18
15-02-2017,35.77,42.61
16-02-2017,31.5,31.55
17-02-2017,31.26,31.13
18-02-2017,30.22,30.16
19-02-2017,28.95,27.11
20-02-2017,29.78,28.68
21-02-2017,30.1,29.35
22-02-2017,29.18,28.49
23-02-2017,29.82,29.17
24-02-2017,30.68,30.23
25-02-2017,30.2,29.97
26-02-2017,29.13,28.64
27-02-2017,30.59,29.94
28-02-2017,29.87,29.37
01-03-2017,30.84,30.78
02-03-2017,30.8,30.94
03-03-2017,31.49,31.06
04-03-2017,30.34,30.17
05-03-2017,29.81,28.49
06-03-2017,32.99,33.02
07-03-2017,39.29,41.64
08-03-2017,33.11,33.88
09-03-2017,32.07,32.23
10-03-2017,31.37,31.85
11-03-2017,30.65,31.07
12-03-2017,28.75,29.28
13-03-2017,31.42,31.99
14-03-2017,29.5,30.07
15-03-2017,28.53,29.47
16-03-2017,29.95,30.24
17-03-2017,28.17,29.09
18-03-2017,28.21,29.34
19-03-2017,28.64,29.56
20-03-2017,30.42,31.63
21-03-2017,28.76,29.87
22-03-2017,29.78,29.93
23-03-2017,30.77,31.34
24-03-2017,30.61,31.92
25-03-2017,28.03,28.09
26-03-2017,27.45,27.86
27-03-2017,29.47,29.95
28-03-2017,31.17,33.12
29-03-2017,30.63,34.39
30-03-2017,30.15,33.12
31-03-2017,29.19,30.74
01-04-2017,27.16,27.36
02-04-2017,27.24,27.44
03-04-2017,30.73,34.0
04-04-2017,28.36,28.39
05-04-2017,27.24,26.9
06-04-2017,27.85,28.0
07-04-2017,27.92,29.09
08-04-2017,27.93,28.28
09-04-2017,26.12,25.57
10-04-2017,25.92,25.54
11-04-2017,25.6,25.66
12-04-2017,27.18,27.16
13-04-2017,27.23,27.02
14-04-2017,27.87,28.1
15-04-2017,27.8,28.09
16-04-2017,28.47,28.84
17-04-2017,28.44,28.68
18-04-2017,32.55,33.14
19-04-2017,33.49,33.87
20-04-2017,29.49,29.8
21-04-2017,26.99,28.35
22-04-2017,25.81,28.23
23-04-2017,27.4,28.64
24-04-2017,30.68,31.68
25-04-2017,34.45,35.29
26-04-2017,37.24,38.8
27-04-2017,35.82,36.51
28-04-2017,35.26,34.71
29-04-2017,30.41,31.01
30-04-2017,28.34,29.08
01-05-2017,27.19,28.83
02-05-2017,30.55,31.08
03-05-2017,30.52,31.01
04-05-2017,29.59,29.73
05-05-2017,30.17,30.39
06-05-2017,30.09,29.92
07-05-2017,28.31,28.37
08-05-2017,30.09,30.24
09-05-2017,34.75,35.14
10-05-2017,36.33,36.84
11-05-2017,33.7,34.28
12-05-2017,31.16,31.83
13-05-2017,30.0,30.22
14-05-2017,28.45,28.77
15-05-2017,31.86,31.82
16-05-2017,30.16,31.38
17-05-2017,27.85,27.66
18-05-2017,27.54,28.0
19-05-2017,28.0,31.52
20-05-2017,23.82,24.02
21-05-2017,18.94,18.78
22-05-2017,27.88,31.35
23-05-2017,26.89,29.01
24-05-2017,26.12,26.86
25-05-2017,24.91,24.86
26-05-2017,26.46,28.78
27-05-2017,25.22,25.58
28-05-2017,21.01,21.07
29-05-2017,28.27,34.37
30-05-2017,29.76,36.95
31-05-2017,26.73,27.27
01-06-2017,27.6,30.97
02-06-2017,28.73,34.96
03-06-2017,26.42,27.37
04-06-2017,24.63,24.8
05-06-2017,25.45,25.38
06-06-2017,22.56,21.46
07-06-2017,19.57,18.11
08-06-2017,24.15,23.77
09-06-2017,26.99,29.9
10-06-2017,24.8,26.03
11-06-2017,21.2,21.53
12-06-2017,23.08,23.39
13-06-2017,22.87,24.64
14-06-2017,27.29,32.17
15-06-2017,26.48,27.63
16-06-2017,24.02,23.04
17-06-2017,21.84,21.8
18-06-2017,23.73,23.62
19-06-2017,26.06,24.62
20-06-2017,25.49,24.36
21-06-2017,26.65,24.35
22-06-2017,27.56,27.45
23-06-2017,25.21,24.02
24-06-2017,22.48,22.51
25-06-2017,19.98,20.03
26-06-2017,23.46,22.42
27-06-2017,25.44,23.66
28-06-2017,25.35,23.56
29-06-2017,24.89,22.9
30-06-2017,24.34,22.86
01-07-2017,24.15,22.85
02-07-2017,22.97,22.72
03-07-2017,24.8,23.13
04-07-2017,26.09,23.26
05-07-2017,27.3,23.81
06-07-2017,28.12,25.07
07-07-2017,28.14,25.25
08-07-2017,27.16,24.42
09-07-2017,27.0,23.76
10-07-2017,27.93,23.28
11-07-2017,27.66,23.71
12-07-2017,27.57,24.64
13-07-2017,26.56,24.49
14-07-2017,27.36,26.61
15-07-2017,26.77,25.45
16-07-2017,25.32,25.32
17-07-2017,25.57,25.6
18-07-2017,25.76,24.31
19-07-2017,26.08,24.6
20-07-2017,26.72,26.23
21-07-2017,27.39,26.33
22-07-2017,26.93,26.32
23-07-2017,25.61,25.64
24-07-2017,27.45,26.66
25-07-2017,27.3,26.77
26-07-2017,26.56,26.44
27-07-2017,27.3,27.21
28-07-2017,27.24,27.42
29-07-2017,22.27,22.91
30-07-2017,23.66,24.44
31-07-2017,26.66,26.89
01-08-2017,27.03,27.26
02-08-2017,27.3,27.15
03-08-2017,26.23,26.41
04-08-2017,24.52,24.67
05-08-2017,23.61,24.4
06-08-2017,20.45,21.18
07-08-2017,26.72,26.58
08-08-2017,26.68,26.57
09-08-2017,25.8,25.42
10-08-2017,26.56,25.87
11-08-2017,26.8,26.06
12-08-2017,23.38,23.8
13-08-2017,21.85,22.13
14-08-2017,27.29,26.23
15-08-2017,27.11,26.76
16-08-2017,27.5,26.62
17-08-2017,27.16,26.15
18-08-2017,27.02,26.51
19-08-2017,25.07,26.6
20-08-2017,23.92,24.74
21-08-2017,27.39,27.14
22-08-2017,29.39,27.6
23-08-2017,31.63,28.81
24-08-2017,30.81,28.79
25-08-2017,30.17,30.89
26-08-2017,29.53,33.07
27-08-2017,29.85,33.59
28-08-2017,34.97,35.34
29-08-2017,32.41,33.1
30-08-2017,33.17,33.33
31-08-2017,33.63,35.48
01-09-2017,33.71,34.26
02-09-2017,31.99,33.16
03-09-2017,31.37,33.05
04-09-2017,34.43,34.74
05-09-2017,34.69,34.79
06-09-2017,33.5,33.1
07-09-2017,32.94,33.47
08-09-2017,31.19,32.54
09-09-2017,29.93,31.55
10-09-2017,28.6,30.5
11-09-2017,28.7,31.18
12-09-2017,29.5,31.31
13-09-2017,29.83,32.78
14-09-2017,30.46,33.09
15-09-2017,31.23,33.75
16-09-2017,31.34,34.32
17-09-2017,31.31,33.66
18-09-2017,33.82,34.39
19-09-2017,33.2,34.12
20-09-2017,33.56,33.23
21-09-2017,33.45,33.04
22-09-2017,32.09,33.34
23-09-2017,30.81,32.45
24-09-2017,30.64,32.6
25-09-2017,31.26,33.3
26-09-2017,31.77,34.59
27-09-2017,32.25,35.57
28-09-2017,31.3,32.6
29-09-2017,30.64,31.69
30-09-2017,28.1,29.25
01-10-2017,27.03,27.7
02-10-2017,25.93,26.89
03-10-2017,25.86,26.09
04-10-2017,24.4,25.15
05-10-2017,28.31,29.84
06-10-2017,30.14,29.83
07-10-2017,27.78,28.86
08-10-2017,28.7,28.84
09-10-2017,34.41,32.14
10-10-2017,31.83,32.14
11-10-2017,31.92,32.42
12-10-2017,28.69,28.92
13-10-2017,30.42,30.65
14-10-2017,26.89,26.83
15-10-2017,26.48,26.38
16-10-2017,27.33,27.04
17-10-2017,27.67,27.77
18-10-2017,29.75,28.48
19-10-2017,31.67,30.09
20-10-2017,30.72,30.37
21-10-2017,28.9,29.0
22-10-2017,28.87,28.92
23-10-2017,32.21,31.35
24-10-2017,30.83,30.25
25-10-2017,28.55,28.48
26-10-2017,29.57,29.17
27-10-2017,28.42,27.92
28-10-2017,23.89,25.21
29-10-2017,22.0,23.38
30-10-2017,27.59,27.8
31-10-2017,31.7,30.43
01-11-2017,28.9,28.69
02-11-2017,27.85,26.86
03-11-2017,29.47,28.75
04-11-2017,27.72,27.65
05-11-2017,27.33,27.3
06-11-2017,29.93,29.52
07-11-2017,30.9,30.5
08-11-2017,32.03,30.57
09-11-2017,29.38,29.29
10-11-2017,29.31,29.17
11-11-2017,28.7,28.76
12-11-2017,29.99,29.78
13-11-2017,34.46,31.92
14-11-2017,32.27,31.84
15-11-2017,31.63,31.12
16-11-2017,31.13,30.74
17-11-2017,29.29,29.23
18-11-2017,28.15,28.17
19-11-2017,28.53,28.61
20-11-2017,39.22,39.64
21-11-2017,44.49,48.56
22-11-2017,31.38,31.16
23-11-2017,28.6,28.77
24-11-2017,31.64,31.2
25-11-2017,30.57,30.44
26-11-2017,28.63,28.66
27-11-2017,32.9,32.53
28-11-2017,37.25,37.0
29-11-2017,51.88,48.1
30-11-2017,44.68,44.16
01-12-2017,40.67,39.44
02-12-2017,30.47,30.52
03-12-2017,29.15,29.14
04-12-2017,34.88,33.28
05-12-2017,31.1,30.58
06-12-2017,31.31,31.07
07-12-2017,28.71,28.4
08-12-2017,27.95,27.94
09-12-2017,27.17,27.28
10-12-2017,28.34,28.37
11-12-2017,40.57,40.8
12-12-2017,33.27,32.14
13-12-2017,29.55,29.38
14-12-2017,30.71,30.43
15-12-2017,37.71,36.81
16-12-2017,31.12,30.96
17-12-2017,30.55,30.3
18-12-2017,37.69,31.61
19-12-2017,42.02,31.63
20-12-2017,32.69,31.41
21-12-2017,29.52,29.31
22-12-2017,29.21,28.96
23-12-2017,23.5,23.86
24-12-2017,24.55,25.15
25-12-2017,25.63,26.05
26-12-2017,25.72,25.77
27-12-2017,30.28,30.24
28-12-2017,32.17,31.45
29-12-2017,28.69,28.64
30-12-2017,26.93,26.99
31-12-2017,26.66,26.71
01-01-2018,25.77,26.06
02-01-2018,31.95,31.78
03-01-2018,28.58,28.8
04-01-2018,32.28,31.96
05-01-2018,31.96,31.12
06-01-2018,31.55,31.08
07-01-2018,28.49,28.37
08-01-2018,31.94,30.32
09-01-2018,30.61,30.16
10-01-2018,40.06,39.9
11-01-2018,42.31,42.75
12-01-2018,35.96,35.78
13-01-2018,31.02,31.12
14-01-2018,29.76,29.76
15-01-2018,29.2,29.22
16-01-2018,31.07,31.26
17-01-2018,34.14,33.67
18-01-2018,37.17,35.74
19-01-2018,42.44,39.72
20-01-2018,32.7,31.75
21-01-2018,33.09,32.21
22-01-2018,42.58,40.08
23-01-2018,41.21,36.23
24-01-2018,28.83,28.96
25-01-2018,29.67,29.76
26-01-2018,34.12,32.4
27-01-2018,31.1,31.24
28-01-2018,27.87,28.14
29-01-2018,30.08,29.71
30-01-2018,32.64,32.23
31-01-2018,30.74,29.82
01-02-2018,31.19,30.84
02-02-2018,35.74,34.31
03-02-2018,34.09,34.33
04-02-2018,33.43,33.57
05-02-2018,48.25,45.07
06-02-2018,46.03,47.5
07-02-2018,44.58,45.41
08-02-2018,38.89,37.55
09-02-2018,32.66,32.26
10-02-2018,32.22,32.22
11-02-2018,29.5,29.71
12-02-2018,32.06,31.44
13-02-2018,36.61,37.25
14-02-2018,35.64,34.47
15-02-2018,32.95,32.65
16-02-2018,36.6,36.1
17-02-2018,38.17,38.2
18-02-2018,36.17,36.17
19-02-2018,48.07,47.99
20-02-2018,49.42,48.65
21-02-2018,47.66,46.77
22-02-2018,48.08,48.3
23-02-2018,44.66,44.6
24-02-2018,38.02,38.46
25-02-2018,38.51,38.57
26-02-2018,46.64,45.25
27-02-2018,44.86,45.35
28-02-2018,47.6,48.42
01-03-2018,65.42,93.14
02-03-2018,53.58,57.51
03-03-2018,42.27,43.29
04-03-2018,40.5,41.02
05-03-2018,52.88,52.1
06-03-2018,48.62,48.57
07-03-2018,47.12,47.16
08-03-2018,40.16,40.18
09-03-2018,40.27,40.29
10-03-2018,37.31,37.35
11-03-2018,36.28,36.38
12-03-2018,42.38,42.44
13-03-2018,41.81,42.65
14-03-2018,47.55,47.72
15-03-2018,40.59,45.68
16-03-2018,40.41,41.53
17-03-2018,37.69,38.01
18-03-2018,37.15,37.44
19-03-2018,42.45,42.55
20-03-2018,43.34,43.67
21-03-2018,42.4,42.23
22-03-2018,41.45,41.45
23-03-2018,46.67,47.25
24-03-2018,40.25,40.22
25-03-2018,39.81,39.71
26-03-2018,47.71,47.77
27-03-2018,45.89,46.13
28-03-2018,42.89,46.27
29-03-2018,40.66,40.87
30-03-2018,40.68,40.91
31-03-2018,39.9,39.99
01-04-2018,39.24,39.25
02-04-2018,39.67,39.44
03-04-2018,43.16,43.88
04-04-2018,42.69,43.15
05-04-2018,41.94,42.9
06-04-2018,40.34,40.86
07-04-2018,38.85,39.43
08-04-2018,39.48,39.52
09-04-2018,43.14,43.2
10-04-2018,40.07,40.75
11-04-2018,40.11,41.01
12-04-2018,40.07,40.7
13-04-2018,39.58,40.01
14-04-2018,38.9,39.08
15-04-2018,39.79,39.84
16-04-2018,46.56,47.64
17-04-2018,43.11,44.16
18-04-2018,42.0,41.7
19-04-2018,39.84,39.7
20-04-2018,36.9,36.55
21-04-2018,32.49,31.53
22-04-2018,35.33,34.97
23-04-2018,36.03,34.9
24-04-2018,34.92,34.81
25-04-2018,37.31,36.85
26-04-2018,36.92,36.58
27-04-2018,37.85,37.02
28-04-2018,35.85,35.7
29-04-2018,35.07,35.03
30-04-2018,32.77,34.2
01-05-2018,28.34,35.17
02-05-2018,36.96,37.7
03-05-2018,37.36,36.93
04-05-2018,37.26,37.06
05-05-2018,32.39,32.22
06-05-2018,24.9,28.3
07-05-2018,30.21,30.96
08-05-2018,29.36,29.87
09-05-2018,20.88,23.58
10-05-2018,16.51,16.27
11-05-2018,27.86,28.17
12-05-2018,30.62,30.53
13-05-2018,18.93,18.94
14-05-2018,33.58,32.65
15-05-2018,36.41,35.74
16-05-2018,36.62,35.68
17-05-2018,29.97,31.85
18-05-2018,34.57,36.95
19-05-2018,35.12,34.99
20-05-2018,25.51,25.51
21-05-2018,28.89,29.23
22-05-2018,39.19,38.06
23-05-2018,40.27,39.64
24-05-2018,40.33,40.17
25-05-2018,40.26,40.02
26-05-2018,38.95,38.95
27-05-2018,37.8,37.81
28-05-2018,41.24,41.37
29-05-2018,41.55,42.13
30-05-2018,42.3,43.04
31-05-2018,42.98,43.62
01-06-2018,44.16,45.04
02-06-2018,42.21,43.05
03-06-2018,42.34,42.34
04-06-2018,42.71,43.76
05-06-2018,45.38,45.24
06-06-2018,46.97,46.47
07-06-2018,47.72,47.48
08-06-2018,48.74,48.26
09-06-2018,46.14,46.24
10-06-2018,45.94,46.07
11-06-2018,46.58,46.73
12-06-2018,46.8,46.73
13-06-2018,48.15,47.34
14-06-2018,46.5,46.48
15-06-2018,44.75,44.6
16-06-2018,44.04,44.33
17-06-2018,43.19,43.54
18-06-2018,44.05,43.88
19-06-2018,42.39,44.06
20-06-2018,42.94,43.7
21-06-2018,42.6,43.9
22-06-2018,40.41,43.82
23-06-2018,40.12,42.11
24-06-2018,42.41,42.96
25-06-2018,45.35,45.2
26-06-2018,46.47,46.63
27-06-2018,46.92,46.7
28-06-2018,46.5,46.57
29-06-2018,45.64,46.57
30-06-2018,45.93,46.16
01-07-2018,45.49,45.83
02-07-2018,49.54,50.21
03-07-2018,50.53,51.33
04-07-2018,50.98,53.38
05-07-2018,51.62,54.96
06-07-2018,49.52,50.87
07-07-2018,47.79,47.88
08-07-2018,49.08,49.19
09-07-2018,50.47,51.37
10-07-2018,51.51,53.58
11-07-2018,51.96,53.36
12-07-2018,52.49,53.66
13-07-2018,52.99,53.25
14-07-2018,51.66,51.71
15-07-2018,51.41,51.35
16-07-2018,53.19,53.44
17-07-2018,52.51,52.43
18-07-2018,51.82,51.82
19-07-2018,52.05,52.08
20-07-2018,53.48,53.36
21-07-2018,52.73,52.78
22-07-2018,52.58,52.62
23-07-2018,54.45,54.65
24-07-2018,54.51,54.82
25-07-2018,54.52,54.68
26-07-2018,53.7,53.53
27-07-2018,53.24,53.18
28-07-2018,50.46,50.22
29-07-2018,50.17,50.21
30-07-2018,53.03,53.37
31-07-2018,53.32,53.54
01-08-2018,53.88,54.19
02-08-2018,53.29,54.56
03-08-2018,53.52,53.34
04-08-2018,51.58,51.67
05-08-2018,49.53,49.56
06-08-2018,52.25,52.06
07-08-2018,53.52,56.66
08-08-2018,51.14,52.03
09-08-2018,50.53,51.41
10-08-2018,48.22,48.73
11-08-2018,47.18,47.14
12-08-2018,45.5,45.55
13-08-2018,50.81,49.8
14-08-2018,52.11,52.54
15-08-2018,51.13,53.18
16-08-2018,50.61,50.94
17-08-2018,49.84,50.04
18-08-2018,47.52,47.58
19-08-2018,45.77,45.62
20-08-2018,49.79,48.8
21-08-2018,51.9,49.46
22-08-2018,51.08,49.14
23-08-2018,52.59,49.94
24-08-2018,50.99,50.76
25-08-2018,50.84,50.64
26-08-2018,50.83,50.64
27-08-2018,51.65,51.58
28-08-2018,59.54,55.94
29-08-2018,59.25,56.0
30-08-2018,57.42,54.73
31-08-2018,59.72,60.16
01-09-2018,57.74,59.12
02-09-2018,56.26,56.66
03-09-2018,59.28,62.26
04-09-2018,60.86,64.09
05-09-2018,61.34,64.08
06-09-2018,60.79,63.64
07-09-2018,58.24,58.79
08-09-2018,54.41,54.55
09-09-2018,53.81,54.01
10-09-2018,55.7,55.73
11-09-2018,54.0,56.11
12-09-2018,53.07,53.17
13-09-2018,55.23,54.91
14-09-2018,54.8,54.74
15-09-2018,49.1,49.12
16-09-2018,48.74,50.31
17-09-2018,52.19,51.0
18-09-2018,49.97,50.76
19-09-2018,47.37,48.25
20-09-2018,43.86,43.61
21-09-2018,36.94,38.01
22-09-2018,20.93,21.96
23-09-2018,34.65,36.97
24-09-2018,37.19,39.4
25-09-2018,43.6,44.82
26-09-2018,29.7,29.82
27-09-2018,35.21,35.32
28-09-2018,40.86,39.64
29-09-2018,39.07,38.27
30-09-2018,34.41,33.82
01-10-2018,47.16,46.09
02-10-2018,46.92,46.52
03-10-2018,45.59,45.68
04-10-2018,49.34,48.09
05-10-2018,47.25,47.11
06-10-2018,46.72,46.81
07-10-2018,47.58,47.62
08-10-2018,46.65,47.12
09-10-2018,44.79,45.91
10-10-2018,46.76,47.13
11-10-2018,43.69,44.57
12-10-2018,44.35,44.77
13-10-2018,34.56,34.0
14-10-2018,20.07,18.09
15-10-2018,37.27,38.54
16-10-2018,44.26,44.91
17-10-2018,43.52,44.14
18-10-2018,43.25,42.87
19-10-2018,43.33,42.84
20-10-2018,42.12,42.71
21-10-2018,40.59,40.57
22-10-2018,38.05,37.81
23-10-2018,36.04,35.63
24-10-2018,41.65,41.45
25-10-2018,44.46,44.05
26-10-2018,49.04,46.91
27-10-2018,44.15,44.17
28-10-2018,44.06,44.14
29-10-2018,44.93,44.65
30-10-2018,42.78,43.25
31-10-2018,43.16,42.78
01-11-2018,44.67,44.93
02-11-2018,44.5,44.56
03-11-2018,43.82,43.71
04-11-2018,43.6,43.55
05-11-2018,45.83,45.11
06-11-2018,48.19,47.16
07-11-2018,48.07,47.14
08-11-2018,48.68,46.66
09-11-2018,47.92,46.78
10-11-2018,42.63,42.65
11-11-2018,40.36,40.45
12-11-2018,45.38,45.02
13-11-2018,47.85,47.7
14-11-2018,50.39,48.75
15-11-2018,47.76,47.11
16-11-2018,47.18,46.75
17-11-2018,46.02,45.89
18-11-2018,46.99,47.09
19-11-2018,48.52,49.16
20-11-2018,47.72,48.3
21-11-2018,50.19,51.17
22-11-2018,59.36,51.77
23-11-2018,52.63,51.41
24-11-2018,49.14,49.27
25-11-2018,49.39,49.38
26-11-2018,57.17,50.36
27-11-2018,64.29,56.63
28-11-2018,50.47,49.57
29-11-2018,46.48,46.69
30-11-2018,45.99,46.1
01-12-2018,45.92,46.01
02-12-2018,44.96,45.23
03-12-2018,47.48,47.46
04-12-2018,46.41,46.68
05-12-2018,51.38,50.42
06-12-2018,52.56,52.32
07-12-2018,48.65,48.43
08-12-2018,44.92,45.79
09-12-2018,44.4,45.56
10-12-2018,47.62,47.95
11-12-2018,51.74,50.43
12-12-2018,61.59,57.11
13-12-2018,57.89,57.7
14-12-2018,59.29,59.38
15-12-2018,52.14,52.05
16-12-2018,49.92,49.95
17-12-2018,65.15,62.15
18-12-2018,60.0,59.48
19-12-2018,53.31,53.14
20-12-2018,53.69,52.6
21-12-2018,52.37,52.1
22-12-2018,51.4,51.51
23-12-2018,53.32,53.32
24-12-2018,51.01,50.9
25-12-2018,47.27,46.08
26-12-2018,49.33,49.09
27-12-2018,51.64,51.27
28-12-2018,53.0,52.03
29-12-2018,50.19,49.86
30-12-2018,50.95,50.88
31-12-2018,48.88,48.44
01-01-2019,41.45,46.78
02-01-2019,47.53,50.62
03-01-2019,53.91,51.9
04-01-2019,51.1,50.85
05-01-2019,50.68,50.72
06-01-2019,51.08,51.02
07-01-2019,51.83,51.19
08-01-2019,49.5,49.5
09-01-2019,50.31,50.07
10-01-2019,53.8,49.95
11-01-2019,49.31,48.43
12-01-2019,49.11,48.81
13-01-2019,48.48,48.5
14-01-2019,48.48,49.19
15-01-2019,51.85,51.96
16-01-2019,52.39,52.5
17-01-2019,52.72,52.52
18-01-2019,57.35,53.89
19-01-2019,54.53,55.04
20-01-2019,54.38,54.33
21-01-2019,63.09,57.41
22-01-2019,60.05,56.31
23-01-2019,62.5,55.29
24-01-2019,68.65,55.63
25-01-2019,60.66,54.86
26-01-2019,53.86,54.03
27-01-2019,52.02,52.17
28-01-2019,55.97,54.68
29-01-2019,58.52,55.21
30-01-2019,55.77,55.39
31-01-2019,56.26,56.92
01-02-2019,54.43,54.1
02-02-2019,51.15,51.05
03-02-2019,50.32,50.18
04-02-2019,52.79,53.63
05-02-2019,52.58,52.38
06-02-2019,52.88,52.0
07-02-2019,49.84,49.72
08-02-2019,49.14,48.67
09-02-2019,46.87,47.05
10-02-2019,46.57,45.95
11-02-2019,47.3,46.97
12-02-2019,48.07,46.51
13-02-2019,46.07,45.27
14-02-2019,44.73,43.8
15-02-2019,43.82,43.49
16-02-2019,41.23,39.84
17-02-2019,42.49,41.9
18-02-2019,44.08,43.71
19-02-2019,42.69,42.79
20-02-2019,43.6,43.61
21-02-2019,44.07,43.76
22-02-2019,43.38,42.51
23-02-2019,40.24,39.59
24-02-2019,39.81,38.26
25-02-2019,41.43,40.35
26-02-2019,42.05,41.22
27-02-2019,41.18,40.3
28-02-2019,41.29,40.11
01-03-2019,44.81,43.61
02-03-2019,42.09,41.1
03-03-2019,40.22,40.13
04-03-2019,42.01,41.85
05-03-2019,43.73,43.86
06-03-2019,44.78,44.93
07-03-2019,43.82,44.4
08-03-2019,41.35,42.87
09-03-2019,40.51,43.35
10-03-2019,41.61,43.27
11-03-2019,45.46,45.67
12-03-2019,44.91,45.28
13-03-2019,42.18,42.56
14-03-2019,42.31,42.61
15-03-2019,42.74,42.79
16-03-2019,40.68,41.17
17-03-2019,36.38,39.51
18-03-2019,41.48,42.15
19-03-2019,45.88,45.79
20-03-2019,41.63,41.21
21-03-2019,39.69,39.42
22-03-2019,40.33,39.86
23-03-2019,36.16,36.52
24-03-2019,36.35,37.07
25-03-2019,39.35,39.71
26-03-2019,40.24,40.85
27-03-2019,40.07,39.65
28-03-2019,38.87,36.71
29-03-2019,36.2,35.39
30-03-2019,35.44,35.48
31-03-2019,35.05,35.87
01-04-2019,39.42,38.6
02-04-2019,37.37,38.16
03-04-2019,40.44,40.61
04-04-2019,39.67,39.8
05-04-2019,40.01,39.5
06-04-2019,39.27,38.87
07-04-2019,39.72,39.53
08-04-2019,41.33,41.14
09-04-2019,42.52,42.78
10-04-2019,44.09,44.43
11-04-2019,47.29,47.94
12-04-2019,47.01,46.63
13-04-2019,43.95,44.01
14-04-2019,42.69,43.1
15-04-2019,45.4,45.75
16-04-2019,45.05,45.03
17-04-2019,44.03,43.88
18-04-2019,43.61,43.56
19-04-2019,42.09,42.3
20-04-2019,41.75,41.73
21-04-2019,40.25,40.51
22-04-2019,38.4,40.08
23-04-2019,38.07,41.06
24-04-2019,36.94,40.21
25-04-2019,40.26,40.51
26-04-2019,41.25,41.16
27-04-2019,33.48,34.33
28-04-2019,29.26,34.52
29-04-2019,40.2,40.13
30-04-2019,39.73,39.73
01-05-2019,28.89,36.16
02-05-2019,31.11,38.04
03-05-2019,39.25,39.35
04-05-2019,40.53,40.59
05-05-2019,40.38,40.67
06-05-2019,43.4,43.22
07-05-2019,43.98,44.06
08-05-2019,42.67,42.44
09-05-2019,43.04,42.03
10-05-2019,42.89,42.54
11-05-2019,40.59,39.51
12-05-2019,33.21,37.73
13-05-2019,41.89,40.98
14-05-2019,42.9,42.44
15-05-2019,42.45,42.82
16-05-2019,40.1,40.24
17-05-2019,39.21,37.45
18-05-2019,36.44,33.54
19-05-2019,37.04,37.02
20-05-2019,41.52,39.8
21-05-2019,39.98,38.94
22-05-2019,38.67,37.81
23-05-2019,38.51,37.59
24-05-2019,38.38,37.93
25-05-2019,35.42,35.42
26-05-2019,29.92,30.66
27-05-2019,35.45,36.86
28-05-2019,37.64,37.89
29-05-2019,37.03,37.43
30-05-2019,25.85,34.19
31-05-2019,31.9,33.25
01-06-2019,31.49,32.27
02-06-2019,27.55,31.33
03-06-2019,33.77,32.05
04-06-2019,32.62,30.24
05-06-2019,31.35,29.26
06-06-2019,24.06,21.79
07-06-2019,28.23,23.98
08-06-2019,9.79,9.19
09-06-2019,15.01,9.91
10-06-2019,23.93,21.0
11-06-2019,30.14,23.68
12-06-2019,29.84,26.22
13-06-2019,29.18,27.5
14-06-2019,31.34,30.38
15-06-2019,26.29,24.36
16-06-2019,26.22,24.0
17-06-2019,30.58,27.45
18-06-2019,30.92,27.74
19-06-2019,32.28,30.2
20-06-2019,30.11,28.67
21-06-2019,29.89,26.65
22-06-2019,27.25,22.84
23-06-2019,24.68,23.44
24-06-2019,31.36,31.07
25-06-2019,32.01,31.19
26-06-2019,31.48,30.22
27-06-2019,28.69,28.58
28-06-2019,30.69,28.7
29-06-2019,26.84,23.83
30-06-2019,21.28,21.88
01-07-2019,27.25,26.54
02-07-2019,27.6,26.09
03-07-2019,29.0,26.59
04-07-2019,29.28,28.28
05-07-2019,29.45,28.49
06-07-2019,28.59,28.48
07-07-2019,27.67,27.63
08-07-2019,30.63,29.31
09-07-2019,32.28,30.95
10-07-2019,33.35,33.13
11-07-2019,35.34,34.36
12-07-2019,36.85,35.57
13-07-2019,36.57,36.29
14-07-2019,36.23,36.14
15-07-2019,38.3,37.92
16-07-2019,37.73,36.64
17-07-2019,38.74,35.76
18-07-2019,38.74,36.55
19-07-2019,38.61,38.04
20-07-2019,36.45,36.19
21-07-2019,35.38,35.1
22-07-2019,37.41,37.21
23-07-2019,38.02,37.74
24-07-2019,38.97,38.79
25-07-2019,39.8,39.49
26-07-2019,39.28,38.99
27-07-2019,37.19,36.97
28-07-2019,35.45,35.4
29-07-2019,39.66,39.42
30-07-2019,40.0,39.72
31-07-2019,39.91,39.87
01-08-2019,40.13,39.59
02-08-2019,40.51,39.97
03-08-2019,39.09,39.16
04-08-2019,39.17,39.18
05-08-2019,41.44,40.18
06-08-2019,40.4,39.89
07-08-2019,39.92,39.52
08-08-2019,38.31,38.06
09-08-2019,38.16,37.69
10-08-2019,33.56,34.12
11-08-2019,29.83,30.51
12-08-2019,36.61,36.83
13-08-2019,36.84,36.65
14-08-2019,35.32,35.03
15-08-2019,33.67,34.12
16-08-2019,34.34,34.48
17-08-2019,30.85,31.2
18-08-2019,33.37,33.7
19-08-2019,34.2,34.6
20-08-2019,35.38,35.91
21-08-2019,35.79,36.02
22-08-2019,35.13,35.87
23-08-2019,34.37,35.26
24-08-2019,33.42,34.64
25-08-2019,32.61,33.24
26-08-2019,37.4,37.95
27-08-2019,37.95,40.2
28-08-2019,37.98,43.43
29-08-2019,36.46,38.16
30-08-2019,34.89,35.99
31-08-2019,32.21,34.34
01-09-2019,31.13,32.08
02-09-2019,35.18,35.93
03-09-2019,35.69,37.49
04-09-2019,35.79,38.28
05-09-2019,32.59,34.26
06-09-2019,32.67,33.67
07-09-2019,33.3,34.67
08-09-2019,34.06,34.89
09-09-2019,36.48,37.3
10-09-2019,34.35,35.12
11-09-2019,32.32,33.64
12-09-2019,31.55,32.28
13-09-2019,31.74,32.13
14-09-2019,29.89,30.75
15-09-2019,21.99,23.55
16-09-2019,29.6,29.52
17-09-2019,33.84,35.0
18-09-2019,34.3,35.02
19-09-2019,35.37,35.23
20-09-2019,34.73,32.28
21-09-2019,31.5,31.42
22-09-2019,31.22,32.23
23-09-2019,33.78,32.94
24-09-2019,35.69,34.17
25-09-2019,35.18,34.11
26-09-2019,34.88,34.3
27-09-2019,33.84,32.7
28-09-2019,31.32,31.16
29-09-2019,30.9,30.99
30-09-2019,32.77,32.65
01-10-2019,33.9,33.9
02-10-2019,34.93,34.72
03-10-2019,36.03,35.73
04-10-2019,37.32,36.82
05-10-2019,36.13,35.97
06-10-2019,35.53,35.52
07-10-2019,44.1,38.7
08-10-2019,39.12,37.23
09-10-2019,39.08,36.68
10-10-2019,36.36,35.47
11-10-2019,34.14,34.09
12-10-2019,33.82,34.17
13-10-2019,34.78,35.15
14-10-2019,36.48,37.22
15-10-2019,36.86,37.8
16-10-2019,37.37,37.52
17-10-2019,37.51,37.4
18-10-2019,37.7,37.32
19-10-2019,35.37,35.34
20-10-2019,36.52,36.52
21-10-2019,39.31,40.88
22-10-2019,36.61,35.33
23-10-2019,37.82,37.84
24-10-2019,37.41,37.08
25-10-2019,35.44,34.44
26-10-2019,33.71,33.1
27-10-2019,36.2,35.59
28-10-2019,40.38,39.47
29-10-2019,40.32,39.66
30-10-2019,40.55,39.23
31-10-2019,39.48,38.75
01-11-2019,37.79,37.55
02-11-2019,36.36,35.96
03-11-2019,37.22,37.07
04-11-2019,40.74,40.17
05-11-2019,43.86,42.61
06-11-2019,52.42,52.65
07-11-2019,47.58,46.48
08-11-2019,49.41,46.8
09-11-2019,41.72,41.69
10-11-2019,42.12,41.73
11-11-2019,43.87,43.65
12-11-2019,41.84,41.08
13-11-2019,43.8,41.31
14-11-2019,44.93,42.8
15-11-2019,41.13,40.88
16-11-2019,39.95,39.3
17-11-2019,39.59,38.35
18-11-2019,42.28,41.49
19-11-2019,41.0,40.4
20-11-2019,45.06,43.17
21-11-2019,42.11,41.28
22-11-2019,40.12,39.63
23-11-2019,37.67,37.15
24-11-2019,38.53,37.87
25-11-2019,43.3,42.4
26-11-2019,45.54,44.54
27-11-2019,42.32,41.52
28-11-2019,40.86,40.41
29-11-2019,40.96,40.18
30-11-2019,40.33,38.58
01-12-2019,40.24,38.81
02-12-2019,42.65,40.72
03-12-2019,42.6,39.94
04-12-2019,40.19,37.81
05-12-2019,37.71,35.96
06-12-2019,36.26,35.44
07-12-2019,35.31,34.87
08-12-2019,34.01,34.52
09-12-2019,36.05,36.84
10-12-2019,40.98,39.39
11-12-2019,36.34,34.48
12-12-2019,38.46,37.06
13-12-2019,36.83,36.21
14-12-2019,35.03,33.9
15-12-2019,34.54,33.27
16-12-2019,39.93,38.9
17-12-2019,38.71,38.09
18-12-2019,38.63,37.85
19-12-2019,37.38,36.99
20-12-2019,36.47,35.98
21-12-2019,35.35,34.92
22-12-2019,36.22,35.65
23-12-2019,36.51,36.14
24-12-2019,36.05,35.65
25-12-2019,35.52,35.03
26-12-2019,36.39,36.0
27-12-2019,38.14,38.47
28-12-2019,34.48,33.91
29-12-2019,31.52,28.54
30-12-2019,30.95,25.37
31-12-2019,31.15,27.65
